"metabolites","sample","scaled_abundance","abundance","io","qc","corrected_abundance"
"12,13 DiHOME","QC_S_1",11.1925562955066,222160.122314226,1,TRUE,192583.803861489
"12,13 DiHOME","Sample_011820",3.29285546337804,79401.1684714739,3,FALSE,68721.6925043675
"12,13 DiHOME","Sample_011860",2.57117545545178,62955.2865395283,4,FALSE,54444.7758812164
"12,13 DiHOME","Sample_011865",8.73634974076358,188982.449270804,5,FALSE,163306.251199365
"12,13 DiHOME","Sample_011870",3.56991079407359,80536.8318494522,6,FALSE,69539.8059340757
"12,13 DiHOME","Sample_011830",4.28614584222492,94755.6161995877,7,FALSE,81752.6350579585
"12,13 DiHOME","Sample_011835",8.92287426385905,186984.867812261,8,FALSE,161198.648806496
"12,13 DiHOME","Sample_011840",4.15937583661489,88744.3065502965,9,FALSE,76445.8370692709
"12,13 DiHOME","Sample_011890",7.00554078510349,145493.718666184,10,FALSE,125232.271412245
"12,13 DiHOME","Sample_011895",5.54374038736425,114653.515287493,11,FALSE,98609.4030410216
"12,13 DiHOME","Sample_011900",4.89543870788568,99773.1340374088,12,FALSE,85744.0076011574
"12,13 DiHOME","QC_S_2",11.1925562955066,224269.451289579,13,TRUE,192583.803861489
"12,13 DiHOME","Sample_011821",6.51236774342438,126295.728479611,15,FALSE,112975.96761876
"12,13 DiHOME","Sample_011861",3.48485083869501,64482.9228573705,16,FALSE,58910.8933406397
"12,13 DiHOME","Sample_011866",4.88452090313053,87565.734573837,17,FALSE,81740.1935791138
"12,13 DiHOME","Sample_011871",8.29303664792083,145678.905506322,18,FALSE,139012.697281711
"12,13 DiHOME","Sample_011831",8.21484506740214,142044.19726419,19,FALSE,138628.540479164
"12,13 DiHOME","Sample_011836",6.47002397361819,108308.406117219,20,FALSE,108165.20864935
"12,13 DiHOME","Sample_011841",5.13699400514562,83185.9167774213,21,FALSE,85056.4058103616
"12,13 DiHOME","Sample_011891",11.1764864106332,184842.987793229,22,FALSE,193614.944701369
"12,13 DiHOME","Sample_011896",11.9218863240068,184732.165052814,23,FALSE,198342.685011112
"12,13 DiHOME","Sample_011901",11.8906373049411,184328.637124541,24,FALSE,202990.860085961
"12,13 DiHOME","QC_S_3",11.1925562955066,170388.268268553,25,TRUE,192583.803861489
"12,13 DiHOME","Sample_011822",6.10804359858655,97163.2143568242,27,FALSE,102335.869986102
"12,13 DiHOME","Sample_011862",6.32764603676265,102708.309556859,28,FALSE,104611.522780691
"12,13 DiHOME","Sample_011867",5.31682285128611,89516.4102145925,29,FALSE,88266.5933313548
"12,13 DiHOME","Sample_011872",3.69911357874918,64439.4569071309,30,FALSE,61575.4421975709
"12,13 DiHOME","Sample_011832",7.76882975357097,142672.66042382,31,FALSE,132243.292172062
"12,13 DiHOME","Sample_011837",4.125218833857,77705.6981505405,32,FALSE,69928.4183898871
"12,13 DiHOME","Sample_011842",4.98562130335033,97302.572830165,33,FALSE,85086.6451708653
"12,13 DiHOME","Sample_011892",3.97289983686817,80428.6456892128,34,FALSE,68396.1741679527
"12,13 DiHOME","Sample_011897",5.4444614670517,115063.488828108,35,FALSE,95229.4837449705
"12,13 DiHOME","Sample_011902",3.46121911872725,76000.4297946652,36,FALSE,61259.6142524231
"12,13 DiHOME","QC_S_4",11.1925562955066,245155.585792615,37,TRUE,192583.803861489
"12,13 DiHOME","Sample_011823",7.50329813664222,159393.818855462,39,FALSE,131938.259145229
"12,13 DiHOME","Sample_011863",4.05187956194328,83719.7629155904,40,FALSE,71211.4482986671
"12,13 DiHOME","Sample_011868",6.02927319102675,120936.986406738,41,FALSE,105787.50952289
"12,13 DiHOME","Sample_011873",9.03699034096649,173378.05496258,42,FALSE,156089.151452704
"12,13 DiHOME","Sample_011833",9.38747618237294,175930.203874478,43,FALSE,163152.228771862
"12,13 DiHOME","Sample_011838",5.31828203737039,96272.6008600476,44,FALSE,92049.7559455708
"12,13 DiHOME","Sample_011843",6.43447421402275,112241.004951454,45,FALSE,110753.364262364
"12,13 DiHOME","Sample_011893",7.62501280430846,129500.286602959,46,FALSE,132010.014850892
"12,13 DiHOME","Sample_011898",4.7067101234012,76268.2727127525,47,FALSE,80405.5664026894
"12,13 DiHOME","Sample_011903",7.20547403697681,113845.407907644,48,FALSE,124271.674411003
"12,13 DiHOME","QC_S_5",11.1925562955066,170178.095289376,49,TRUE,192583.803861489
"12,13 DiHOME","Sample_011824",7.06282277868284,101211.767828694,51,FALSE,120042.566707354
"12,13 DiHOME","Sample_011864",9.96082845332329,138240.609774044,52,FALSE,167998.156531316
"12,13 DiHOME","Sample_011869",5.87533810354104,79137.7740677327,53,FALSE,98600.8671092663
"12,13 DiHOME","Sample_011874",6.75740283569458,89620.9137157451,54,FALSE,114554.244860568
"12,13 DiHOME","Sample_011834",8.15678027374902,104636.774112432,55,FALSE,137303.781434017
"12,13 DiHOME","Sample_011839",5.40653383395363,66730.5637597396,56,FALSE,89955.2294442578
"12,13 DiHOME","Sample_011844",8.72200734399035,108347.722500498,57,FALSE,150158.187365162
"12,13 DiHOME","Sample_011894",8.05493203213098,93516.2168350151,58,FALSE,133347.960849413
"12,13 DiHOME","Sample_011899",7.88768477685967,88935.1297539508,59,FALSE,130588.735054511
"12,13 DiHOME","Sample_011904",5.94418556229827,64410.9565487449,60,FALSE,97478.684612336
"12,13 DiHOME","QC_S_6",11.1925562955066,123351.300214587,61,TRUE,192583.803861489
"13-HODE","QC_S_1",1.69800397540701,79348.8186635234,1,TRUE,68842.6335033668
"13-HODE","Sample_011820",0.815940560504324,46303.9184912144,3,FALSE,40124.3491552872
"13-HODE","Sample_011860",0.231507481536781,13337.9999863793,4,FALSE,11550.9533778672
"13-HODE","Sample_011865",1.2938115872713,65842.7548945966,5,FALSE,56986.5196061897
"13-HODE","Sample_011870",0.666473029368881,35365.977675309,6,FALSE,30590.5291411716
"13-HODE","Sample_011830",0.606050744483813,31508.9146250208,7,FALSE,27237.8048567156
"13-HODE","Sample_011835",2.55417359135513,125851.725607437,8,FALSE,108726.481461241
"13-HODE","Sample_011840",0.568975708511152,28538.6801879645,9,FALSE,24640.3970091419
"13-HODE","Sample_011890",1.59445794844343,77833.1002563173,10,FALSE,67160.8155792418
"13-HODE","Sample_011895",0.865367924745754,42058.6117536389,11,FALSE,36269.7480798505
"13-HODE","Sample_011900",0.895845138500498,42898.8514268612,12,FALSE,36972.0389309232
"13-HODE","QC_S_2",1.69800397540701,79926.620236933,13,TRUE,68842.6335033668
"13-HODE","Sample_011821",1.97401070578313,90059.2619639601,15,FALSE,80690.9737718608
"13-HODE","Sample_011861",0.308082896715028,13421.0105619482,16,FALSE,12271.7727242549
"13-HODE","Sample_011866",0.740719860914762,31287.0997323641,17,FALSE,29207.6071514882
"13-HODE","Sample_011871",2.28277352439053,94558.7935409931,18,FALSE,90163.7595512143
"13-HODE","Sample_011831",0.813192673696123,33185.3523058363,19,FALSE,32335.1612356132
"13-HODE","Sample_011836",0.635618438109941,25134.5713386157,20,FALSE,25038.3951438332
"13-HODE","Sample_011841",0.777024870067439,29751.0616462638,21,FALSE,30315.2523100584
"13-HODE","Sample_011891",1.57810623211378,61771.5244667207,22,FALSE,64416.647208427
"13-HODE","Sample_011896",3.25443315743707,119474.67374305,23,FALSE,127577.729080008
"13-HODE","Sample_011901",1.78364956986878,65579.9763756418,24,FALSE,71747.8984243574
"13-HODE","QC_S_3",1.69800397540701,61378.8168891778,25,TRUE,68842.6335033668
"13-HODE","Sample_011822",0.930241901430752,34120.6356254887,27,FALSE,36723.9980044999
"13-HODE","Sample_011862",0.67650031838572,24979.5388666359,28,FALSE,26353.2178336742
"13-HODE","Sample_011867",0.678788787898532,25666.7735056915,29,FALSE,26552.6049773052
"13-HODE","Sample_011872",0.447860525782909,17309.9095477968,30,FALSE,17566.3268174832
"13-HODE","Sample_011832",1.55140980127894,62485.4508961537,31,FALSE,62226.1424011756
"13-HODE","Sample_011837",0.462679163459758,18904.3391398127,32,FALSE,18480.5526834174
"13-HODE","Sample_011842",0.595782601780192,24957.3879104148,33,FALSE,23958.423059232
"13-HODE","Sample_011892",0.54004083846332,23231.2944958493,34,FALSE,21906.807709994
"13-HODE","Sample_011897",2.60671376052308,115944.426712408,35,FALSE,107433.109444243
"13-HODE","Sample_011902",0.451586812878424,20678.1916667564,36,FALSE,18832.7922140247
"13-HODE","QC_S_4",1.69800397540701,76880.211530211,37,TRUE,68842.6335033668
"13-HODE","Sample_011823",1.37422068135722,60484.1825982428,39,FALSE,56938.1466015242
"13-HODE","Sample_011863",0.492426482954325,21106.7234064447,40,FALSE,20392.1488144812
"13-HODE","Sample_011868",0.932882536689404,38868.7894422428,41,FALSE,38567.7846407051
"13-HODE","Sample_011873",1.56885042906277,62608.9221843754,42,FALSE,63849.6825104993
"13-HODE","Sample_011833",1.8604511846808,72633.0330519567,43,FALSE,76188.7313096838
"13-HODE","Sample_011838",0.743199854174552,28069.8399434773,44,FALSE,30309.9480412826
"13-HODE","Sample_011843",0.873587567507709,31847.0224340898,45,FALSE,35430.6081549848
"13-HODE","Sample_011893",2.15187415740177,76513.5277388338,46,FALSE,87783.2129293427
"13-HODE","Sample_011898",0.868893138734611,29532.64333395,47,FALSE,34975.4516396479
"13-HODE","Sample_011903",1.99999801109811,66415.0586412406,48,FALSE,81276.9608334074
"13-HODE","QC_S_5",1.69800397540701,54379.3379774269,49,TRUE,68842.6335033668
"13-HODE","Sample_011824",2.29637725569562,74150.5639295948,51,FALSE,91966.254682795
"13-HODE","Sample_011864",1.44191742147814,46671.4016121911,52,FALSE,57303.0507929066
"13-HODE","Sample_011869",1.13133547453202,36803.0609625629,53,FALSE,44737.0739496451
"13-HODE","Sample_011874",2.16198762183305,71751.2556535124,54,FALSE,86360.0489667187
"13-HODE","Sample_011834",1.15412910487583,38407.9520395917,55,FALSE,45776.9051166756
"13-HODE","Sample_011839",0.638336189431235,21201.9952711359,56,FALSE,25025.6436929756
"13-HODE","Sample_011844",2.7616188744127,95827.9707778159,57,FALSE,112027.491384282
"13-HODE","Sample_011894",0.694934800584062,23409.9759588774,58,FALSE,27107.9614263261
"13-HODE","Sample_011899",1.05113650436971,35747.4525304638,59,FALSE,41005.6393206735
"13-HODE","Sample_011904",0.642779476941403,21855.8760776897,60,FALSE,24837.484162506
"13-HODE","QC_S_6",1.69800397540701,61141.995722929,61,TRUE,68842.6335033668
"1-Methylimidazole-4-acetic acid","QC_S_1",13.363965507027,36223.8766430519,1,TRUE,161677.516807038
"1-Methylimidazole-4-acetic acid","Sample_011820",13.9259360889214,79413.8824169959,3,FALSE,204347.527616569
"1-Methylimidazole-4-acetic acid","Sample_011860",6.32349980321725,44334.4560351534,4,FALSE,94146.8559558829
"1-Methylimidazole-4-acetic acid","Sample_011865",21.2186629183056,154273.546277543,5,FALSE,278878.235820649
"1-Methylimidazole-4-acetic acid","Sample_011870",14.264564037622,124153.682413223,6,FALSE,195370.246544173
"1-Methylimidazole-4-acetic acid","Sample_011830",17.2792135051238,166327.748134368,7,FALSE,231730.179142436
"1-Methylimidazole-4-acetic acid","Sample_011835",20.5041320997185,208371.931453021,8,FALSE,260448.479451848
"1-Methylimidazole-4-acetic acid","Sample_011840",8.83139044248036,100696.10908974,9,FALSE,114124.417216809
"1-Methylimidazole-4-acetic acid","Sample_011890",25.6448072924099,310924.542574203,10,FALSE,322327.858622026
"1-Methylimidazole-4-acetic acid","Sample_011895",14.4588693409097,189313.683823418,11,FALSE,180831.293940428
"1-Methylimidazole-4-acetic acid","Sample_011900",15.9865723877013,222310.361267705,12,FALSE,196875.344193609
"1-Methylimidazole-4-acetic acid","QC_S_2",13.363965507027,195868.959896308,13,TRUE,161677.516807038
"1-Methylimidazole-4-acetic acid","Sample_011821",8.12504641419828,111997.297258403,15,FALSE,99105.2850200511
"1-Methylimidazole-4-acetic acid","Sample_011861",4.81154879303328,62302.0099182313,16,FALSE,57190.0031055736
"1-Methylimidazole-4-acetic acid","Sample_011866",24.1792082105353,298350.094389765,17,FALSE,284498.234457172
"1-Methylimidazole-4-acetic acid","Sample_011871",20.4350114282824,242770.705981107,18,FALSE,240846.079687381
"1-Methylimidazole-4-acetic acid","Sample_011831",16.4579521355795,188890.943914934,19,FALSE,195277.802824256
"1-Methylimidazole-4-acetic acid","Sample_011836",14.5900934985698,158910.990406635,20,FALSE,171499.788447531
"1-Methylimidazole-4-acetic acid","Sample_011841",22.6801146826503,233911.108947694,21,FALSE,264038.359325243
"1-Methylimidazole-4-acetic acid","Sample_011891",20.408573829409,210101.82905125,22,FALSE,248582.213054989
"1-Methylimidazole-4-acetic acid","Sample_011896",15.3405150356223,144365.227420905,23,FALSE,179446.48815284
"1-Methylimidazole-4-acetic acid","Sample_011901",14.2827720510834,130945.428076741,24,FALSE,171438.227419899
"1-Methylimidazole-4-acetic acid","QC_S_3",13.363965507027,116910.253284296,25,TRUE,161677.516807038
"1-Methylimidazole-4-acetic acid","Sample_011822",10.265557785452,98889.5948247292,27,FALSE,120929.462010159
"1-Methylimidazole-4-acetic acid","Sample_011862",12.2005102460445,122684.032695613,28,FALSE,141820.545659104
"1-Methylimidazole-4-acetic acid","Sample_011867",16.9680985208149,180708.701326193,29,FALSE,198062.001289487
"1-Methylimidazole-4-acetic acid","Sample_011872",16.2340667576843,182346.81732477,30,FALSE,190003.24221671
"1-Methylimidazole-4-acetic acid","Sample_011832",19.7357978767546,237867.935977844,31,FALSE,236209.058090994
"1-Methylimidazole-4-acetic acid","Sample_011837",12.9248268115037,162418.994718343,32,FALSE,154047.713783208
"1-Methylimidazole-4-acetic acid","Sample_011842",19.0668090034249,252053.103327657,33,FALSE,228793.636109813
"1-Methylimidazole-4-acetic acid","Sample_011892",19.3687118012818,269377.561589868,34,FALSE,234449.19281373
"1-Methylimidazole-4-acetic acid","Sample_011897",21.4211067469483,315153.570289509,35,FALSE,263440.30351867
"1-Methylimidazole-4-acetic acid","Sample_011902",12.5595075906861,194369.860490106,36,FALSE,156293.741449608
"1-Methylimidazole-4-acetic acid","QC_S_4",13.363965507027,208715.677640827,37,TRUE,161677.516807038
"1-Methylimidazole-4-acetic acid","Sample_011823",6.39047152682273,98945.0905064406,39,FALSE,79008.7628916486
"1-Methylimidazole-4-acetic acid","Sample_011863",6.05383412859787,92240.1784330532,40,FALSE,74807.9268225877
"1-Methylimidazole-4-acetic acid","Sample_011868",7.9437422853383,118942.749086852,41,FALSE,97998.2652007757
"1-Methylimidazole-4-acetic acid","Sample_011873",12.2726327609821,178019.359151384,42,FALSE,149042.61149237
"1-Methylimidazole-4-acetic acid","Sample_011833",12.0438110001677,172946.760926311,43,FALSE,147174.275166652
"1-Methylimidazole-4-acetic acid","Sample_011838",9.09309096953402,127900.92494728,44,FALSE,110658.969982076
"1-Methylimidazole-4-acetic acid","Sample_011843",12.3479153824836,169837.565413334,45,FALSE,149438.093523438
"1-Methylimidazole-4-acetic acid","Sample_011893",16.8726389958994,229459.282240568,46,FALSE,205387.083651517
"1-Methylimidazole-4-acetic acid","Sample_011898",12.4643812388448,164371.336955005,47,FALSE,149714.270636999
"1-Methylimidazole-4-acetic acid","Sample_011903",17.2383452494865,225469.58894772,48,FALSE,209039.798448466
"1-Methylimidazole-4-acetic acid","QC_S_5",13.363965507027,171263.810142948,49,TRUE,161677.516807038
"1-Methylimidazole-4-acetic acid","Sample_011824",6.42942254313672,86919.5444831613,51,FALSE,76833.8762088341
"1-Methylimidazole-4-acetic acid","Sample_011864",10.2208067532221,141476.029450616,52,FALSE,121204.304471138
"1-Methylimidazole-4-acetic acid","Sample_011869",11.1925847452334,158911.021607733,53,FALSE,132069.359924842
"1-Methylimidazole-4-acetic acid","Sample_011874",13.5290788361323,199836.052288842,54,FALSE,161258.797043723
"1-Methylimidazole-4-acetic acid","Sample_011834",14.1507194827744,213574.096992162,55,FALSE,167481.201412143
"1-Methylimidazole-4-acetic acid","Sample_011839",11.2035440000534,171852.290005023,56,FALSE,131064.998164655
"1-Methylimidazole-4-acetic acid","Sample_011844",11.9783720568892,195335.691128686,57,FALSE,144995.384727242
"1-Methylimidazole-4-acetic acid","Sample_011894",9.59477119346888,154475.347480479,58,FALSE,111681.935640933
"1-Methylimidazole-4-acetic acid","Sample_011899",10.3110822744936,170339.444829406,59,FALSE,120028.459532731
"1-Methylimidazole-4-acetic acid","Sample_011904",13.6234411966285,228577.94779655,60,FALSE,157082.546928083
"1-Methylimidazole-4-acetic acid","QC_S_6",13.363965507027,241082.523234797,61,TRUE,161677.516807038
"5,10-Methylene-THF","QC_S_1",15.6953773816406,201801.300620031,1,TRUE,212511.650967752
"5,10-Methylene-THF","Sample_011820",4.41757549901658,68300.7446604904,3,FALSE,72548.0375507408
"5,10-Methylene-THF","Sample_011860",15.2456583639984,238126.694555529,4,FALSE,254033.618311259
"5,10-Methylene-THF","Sample_011865",17.2106651584057,236274.456764248,5,FALSE,253157.595891586
"5,10-Methylene-THF","Sample_011870",7.46681913763229,106355.196249872,6,FALSE,114454.336504144
"5,10-Methylene-THF","Sample_011830",9.30982580510262,129275.328155581,7,FALSE,139732.323339817
"5,10-Methylene-THF","Sample_011835",23.5691547388885,308619.810954025,8,FALSE,335058.886949332
"5,10-Methylene-THF","Sample_011840",12.2118993591105,161959.885516909,9,FALSE,176615.738775575
"5,10-Methylene-THF","Sample_011890",9.96608668668238,127986.644586674,10,FALSE,140190.880076077
"5,10-Methylene-THF","Sample_011895",11.9687258503646,152260.395944061,11,FALSE,167526.638678961
"5,10-Methylene-THF","Sample_011900",10.3274862579055,128789.318185984,12,FALSE,142340.109733822
"5,10-Methylene-THF","QC_S_2",15.6953773816406,191414.996928099,13,TRUE,212511.650967752
"5,10-Methylene-THF","Sample_011821",8.3100859156034,101146.061995419,15,FALSE,113441.8177344
"5,10-Methylene-THF","Sample_011861",26.5487415841494,313275.185229421,16,FALSE,353163.542749689
"5,10-Methylene-THF","Sample_011866",14.733575355719,171220.334991369,17,FALSE,194018.144938295
"5,10-Methylene-THF","Sample_011871",16.96294437826,196438.635218866,18,FALSE,223749.788431254
"5,10-Methylene-THF","Sample_011831",13.2009846732256,153103.091921461,19,FALSE,175299.271182781
"5,10-Methylene-THF","Sample_011836",12.0226380956899,137414.824258063,20,FALSE,158161.941145787
"5,10-Methylene-THF","Sample_011841",10.2172395333641,115053.398495427,21,FALSE,133122.680254065
"5,10-Methylene-THF","Sample_011891",16.8910967311107,197953.443219742,22,FALSE,230256.52226629
"5,10-Methylene-THF","Sample_011896",13.8350698121291,154887.26487761,23,FALSE,181122.780385566
"5,10-Methylene-THF","Sample_011901",16.3406632290707,186716.782010334,24,FALSE,219513.65491468
"5,10-Methylene-THF","QC_S_3",15.6953773816406,179792.374477028,25,TRUE,212511.650967752
"5,10-Methylene-THF","Sample_011822",8.44923093200942,105450.685839586,27,FALSE,111394.422856484
"5,10-Methylene-THF","Sample_011862",10.4360413531816,135352.180601161,28,FALSE,135766.820672063
"5,10-Methylene-THF","Sample_011867",7.6582076497127,104771.212003025,29,FALSE,100044.178504316
"5,10-Methylene-THF","Sample_011872",10.7110211199942,153987.95543281,30,FALSE,140301.158973611
"5,10-Methylene-THF","Sample_011832",12.4401813308885,191272.6468462,31,FALSE,166634.632701356
"5,10-Methylene-THF","Sample_011837",7.03164446814229,112382.568407897,32,FALSE,93795.9588769373
"5,10-Methylene-THF","Sample_011842",6.85814154302813,114985.991101966,33,FALSE,92102.0012709006
"5,10-Methylene-THF","Sample_011892",6.27087830209552,110332.724796883,34,FALSE,84951.89597481
"5,10-Methylene-THF","Sample_011897",10.2861383829651,190995.901615927,35,FALSE,141575.913989975
"5,10-Methylene-THF","Sample_011902",7.02525514142673,136918.335152207,36,FALSE,97842.5527431191
"5,10-Methylene-THF","QC_S_4",15.6953773816406,308073.386767298,37,TRUE,212511.650967752
"5,10-Methylene-THF","Sample_011823",7.82613755280574,149077.515522069,39,FALSE,108289.546021721
"5,10-Methylene-THF","Sample_011863",7.42213335690072,137560.796968251,40,FALSE,102646.12375778
"5,10-Methylene-THF","Sample_011868",4.29478611085861,77301.4543587333,41,FALSE,59296.8304827844
"5,10-Methylene-THF","Sample_011873",11.9885278975443,206468.938906758,42,FALSE,162942.835519462
"5,10-Methylene-THF","Sample_011833",6.37731767805751,107330.891983704,43,FALSE,87217.3172570225
"5,10-Methylene-THF","Sample_011838",8.71164043451187,141681.732043468,44,FALSE,118651.088890947
"5,10-Methylene-THF","Sample_011843",8.01978944809434,125742.874171103,45,FALSE,108624.387034917
"5,10-Methylene-THF","Sample_011893",8.84217943712131,135046.662634757,46,FALSE,120460.909083005
"5,10-Methylene-THF","Sample_011898",8.99367330260883,131124.791165881,47,FALSE,120899.994535756
"5,10-Methylene-THF","Sample_011903",9.65595885337498,137344.859541952,48,FALSE,131046.5248339
"5,10-Methylene-THF","QC_S_5",15.6953773816406,214966.435429522,49,TRUE,212511.650967752
"5,10-Methylene-THF","Sample_011824",7.24204008376924,95246.9833136918,51,FALSE,96858.6469214052
"5,10-Methylene-THF","Sample_011864",5.56790571997312,71624.9159075513,52,FALSE,73896.0863575929
"5,10-Methylene-THF","Sample_011869",4.48582719570122,56583.7347050252,53,FALSE,59239.4366544273
"5,10-Methylene-THF","Sample_011874",9.07639195990289,113943.416135901,54,FALSE,121077.969547393
"5,10-Methylene-THF","Sample_011834",8.69525951888771,106766.960153462,55,FALSE,115177.273324428
"5,10-Methylene-THF","Sample_011839",8.91706701184284,106577.534235467,56,FALSE,116748.156247804
"5,10-Methylene-THF","Sample_011844",14.7517206511586,179619.464722621,57,FALSE,199846.137325093
"5,10-Methylene-THF","Sample_011894",10.945439555383,126145.287740608,58,FALSE,142586.436550684
"5,10-Methylene-THF","Sample_011899",11.4932126186365,130357.450091299,59,FALSE,149733.204697244
"5,10-Methylene-THF","Sample_011904",11.5191485497006,127317.174542393,60,FALSE,148647.698804188
"5,10-Methylene-THF","QC_S_6",15.6953773816406,179021.411584536,61,TRUE,212511.650967752
"5-Formyl-THF","QC_S_1",1.13940029546579,47777.4292938433,1,TRUE,59649.7250285292
"5-Formyl-THF","Sample_011820",0.285913431371737,14904.4438076572,3,FALSE,18155.047170478
"5-Formyl-THF","Sample_011860",0.757246859250275,40539.3437377299,4,FALSE,48786.9453256369
"5-Formyl-THF","Sample_011865",1.05433909844165,50426.6035651439,5,FALSE,59964.5742856909
"5-Formyl-THF","Sample_011870",0.65964684310757,33267.8509824821,6,FALSE,39095.7225464875
"5-Formyl-THF","Sample_011830",0.444433468951172,22204.927469159,7,FALSE,25791.8929420223
"5-Formyl-THF","Sample_011835",1.3872653104948,66410.3937435116,8,FALSE,76253.1511855643
"5-Formyl-THF","Sample_011840",0.622786453564089,30678.89205598,9,FALSE,34826.2311875614
"5-Formyl-THF","Sample_011890",0.421046325491758,20402.263399395,10,FALSE,22900.5608527755
"5-Formyl-THF","Sample_011895",0.470055099598882,22918.3043343692,11,FALSE,25439.3411530122
"5-Formyl-THF","Sample_011900",0.889249309570955,43166.3089574354,12,FALSE,47388.977986897
"5-Formyl-THF","QC_S_2",1.13940029546579,54930.6441919729,13,TRUE,59649.7250285292
"5-Formyl-THF","Sample_011821",0.676830402690565,30177.6973673154,15,FALSE,35724.7054721318
"5-Formyl-THF","Sample_011861",0.738729303721043,30649.5173105142,16,FALSE,37996.0444237712
"5-Formyl-THF","Sample_011866",0.526131191192504,20588.9204609447,17,FALSE,26788.560915833
"5-Formyl-THF","Sample_011871",1.04849033204706,39062.7412027979,18,FALSE,53474.5281313134
"5-Formyl-THF","Sample_011831",0.594664956708371,21141.3576360011,19,FALSE,30532.8444760219
"5-Formyl-THF","Sample_011836",0.971509751927026,32334.8245431744,20,FALSE,49416.3326756016
"5-Formyl-THF","Sample_011841",0.73698842552861,22880.28211413,21,FALSE,37127.8910122097
"5-Formyl-THF","Sample_011891",1.03945170428776,31676.733282642,22,FALSE,54787.2551714514
"5-Formyl-THF","Sample_011896",1.52480550100263,41686.9405966573,23,FALSE,77184.0044605312
"5-Formyl-THF","Sample_011901",1.50534469216345,39252.6864523917,24,FALSE,78189.5929598348
"5-Formyl-THF","QC_S_3",1.13940029546579,27673.920915455,25,TRUE,59649.7250285292
"5-Formyl-THF","Sample_011822",0.295593455595852,12462.8995956132,27,FALSE,15068.2291957495
"5-Formyl-THF","Sample_011862",0.274056331416233,13904.991824343,28,FALSE,13785.3828504075
"5-Formyl-THF","Sample_011867",0.912847990964074,54881.2971514042,29,FALSE,46108.8492966176
"5-Formyl-THF","Sample_011872",0.375175229231971,26066.7685962,30,FALSE,19001.4032583074
"5-Formyl-THF","Sample_011832",0.545932097504853,43922.3059344761,31,FALSE,28274.7206018885
"5-Formyl-THF","Sample_011837",0.277943288871895,24871.4918755164,32,FALSE,14335.2262317358
"5-Formyl-THF","Sample_011842",0.25346103553976,25224.3294754751,33,FALSE,13161.1840711063
"5-Formyl-THF","Sample_011892",0.35356102826579,38856.7497804789,34,FALSE,18519.5413606109
"5-Formyl-THF","Sample_011897",0.318677263956165,38662.69497272,35,FALSE,16959.3509160469
"5-Formyl-THF","Sample_011902",0.0454888401709512,6029.16649260592,36,FALSE,2449.58025527699
"5-Formyl-THF","QC_S_4",1.13940029546579,157647.342449068,37,TRUE,59649.7250285292
"5-Formyl-THF","Sample_011823",0.251667054361085,30567.351825657,39,FALSE,13464.3861227677
"5-Formyl-THF","Sample_011863",0.394139860516043,43920.2713076572,40,FALSE,21075.8594832179
"5-Formyl-THF","Sample_011868",0.150557955980357,15251.6617789172,41,FALSE,8037.38525219388
"5-Formyl-THF","Sample_011873",0.283031094163394,25453.1947630865,42,FALSE,14873.8945119024
"5-Formyl-THF","Sample_011833",0.177275604715961,14295.1361735497,43,FALSE,9374.21227029684
"5-Formyl-THF","Sample_011838",0.314193402564457,22148.6349773137,44,FALSE,16545.8842990019
"5-Formyl-THF","Sample_011843",0.509876331911465,30769.0552460509,45,FALSE,26702.4038849113
"5-Formyl-THF","Sample_011893",0.609084955440899,30992.0430660569,46,FALSE,32083.8014645461
"5-Formyl-THF","Sample_011898",0.541827645632169,21956.8501289801,47,FALSE,28162.5171500978
"5-Formyl-THF","Sample_011903",0.93574865575325,29134.1672884347,48,FALSE,49103.273932259
"5-Formyl-THF","QC_S_5",1.13940029546579,24277.477986137,49,TRUE,59649.7250285292
"5-Formyl-THF","Sample_011824",2.3323103214388,56271.2947845633,51,FALSE,120610.451488911
"5-Formyl-THF","Sample_011864",1.04813510593547,26695.5666769903,52,FALSE,53785.8415409787
"5-Formyl-THF","Sample_011869",1.38276036739518,37145.8993375866,53,FALSE,70605.159597499
"5-Formyl-THF","Sample_011874",1.56947108187841,44999.8029532425,54,FALSE,80951.7683900049
"5-Formyl-THF","Sample_011834",0.774330060058623,23226.1735935111,55,FALSE,39658.0630659817
"5-Formyl-THF","Sample_011839",0.954934979815709,29751.3651649612,56,FALSE,48341.8134141434
"5-Formyl-THF","Sample_011844",1.39125843330469,47020.3589614905,57,FALSE,72875.5799826482
"5-Formyl-THF","Sample_011894",0.495651245549128,16851.5656767762,58,FALSE,24965.6194198852
"5-Formyl-THF","Sample_011899",0.722889752991183,25663.4950498139,59,FALSE,36414.125344061
"5-Formyl-THF","Sample_011904",0.422499225189383,15484.7015956282,60,FALSE,21080.6920300446
"5-Formyl-THF","QC_S_6",1.13940029546579,45591.5353346994,61,TRUE,59649.7250285292
"5-Methyl-THF","QC_S_1",2.76291261245427,73304.4653997999,1,TRUE,67370.128400762
"5-Methyl-THF","Sample_011820",3.66033931518448,114422.462271276,3,FALSE,108256.07534131
"5-Methyl-THF","Sample_011860",1.94894142991091,60904.6075955474,4,FALSE,58483.4577317867
"5-Methyl-THF","Sample_011865",2.35696961634044,64049.3528694578,5,FALSE,62436.210308981
"5-Methyl-THF","Sample_011870",4.14511849046483,115601.153864658,6,FALSE,114425.498481745
"5-Methyl-THF","Sample_011830",3.33285951531139,89610.5234625264,7,FALSE,90086.8862581759
"5-Methyl-THF","Sample_011835",3.02575352965366,75848.8730639608,8,FALSE,77464.0012073509
"5-Methyl-THF","Sample_011840",4.14514027938153,104031.753267247,9,FALSE,107962.929795784
"5-Methyl-THF","Sample_011890",4.80482986619625,115393.772620867,10,FALSE,121720.116500304
"5-Methyl-THF","Sample_011895",3.4911685791991,82059.2880898942,11,FALSE,88002.7044546403
"5-Methyl-THF","Sample_011900",4.64157682429089,105635.504995955,12,FALSE,115209.278487619
"5-Methyl-THF","QC_S_2",2.76291261245427,60723.3098399509,13,TRUE,67370.128400762
"5-Methyl-THF","Sample_011821",3.59049612173972,80332.8170015828,15,FALSE,88269.6426076182
"5-Methyl-THF","Sample_011861",3.48047845093255,76247.1194934903,16,FALSE,83379.659452451
"5-Methyl-THF","Sample_011866",4.57087923932973,99599.757212072,17,FALSE,108398.479403244
"5-Methyl-THF","Sample_011871",4.50040296688707,98695.8882076333,18,FALSE,106905.990309242
"5-Methyl-THF","Sample_011831",4.05061025136198,89853.0222042525,19,FALSE,96868.7028962982
"5-Methyl-THF","Sample_011836",4.41679058130022,97519.1713927029,20,FALSE,104640.12832326
"5-Methyl-THF","Sample_011841",4.34884526160574,95544.653116345,21,FALSE,102042.637719771
"5-Methyl-THF","Sample_011891",2.49044558925067,57513.3421249455,22,FALSE,61139.2902691475
"5-Methyl-THF","Sample_011896",4.32322888284578,96327.7734967921,23,FALSE,101926.988638668
"5-Methyl-THF","Sample_011901",2.87627942717151,66066.1998601143,24,FALSE,69584.4468963444
"5-Methyl-THF","QC_S_3",2.76291261245427,64258.4327065025,25,TRUE,67370.128400762
"5-Methyl-THF","Sample_011822",3.19036253335476,74737.0675697949,27,FALSE,75748.7633607074
"5-Methyl-THF","Sample_011862",4.35427208387222,102326.85557721,28,FALSE,102014.678000324
"5-Methyl-THF","Sample_011867",3.4375077236831,82446.9693401275,29,FALSE,80871.8932806328
"5-Methyl-THF","Sample_011872",3.42085797600774,83592.873320299,30,FALSE,80696.4946827374
"5-Methyl-THF","Sample_011832",2.86256553269823,72665.1608229787,31,FALSE,69053.1093295345
"5-Methyl-THF","Sample_011837",4.0707130511247,104508.75408333,32,FALSE,97788.3135651786
"5-Methyl-THF","Sample_011842",2.56618585055812,67348.1885116757,33,FALSE,62064.0300005
"5-Methyl-THF","Sample_011892",3.58838316257806,96436.0766014351,34,FALSE,87545.2841958124
"5-Methyl-THF","Sample_011897",1.43544037940626,39777.9646428028,35,FALSE,35580.4481163805
"5-Methyl-THF","Sample_011902",2.97736862239938,84712.8680828213,36,FALSE,74677.1137130662
"5-Methyl-THF","QC_S_4",2.76291261245427,77529.8593034641,37,TRUE,67370.128400762
"5-Methyl-THF","Sample_011823",2.34361458281315,65649.7973188962,39,FALSE,58400.2210778827
"5-Methyl-THF","Sample_011863",3.37497067729557,93370.4885548295,40,FALSE,84056.8377415608
"5-Methyl-THF","Sample_011868",2.25870461505753,61635.4122084092,41,FALSE,56161.4901760923
"5-Methyl-THF","Sample_011873",2.95525185189446,78421.6212460038,42,FALSE,72335.7773281026
"5-Methyl-THF","Sample_011833",3.49299280617711,92121.1918787525,43,FALSE,86030.3336203554
"5-Methyl-THF","Sample_011838",3.10102630566424,80432.6445266949,44,FALSE,76061.7791672271
"5-Methyl-THF","Sample_011843",3.14284940819719,80044.5786217518,45,FALSE,76661.4779222975
"5-Methyl-THF","Sample_011893",3.60952253217364,91284.8233881004,46,FALSE,88557.5948353059
"5-Methyl-THF","Sample_011898",5.3962184945265,132918.692742788,47,FALSE,130637.524714621
"5-Methyl-THF","Sample_011903",2.6858153986289,65915.0183474699,48,FALSE,65644.0707427207
"5-Methyl-THF","QC_S_5",2.76291261245427,66749.8677214314,49,TRUE,67370.128400762
"5-Methyl-THF","Sample_011824",2.6374401042978,62140.0998331047,51,FALSE,63525.6799918777
"5-Methyl-THF","Sample_011864",4.48109636756033,104092.295147981,52,FALSE,107103.359182407
"5-Methyl-THF","Sample_011869",3.92564181766501,90148.4767526532,53,FALSE,93361.6019346439
"5-Methyl-THF","Sample_011874",5.01896388871491,115664.851091066,54,FALSE,120574.425443423
"5-Methyl-THF","Sample_011834",4.03883678029294,91814.9391531286,55,FALSE,96345.135152794
"5-Methyl-THF","Sample_011839",4.5360071742807,101249.50320847,56,FALSE,106952.50880111
"5-Methyl-THF","Sample_011844",2.66330260216502,61103.1889259602,57,FALSE,64977.4757038979
"5-Methyl-THF","Sample_011894",4.54155634912608,99522.1177376906,58,FALSE,106546.443789911
"5-Methyl-THF","Sample_011899",3.50683408941743,76334.6343908633,59,FALSE,82277.510315895
"5-Methyl-THF","Sample_011904",3.44211529018533,73711.0763610485,60,FALSE,79993.0888919126
"5-Methyl-THF","QC_S_6",2.76291261245427,61654.8354334231,61,TRUE,67370.128400762
"5-Oxoproline","QC_S_1",1591.92302929223,1766677.92810324,1,TRUE,2160508.3211706
"5-Oxoproline","Sample_011820",452.544382486608,659489.526016665,3,FALSE,744947.662623396
"5-Oxoproline","Sample_011860",508.231307634591,780147.550667644,4,FALSE,848846.808542313
"5-Oxoproline","Sample_011865",1248.92559868557,1754600.47998801,5,FALSE,1841419.63509658
"5-Oxoproline","Sample_011870",886.272485805585,1343519.54220019,6,FALSE,1361716.75786492
"5-Oxoproline","Sample_011830",563.818362276937,865559.355538263,7,FALSE,848237.436493042
"5-Oxoproline","Sample_011835",937.353409708279,1408084.45654878,8,FALSE,1335682.98093211
"5-Oxoproline","Sample_011840",556.365369612222,877514.11695053,9,FALSE,806546.053941733
"5-Oxoproline","Sample_011890",1144.36551162234,1810040.78693586,10,FALSE,1613551.22532249
"5-Oxoproline","Sample_011895",1039.29794369253,1684965.78203147,11,FALSE,1458138.97466599
"5-Oxoproline","Sample_011900",1196.19148557783,1965457.33664607,12,FALSE,1652556.3312803
"5-Oxoproline","QC_S_2",1591.92302929223,2642578.51273252,13,TRUE,2160508.3211706
"5-Oxoproline","Sample_011821",669.914712897819,1027864.73214323,15,FALSE,916663.78532215
"5-Oxoproline","Sample_011861",483.219448128434,689677.425344179,16,FALSE,644316.457601652
"5-Oxoproline","Sample_011866",1155.90349856895,1555474.39906671,17,FALSE,1525733.46640192
"5-Oxoproline","Sample_011871",1302.14831589873,1667562.27611327,18,FALSE,1721649.51244024
"5-Oxoproline","Sample_011831",976.095053326817,1192278.76070181,19,FALSE,1299238.22810228
"5-Oxoproline","Sample_011836",871.470352886642,996046.945073864,20,FALSE,1149152.65412826
"5-Oxoproline","Sample_011841",913.018968567165,972826.843245202,21,FALSE,1192397.81976934
"5-Oxoproline","Sample_011891",2373.40057763927,2480735.14452043,22,FALSE,3243008.07927099
"5-Oxoproline","Sample_011896",2055.2317043826,1925741.28303106,23,FALSE,2696965.6012708
"5-Oxoproline","Sample_011901",1725.27238559437,1540536.06905186,24,FALSE,2323124.19231316
"5-Oxoproline","QC_S_3",1591.92302929223,1322711.49788196,25,TRUE,2160508.3211706
"5-Oxoproline","Sample_011822",984.887474234174,924414.121819058,27,FALSE,1301534.7759423
"5-Oxoproline","Sample_011862",1385.9772969983,1372236.43484512,28,FALSE,1807327.54685826
"5-Oxoproline","Sample_011867",1432.06214171686,1515685.94260782,29,FALSE,1875207.9836221
"5-Oxoproline","Sample_011872",1425.5282745378,1604562.67633266,30,FALSE,1871669.28601808
"5-Oxoproline","Sample_011832",916.218112641988,1114894.53324482,31,FALSE,1230156.38707004
"5-Oxoproline","Sample_011837",783.251993962602,1000458.15034315,32,FALSE,1047253.03532152
"5-Oxoproline","Sample_011842",748.542952588118,1011995.72751832,33,FALSE,1007632.67887599
"5-Oxoproline","Sample_011892",1315.9510188211,1882250.07842673,34,FALSE,1786929.10717187
"5-Oxoproline","Sample_011897",1270.64635717421,1932443.61382217,35,FALSE,1753010.84166131
"5-Oxoproline","Sample_011902",1237.78928941045,1989529.28406017,36,FALSE,1727966.38246844
"5-Oxoproline","QC_S_4",1591.92302929223,2593439.23160396,37,TRUE,2160508.3211706
"5-Oxoproline","Sample_011823",982.702040233156,1621419.79215098,39,FALSE,1362962.19228868
"5-Oxoproline","Sample_011863",932.227674019004,1530392.54580598,40,FALSE,1292286.14058825
"5-Oxoproline","Sample_011868",1028.40403844121,1677815.89169717,41,FALSE,1423234.97822975
"5-Oxoproline","Sample_011873",1649.91528150917,2637765.2965715,42,FALSE,2247780.76961854
"5-Oxoproline","Sample_011833",876.462537799791,1403487.37214711,43,FALSE,1201492.11663307
"5-Oxoproline","Sample_011838",628.076169047215,996989.90831555,44,FALSE,857446.430245269
"5-Oxoproline","Sample_011843",791.637073332004,1243895.94221359,45,FALSE,1074764.69509877
"5-Oxoproline","Sample_011893",1084.93502574689,1706717.39654945,46,FALSE,1481540.19115099
"5-Oxoproline","Sample_011898",1225.43758637589,1893300.27975417,47,FALSE,1651213.63197742
"5-Oxoproline","Sample_011903",1173.78095609308,1822278.68030086,48,FALSE,1596761.51300594
"5-Oxoproline","QC_S_5",1591.92302929223,2454028.1703111,49,TRUE,2160508.3211706
"5-Oxoproline","Sample_011824",541.670193722302,809671.430643948,51,FALSE,726164.990474851
"5-Oxoproline","Sample_011864",1130.49274886236,1661162.22629191,52,FALSE,1503904.4395288
"5-Oxoproline","Sample_011869",1065.30058176938,1542889.47490919,53,FALSE,1410143.92101462
"5-Oxoproline","Sample_011874",1177.49209861096,1706256.28347658,54,FALSE,1574464.17572753
"5-Oxoproline","Sample_011834",837.565898742184,1193541.37483895,55,FALSE,1112054.63951465
"5-Oxoproline","Sample_011839",678.939057918567,947004.180337802,56,FALSE,891008.175066641
"5-Oxoproline","Sample_011844",804.834599427643,1150190.69098384,57,FALSE,1092905.501353
"5-Oxoproline","Sample_011894",1273.80394649263,1733133.82945579,58,FALSE,1663299.64026762
"5-Oxoproline","Sample_011899",1377.42743280489,1855499.14983094,59,FALSE,1798739.62475005
"5-Oxoproline","Sample_011904",1429.89665255315,1888618.60402469,60,FALSE,1849546.9317163
"5-Oxoproline","QC_S_6",1591.92302929223,2183614.58639082,61,TRUE,2160508.3211706
"AA","QC_S_1",8158.20943354768,3693446.63571566,1,TRUE,4172821.78156335
"AA","Sample_011820",3143.03886641023,1781588.43722509,3,FALSE,1949913.93826036
"AA","Sample_011860",1020.4818154005,596074.307642743,4,FALSE,642353.780413115
"AA","Sample_011865",10069.6674080177,5272176.06652739,5,FALSE,5595416.73724109
"AA","Sample_011870",7591.71315318143,4204840.20532415,6,FALSE,4396027.63738516
"AA","Sample_011830",5606.00316719965,3085720.49342785,7,FALSE,3178576.49546338
"AA","Sample_011835",12144.0380343475,6424347.96237787,8,FALSE,6521751.64169755
"AA","Sample_011840",5206.04151887586,2842446.17504258,9,FALSE,2844315.8197368
"AA","Sample_011890",4599.23588596345,2477309.08845711,10,FALSE,2444020.19215275
"AA","Sample_011895",4205.46605307607,2285726.6453931,11,FALSE,2223689.22003413
"AA","Sample_011900",7351.7331288787,3989216.44256477,12,FALSE,3827775.05436335
"AA","QC_S_2",8158.20943354768,4408394.99381229,13,TRUE,4172821.78156335
"AA","Sample_011821",6786.39078739735,3828198.56487815,15,FALSE,3499697.69179381
"AA","Sample_011861",1473.6725558221,823919.388412228,16,FALSE,740554.327198924
"AA","Sample_011866",6612.33851749129,3721192.80122097,17,FALSE,3289374.20181245
"AA","Sample_011871",12630.5482769122,7237670.84882433,18,FALSE,6293722.67213948
"AA","Sample_011831",9150.65099320231,5364736.79054161,19,FALSE,4590392.05236114
"AA","Sample_011836",6711.49129952634,3960408.90647919,20,FALSE,3335379.44117586
"AA","Sample_011841",6069.5834381457,3603167.86394352,21,FALSE,2987454.96798736
"AA","Sample_011891",4588.90608844794,2894371.44087173,22,FALSE,2363128.10615249
"AA","Sample_011896",8361.3540587508,5142116.35757669,23,FALSE,4135160.19780684
"AA","Sample_011901",10523.9132765635,6741040.94401493,24,FALSE,5340637.80340426
"AA","QC_S_3",8158.20943354768,5345059.73361634,25,TRUE,4172821.78156335
"AA","Sample_011822",4973.18755588534,2926100.62509426,27,FALSE,2476880.81562512
"AA","Sample_011862",4275.27211943973,2377570.65312087,28,FALSE,2101094.67927695
"AA","Sample_011867",5446.64205684324,2907821.65684344,29,FALSE,2687927.33190217
"AA","Sample_011872",8383.96749366201,4281501.91527332,30,FALSE,4148623.01584825
"AA","Sample_011832",12466.7535296337,6196386.19502051,31,FALSE,6308352.23789063
"AA","Sample_011837",8557.40652351669,4020957.58422028,32,FALSE,4312145.34882826
"AA","Sample_011842",6000.79591119897,2687235.51899002,33,FALSE,3044356.32692194
"AA","Sample_011892",3042.73221180864,1296980.54943922,34,FALSE,1557157.13211912
"AA","Sample_011897",12565.4646783853,5116552.07290602,35,FALSE,6533404.82138601
"AA","Sample_011902",12237.1999942202,4721588.77554463,36,FALSE,6438307.79542554
"AA","QC_S_4",8158.20943354768,2852458.19388793,37,TRUE,4172821.78156335
"AA","Sample_011823",9462.09976997771,3646938.89782178,39,FALSE,4945959.80856062
"AA","Sample_011863",5693.52751376847,2273276.2334322,40,FALSE,2974535.98890445
"AA","Sample_011868",9747.31073895432,4022063.24270613,41,FALSE,5083920.55447323
"AA","Sample_011873",14140.8141594866,5939271.34168379,42,FALSE,7260521.73422706
"AA","Sample_011833",14444.0372050797,6305046.9414958,43,FALSE,7462378.52646273
"AA","Sample_011838",10634.424836375,4770089.13490362,44,FALSE,5471542.73926645
"AA","Sample_011843",8729.71211492546,4014184.42248359,45,FALSE,4466715.5642281
"AA","Sample_011893",7193.63217780834,3426663.36920666,46,FALSE,3702192.90305346
"AA","Sample_011898",8520.32635131387,4121150.82703167,47,FALSE,4326825.76339608
"AA","Sample_011903",16718.0646877964,8394206.7462848,48,FALSE,8571169.96408816
"AA","QC_S_5",8158.20943354768,4198869.23957163,49,TRUE,4172821.78156335
"AA","Sample_011824",5492.94240535793,2830271.50399674,51,FALSE,2775278.18951182
"AA","Sample_011864",5076.65099367336,2612961.46369448,52,FALSE,2545252.52412784
"AA","Sample_011869",6324.0721730952,3260264.99705601,53,FALSE,3154926.17804999
"AA","Sample_011874",8774.59346853951,4599487.4149847,54,FALSE,4421838.68745618
"AA","Sample_011834",8369.18272560762,4384521.35956883,55,FALSE,4187851.739073
"AA","Sample_011839",8104.6650035254,4224001.53823291,56,FALSE,4008547.85335467
"AA","Sample_011844",9904.03888749001,5375445.99563398,57,FALSE,5068616.34144252
"AA","Sample_011894",4838.13009634268,2541218.11002217,58,FALSE,2380929.60109617
"AA","Sample_011899",8137.03838007765,4301452.96376107,59,FALSE,4004672.88166987
"AA","Sample_011904",10173.9464379093,5360864.11805807,60,FALSE,4959652.6536253
"AA","QC_S_6",8158.20943354768,4538701.89277628,61,TRUE,4172821.78156335
"Adenine","QC_S_1",630.457549773645,1172152.14335088,1,TRUE,1454444.0670487
"Adenine","Sample_011820",40.5541631296491,108269.72824934,3,FALSE,113476.86367352
"Adenine","Sample_011860",42.2041141395049,123200.771026812,4,FALSE,119820.18649094
"Adenine","Sample_011865",913.500564055315,2523701.40006855,5,FALSE,2289456.09293174
"Adenine","Sample_011870",541.79218285022,1664640.32418856,6,FALSE,1415010.12206235
"Adenine","Sample_011830",227.021331434669,726008.546526926,7,FALSE,580566.781836411
"Adenine","Sample_011835",653.623037737352,2097129.67652687,8,FALSE,1583195.97302807
"Adenine","Sample_011840",563.109138765343,1940883.15645214,9,FALSE,1387614.89534968
"Adenine","Sample_011890",489.648548792149,1728460.29494364,10,FALSE,1173572.07005615
"Adenine","Sample_011895",419.076793214313,1546065.42891897,11,FALSE,999446.977928791
"Adenine","Sample_011900",344.881575954853,1312870.06285732,12,FALSE,809902.71842004
"Adenine","QC_S_2",630.457549773645,2465461.49958838,13,TRUE,1454444.0670487
"Adenine","Sample_011821",278.473158701009,1026023.63454606,15,FALSE,647710.885211894
"Adenine","Sample_011861",39.1743741475453,135720.294310903,16,FALSE,88790.0259978063
"Adenine","Sample_011866",233.975477255286,773297.100293336,17,FALSE,524970.298426141
"Adenine","Sample_011871",339.775324824495,1082451.97684678,18,FALSE,763630.77650468
"Adenine","Sample_011831",372.228118886068,1147057.26984445,19,FALSE,842195.958389185
"Adenine","Sample_011836",285.487776789783,836019.199500995,20,FALSE,639911.511157091
"Adenine","Sample_011841",167.297535298853,464594.224481643,21,FALSE,371396.846976455
"Adenine","Sample_011891",579.530057386508,1609083.87489524,22,FALSE,1346047.07687001
"Adenine","Sample_011896",514.243474766717,1307537.21019309,23,FALSE,1147072.06342091
"Adenine","Sample_011901",776.89354002765,1928236.1148954,24,FALSE,1778212.10890985
"Adenine","QC_S_3",630.457549773645,1496397.07755617,25,TRUE,1454444.0670487
"Adenine","Sample_011822",42.1650867004948,104501.126495478,27,FALSE,94717.3321116924
"Adenine","Sample_011862",347.96554830138,879684.746249512,28,FALSE,771301.712210627
"Adenine","Sample_011867",365.93518071936,959290.548913172,29,FALSE,814514.9134658
"Adenine","Sample_011872",231.281823026613,627144.305248965,30,FALSE,516181.073612008
"Adenine","Sample_011832",256.908323783658,734207.36802918,31,FALSE,586336.492993194
"Adenine","Sample_011837",159.75456290745,468171.457816934,32,FALSE,363086.989127537
"Adenine","Sample_011842",140.530872511445,426598.302329131,33,FALSE,321561.878674259
"Adenine","Sample_011892",135.977776254044,428070.839197017,34,FALSE,313864.957187622
"Adenine","Sample_011897",102.589257521877,337082.733882627,35,FALSE,240585.300956931
"Adenine","Sample_011902",56.6075313754878,193208.145684109,36,FALSE,134329.092665317
"Adenine","QC_S_4",630.457549773646,2146096.82543164,37,TRUE,1454444.0670487
"Adenine","Sample_011823",320.934438409792,1015224.7991105,39,FALSE,756633.50776789
"Adenine","Sample_011863",254.992868028889,766019.856139923,40,FALSE,600858.246267815
"Adenine","Sample_011868",100.307645847028,285046.911075697,41,FALSE,235968.57503451
"Adenine","Sample_011873",429.821534066751,1135822.48353852,42,FALSE,995377.393358871
"Adenine","Sample_011833",286.691592593499,717626.003688087,43,FALSE,668051.312415228
"Adenine","Sample_011838",102.182825738035,238861.795567053,44,FALSE,237126.388182706
"Adenine","Sample_011843",274.525791354565,595804.47782632,45,FALSE,633545.362370088
"Adenine","Sample_011893",291.417999523196,590902.736918558,46,FALSE,676446.379614596
"Adenine","Sample_011898",228.631696009533,422416.689653347,47,FALSE,523667.719304087
"Adenine","Sample_011903",313.343247403615,536008.848252829,48,FALSE,724570.47597336
"Adenine","QC_S_5",630.457549773645,978653.815804318,49,TRUE,1454444.0670487
"Adenine","Sample_011824",117.046094275541,163861.175920257,51,FALSE,266725.532947901
"Adenine","Sample_011864",77.6793977919952,102773.430525018,52,FALSE,175657.058975734
"Adenine","Sample_011869",761.149582998627,951918.522435356,53,FALSE,1712649.86975095
"Adenine","Sample_011874",959.476621488545,1148307.12710571,54,FALSE,2180803.20053451
"Adenine","Sample_011834",256.331160671619,287689.709853817,55,FALSE,578516.620078474
"Adenine","Sample_011839",319.554719618772,333635.515776338,56,FALSE,712858.657247024
"Adenine","Sample_011844",1118.57571912154,1132861.06980237,57,FALSE,2581954.93842971
"Adenine","Sample_011894",920.875841702629,837003.335021252,58,FALSE,2043978.29661656
"Adenine","Sample_011899",645.914396451187,545170.144368685,59,FALSE,1433777.74470634
"Adenine","Sample_011904",454.866313880134,351011.414170536,60,FALSE,1000119.2316224
"Adenine","QC_S_6",630.457549773645,467903.040560802,61,TRUE,1454444.0670487
"Adenylosuccinate","QC_S_1",0.622813836660654,85606.8306842828,1,TRUE,41359.3568832585
"Adenylosuccinate","Sample_011820",0.332592478543707,51526.8017435573,3,FALSE,26789.1327212361
"Adenylosuccinate","Sample_011860",0.439410268332697,66441.985654754,4,FALSE,35910.3595755238
"Adenylosuccinate","Sample_011865",0.310971056786951,39866.5458774817,5,FALSE,22434.5735575427
"Adenylosuccinate","Sample_011870",0.227896443937065,29191.7282303861,6,FALSE,17133.2089145055
"Adenylosuccinate","Sample_011830",0.238368043369198,28612.5694937369,7,FALSE,17547.2029241592
"Adenylosuccinate","Sample_011835",0.410049528688131,44526.5081247492,8,FALSE,28590.2526086047
"Adenylosuccinate","Sample_011840",0.208058332760629,21904.2098534043,9,FALSE,14758.2832572195
"Adenylosuccinate","Sample_011890",0.278231076183926,27085.0937812457,10,FALSE,19195.7585693446
"Adenylosuccinate","Sample_011895",0.286673661925769,26327.894109491,11,FALSE,19680.1448769207
"Adenylosuccinate","Sample_011900",0.290382127087755,24823.0611552684,12,FALSE,19629.4031411603
"Adenylosuccinate","QC_S_2",0.622813836660654,49274.7773022739,13,TRUE,41359.3568832585
"Adenylosuccinate","Sample_011821",0.627893766391358,46871.2439096825,15,FALSE,42039.5807435237
"Adenylosuccinate","Sample_011861",0.791615217079872,55609.3455731287,16,FALSE,51647.6541179019
"Adenylosuccinate","Sample_011866",0.333299129380257,22354.8345542065,17,FALSE,21526.4750525026
"Adenylosuccinate","Sample_011871",0.590215593895202,38193.3449781352,18,FALSE,38183.5775707669
"Adenylosuccinate","Sample_011831",0.602557330830103,37754.2288262767,19,FALSE,39244.3102084431
"Adenylosuccinate","Sample_011836",0.25485761683661,15190.9489532625,20,FALSE,16443.8827614196
"Adenylosuccinate","Sample_011841",0.282692464545179,15997.98207187,21,FALSE,18064.970292719
"Adenylosuccinate","Sample_011891",0.593904724496463,33646.5769885567,22,FALSE,39707.7623278242
"Adenylosuccinate","Sample_011896",0.740341686323372,38463.3197531361,23,FALSE,47536.6384079284
"Adenylosuccinate","Sample_011901",0.814156252986165,41352.8009665469,24,FALSE,53641.9016808971
"Adenylosuccinate","QC_S_3",0.622813836660654,30303.1597583828,25,TRUE,41359.3568832585
"Adenylosuccinate","Sample_011822",0.535499902455244,26406.4590643657,27,FALSE,34626.6283170468
"Adenylosuccinate","Sample_011862",0.756926124132184,37553.8571944682,28,FALSE,48296.5260139153
"Adenylosuccinate","Sample_011867",0.472907328031848,24013.8487630547,29,FALSE,30300.1842964509
"Adenylosuccinate","Sample_011872",0.295504922116443,15329.8941376762,30,FALSE,18984.5209979634
"Adenylosuccinate","Sample_011832",0.386815198437847,20900.6602281583,31,FALSE,25412.4553878966
"Adenylosuccinate","Sample_011837",0.274975287351378,15064.991863907,32,FALSE,17989.7625029366
"Adenylosuccinate","Sample_011842",0.194288539129004,10908.1032156588,33,FALSE,12797.1820282007
"Adenylosuccinate","Sample_011892",0.223001578146911,12851.3763955934,34,FALSE,14816.8942632515
"Adenylosuccinate","Sample_011897",0.2408134537664,14343.1011731874,35,FALSE,16256.3222408319
"Adenylosuccinate","Sample_011902",0.159600155553661,9782.0001776262,36,FALSE,10901.9334266714
"Adenylosuccinate","QC_S_4",0.622813836660654,37729.4527756929,37,TRUE,41359.3568832585
"Adenylosuccinate","Sample_011823",0.582191033638142,33773.1918075583,39,FALSE,39510.189306025
"Adenylosuccinate","Sample_011863",0.433654651628777,24298.7212544557,40,FALSE,29414.559667382
"Adenylosuccinate","Sample_011868",0.564931354744679,30503.1070199286,41,FALSE,38255.1722308946
"Adenylosuccinate","Sample_011873",0.543639486785623,27855.3070450802,42,FALSE,36239.7294652024
"Adenylosuccinate","Sample_011833",0.569499642195642,28264.9388823853,43,FALSE,38199.9390443792
"Adenylosuccinate","Sample_011838",0.254554208013733,12093.4332432997,44,FALSE,17004.2158291389
"Adenylosuccinate","Sample_011843",0.231333810248453,10488.1744780948,45,FALSE,15367.6699670332
"Adenylosuccinate","Sample_011893",0.391621957760565,17107.2199126273,46,FALSE,26167.268358493
"Adenylosuccinate","Sample_011898",0.333822828837119,13756.9161305806,47,FALSE,22009.4782988154
"Adenylosuccinate","Sample_011903",0.383878287944237,15237.4398004496,48,FALSE,25552.1938238392
"Adenylosuccinate","QC_S_5",0.622813836660654,23475.8644978212,49,TRUE,41359.3568832585
"Adenylosuccinate","Sample_011824",0.430008411567241,15816.2210554029,51,FALSE,28207.1343061375
"Adenylosuccinate","Sample_011864",0.284755250945007,10329.3522557938,52,FALSE,18535.565838425
"Adenylosuccinate","Sample_011869",1.06226556849756,38104.8405930347,53,FALSE,68802.7864134519
"Adenylosuccinate","Sample_011874",1.02038228194246,36743.755078696,54,FALSE,66760.462622643
"Adenylosuccinate","Sample_011834",0.372247321912431,13226.8866059551,55,FALSE,24183.5675484847
"Adenylosuccinate","Sample_011839",0.400292410347683,13970.2118344375,56,FALSE,25704.54364649
"Adenylosuccinate","Sample_011844",0.89304742000685,32045.2464477605,57,FALSE,59337.8956832774
"Adenylosuccinate","Sample_011894",0.727673932291582,24948.1617514858,58,FALSE,46492.8712429284
"Adenylosuccinate","Sample_011899",0.433593775498025,14771.3180955,59,FALSE,27705.3894621523
"Adenylosuccinate","Sample_011904",0.375732955733469,12596.831142694,60,FALSE,23780.5361614555
"Adenylosuccinate","QC_S_6",0.622813836660654,21766.0562810976,61,TRUE,41359.3568832585
"ADMA","QC_S_1",67.0294061429418,182755.331651449,1,TRUE,256426.302943772
"ADMA","Sample_011820",177.902063474368,661115.192496449,3,FALSE,825484.437889402
"ADMA","Sample_011860",173.224606407891,689101.078152976,4,FALSE,815531.630938955
"ADMA","Sample_011865",123.290760738244,455556.223714541,5,FALSE,512401.103190998
"ADMA","Sample_011870",164.897123282083,666420.361853717,6,FALSE,714160.647823301
"ADMA","Sample_011830",157.906006953836,654398.556428812,7,FALSE,669638.157718741
"ADMA","Sample_011835",95.6431552158458,392359.578388534,8,FALSE,384164.513230324
"ADMA","Sample_011840",119.295581581843,519372.021367997,9,FALSE,487479.953293578
"ADMA","Sample_011890",99.3896164092725,438282.888711948,10,FALSE,395022.954129048
"ADMA","Sample_011895",150.179823821634,685156.824416659,11,FALSE,593927.94826329
"ADMA","Sample_011900",146.294155255694,682324.992524694,12,FALSE,569699.531622647
"ADMA","QC_S_2",67.0294061429418,318425.792938116,13,TRUE,256426.302943772
"ADMA","Sample_011821",161.093858481824,802993.350914452,15,FALSE,621345.078898639
"ADMA","Sample_011861",143.90521110335,712668.803841166,16,FALSE,540872.202267934
"ADMA","Sample_011866",114.355506785665,571379.515832198,17,FALSE,425478.381369153
"ADMA","Sample_011871",134.205411982691,684328.989147156,18,FALSE,500170.002148063
"ADMA","Sample_011831",120.642735921059,630754.39722751,19,FALSE,452648.59586167
"ADMA","Sample_011836",135.158131572401,712752.170882967,20,FALSE,502377.994709102
"ADMA","Sample_011841",125.956251433962,669581.218166864,21,FALSE,463686.467512725
"ADMA","Sample_011891",60.2378349435973,340899.420594005,22,FALSE,232011.580383431
"ADMA","Sample_011896",134.180106592075,741808.543704715,23,FALSE,496324.907439996
"ADMA","Sample_011901",69.3536387298947,400090.247794699,24,FALSE,263237.240494661
"ADMA","QC_S_3",67.0294061429418,396221.373209315,25,TRUE,256426.302943772
"ADMA","Sample_011822",134.666115599492,698336.482984807,27,FALSE,501638.449669649
"ADMA","Sample_011862",103.779308822112,501849.198211893,28,FALSE,381465.131747418
"ADMA","Sample_011867",149.65082821697,684417.083194848,29,FALSE,552369.926434004
"ADMA","Sample_011872",145.17537715732,624615.777782725,30,FALSE,537290.995472714
"ADMA","Sample_011832",130.937646359987,538169.639256925,31,FALSE,495552.080951827
"ADMA","Sample_011837",187.657881895324,713961.353223238,32,FALSE,707261.878254504
"ADMA","Sample_011842",201.906337437577,714750.83897764,33,FALSE,766123.510500041
"ADMA","Sample_011892",199.124037909584,652739.425665573,34,FALSE,762174.843419347
"ADMA","Sample_011897",146.377193247044,443945.367235773,35,FALSE,569241.616177795
"ADMA","Sample_011902",230.351896999885,637561.702816581,36,FALSE,906449.644627164
"ADMA","QC_S_4",67.0294061429418,160736.6388978,37,TRUE,256426.302943773
"ADMA","Sample_011823",200.412434130632,509864.660593141,39,FALSE,783519.727046103
"ADMA","Sample_011863",253.120494718076,655444.764607068,40,FALSE,989070.679000256
"ADMA","Sample_011868",236.699659224705,622938.368242287,41,FALSE,923365.809178034
"ADMA","Sample_011873",54.7211479649227,144280.728288476,42,FALSE,210141.015835675
"ADMA","Sample_011833",209.942478201891,566687.072271763,43,FALSE,811243.459329109
"ADMA","Sample_011838",143.216751441167,391571.769378487,44,FALSE,551127.168986939
"ADMA","Sample_011843",154.490643852447,427126.855910889,45,FALSE,591224.975238868
"ADMA","Sample_011893",147.310463382921,416424.639400116,46,FALSE,567030.76711963
"ADMA","Sample_011898",245.978867464536,697290.323517665,47,FALSE,934271.686340127
"ADMA","Sample_011903",97.7824415756545,284326.231283546,48,FALSE,374953.313288504
"ADMA","QC_S_5",67.0294061429418,197512.094445089,49,TRUE,256426.302943772
"ADMA","Sample_011824",204.103153177231,636887.890819047,51,FALSE,771282.369462818
"ADMA","Sample_011864",198.23886893582,634468.171658865,52,FALSE,743369.250905952
"ADMA","Sample_011869",213.22094434266,701109.711991038,53,FALSE,795581.103224717
"ADMA","Sample_011874",89.8332938473189,307781.37471352,54,FALSE,338591.013305714
"ADMA","Sample_011834",91.1959084352788,319722.451684637,55,FALSE,341307.486581358
"ADMA","Sample_011839",120.270229539979,429120.009543984,56,FALSE,444910.193819414
"ADMA","Sample_011844",57.0714589720095,216762.4659801,57,FALSE,218453.129232534
"ADMA","Sample_011894",162.160935432908,608811.492676467,58,FALSE,596866.859515672
"ADMA","Sample_011899",128.59970885348,495982.356112661,59,FALSE,473372.342965255
"ADMA","Sample_011904",179.85992408494,705301.770444302,60,FALSE,655780.401804679
"ADMA","QC_S_6",67.0294061429418,282906.586520865,61,TRUE,256426.302943772
"ADP","QC_S_1",20.4046383125551,464907.948909278,1,TRUE,230176.88748121
"ADP","Sample_011820",11.2167186292119,287798.923322559,3,FALSE,153472.067420103
"ADP","Sample_011860",14.6485172876066,366651.076037791,4,FALSE,203357.646821135
"ADP","Sample_011865",10.740536411662,227807.455521811,5,FALSE,131625.825672138
"ADP","Sample_011870",8.63540158743419,182896.053360301,6,FALSE,110281.074414959
"ADP","Sample_011830",8.57199763830069,170025.345733253,7,FALSE,107191.215856501
"ADP","Sample_011835",13.5299157506812,242603.604420859,8,FALSE,160248.530368919
"ADP","Sample_011840",8.7411674366919,151844.359503488,9,FALSE,105326.451837019
"ADP","Sample_011890",11.0657514683569,177592.417808242,10,FALSE,129687.417731377
"ADP","Sample_011895",10.4388833417971,157903.803768009,11,FALSE,121733.982146345
"ADP","Sample_011900",11.2098536908392,157666.446671419,12,FALSE,128722.493540238
"ADP","QC_S_2",20.4046383125551,265299.364462164,13,TRUE,230176.88748121
"ADP","Sample_011821",20.3768592631092,255030.578460806,15,FALSE,231753.73289782
"ADP","Sample_011861",29.7177129459069,353850.546349823,16,FALSE,329358.697991865
"ADP","Sample_011866",12.5697472915048,144564.819461523,17,FALSE,137905.813641976
"ADP","Sample_011871",16.8748488689373,189567.407462087,18,FALSE,185448.411033491
"ADP","Sample_011831",19.7982302948122,218192.770931234,19,FALSE,219039.270611683
"ADP","Sample_011836",13.5505673398897,144072.144752983,20,FALSE,148518.830354721
"ADP","Sample_011841",10.3985197905779,106555.664835867,21,FALSE,112878.656007737
"ADP","Sample_011891",21.3546756400259,222622.123606148,22,FALSE,242531.917488402
"ADP","Sample_011896",19.8713079331893,193296.289746947,23,FALSE,216740.466630046
"ADP","Sample_011901",25.9295485133683,251249.280490797,24,FALSE,290207.508991419
"ADP","QC_S_3",20.4046383125551,193275.326218653,25,TRUE,230176.88748121
"ADP","Sample_011822",15.5782566365887,147869.243598432,27,FALSE,171114.554461784
"ADP","Sample_011862",19.1681538425252,182077.839939783,28,FALSE,207759.06028257
"ADP","Sample_011867",13.3515584288937,129132.972909447,29,FALSE,145317.686255492
"ADP","Sample_011872",9.00884487977265,88568.4821233148,30,FALSE,98315.3480903157
"ADP","Sample_011832",11.9606116387378,121879.519982775,31,FALSE,133479.255634502
"ADP","Sample_011837",10.3802460509383,106746.770384882,32,FALSE,115360.386095399
"ADP","Sample_011842",9.41909792678525,98809.100876354,33,FALSE,105388.631289765
"ADP","Sample_011892",9.64684534123422,103415.633394706,34,FALSE,108880.936744918
"ADP","Sample_011897",7.40012242669848,81637.7780584701,35,FALSE,84858.9678835532
"ADP","Sample_011902",7.92110744142535,89547.9527450428,36,FALSE,91912.2519505164
"ADP","QC_S_4",20.4046383125551,227072.366371979,37,TRUE,230176.88748121
"ADP","Sample_011823",19.8583395350234,209814.520176389,39,FALSE,228930.584652655
"ADP","Sample_011863",13.9379171339017,141563.597948905,40,FALSE,160595.550275772
"ADP","Sample_011868",16.6051627515734,161686.537924109,41,FALSE,191009.472883733
"ADP","Sample_011873",17.3414419242597,159350.292198999,42,FALSE,196370.590663094
"ADP","Sample_011833",16.4264985253074,145330.371954902,43,FALSE,187167.957415985
"ADP","Sample_011838",7.62206252197639,64129.1982598364,44,FALSE,86490.0448540313
"ADP","Sample_011843",12.5161866372552,99780.0127096664,45,FALSE,141240.170167413
"ADP","Sample_011893",11.0715152680262,84377.9445867441,46,FALSE,125665.396235479
"ADP","Sample_011898",11.3031111668039,80569.012388586,47,FALSE,126592.798830703
"ADP","Sample_011903",13.1099443883177,89154.1751435094,48,FALSE,148235.69053538
"ADP","QC_S_5",20.4046383125551,130378.696672095,49,TRUE,230176.88748121
"ADP","Sample_011824",17.9547377306832,108942.022664227,51,FALSE,200068.339882297
"ADP","Sample_011864",12.9944471608681,76665.8902814034,52,FALSE,143684.262120082
"ADP","Sample_011869",35.8559273166936,206175.497205986,53,FALSE,394503.77963093
"ADP","Sample_011874",33.0939065675752,188195.731316393,54,FALSE,367808.492448877
"ADP","Sample_011834",17.7119859960231,97873.3515398388,55,FALSE,195466.94884409
"ADP","Sample_011839",12.9907186745184,69401.5895841437,56,FALSE,141704.292927407
"ADP","Sample_011844",33.1463985212216,179133.05056463,57,FALSE,374120.284297265
"ADP","Sample_011894",32.2114892467627,163565.943088997,58,FALSE,349605.005407149
"ADP","Sample_011899",21.2323531496735,105299.085861982,59,FALSE,230460.5728416
"ADP","Sample_011904",16.3835153544235,78552.1033408097,60,FALSE,176143.545246709
"ADP","QC_S_6",20.4046383125551,100127.622253091,61,TRUE,230176.88748121
"aKG","QC_S_1",2.3837517155752,66845.1049405032,1,TRUE,67650.9945592698
"aKG","Sample_011820",2.10241287189077,72187.9708621665,3,FALSE,72370.5510611594
"aKG","Sample_011860",2.62241411039883,91789.015359489,4,FALSE,91590.0862067251
"aKG","Sample_011865",2.5273084836823,78455.9251016129,5,FALSE,77920.8617474859
"aKG","Sample_011870",2.03536948564191,66150.6901600228,6,FALSE,65394.6264979884
"aKG","Sample_011830",2.71351948415502,86754.8433376049,7,FALSE,85367.0853316914
"aKG","Sample_011835",3.06793597323626,93332.0011136305,8,FALSE,91416.7147073979
"aKG","Sample_011840",2.72106065956586,84602.6699804995,9,FALSE,82487.2059896119
"aKG","Sample_011890",2.71736242615794,82551.6457701011,10,FALSE,80120.7215645038
"aKG","Sample_011895",2.57565299236143,78213.328181391,11,FALSE,75565.8359993327
"aKG","Sample_011900",2.38875993882492,71751.0222414387,12,FALSE,69009.2586253822
"aKG","QC_S_2",2.3837517155752,70656.4019182254,13,TRUE,67650.9945592698
"aKG","Sample_011821",2.69692058568243,80124.1622807501,15,FALSE,77168.135192953
"aKG","Sample_011861",2.87882013504772,83098.3831941702,16,FALSE,80269.1456002648
"aKG","Sample_011866",3.00013579739406,85474.3632885207,17,FALSE,82808.9535153178
"aKG","Sample_011871",3.13426039171231,89180.121717799,18,FALSE,86656.0031170611
"aKG","Sample_011831",2.27692722987583,65028.1675630585,19,FALSE,63376.0428558128
"aKG","Sample_011836",2.54002044916738,71650.8152825532,20,FALSE,70039.2697787104
"aKG","Sample_011841",2.6959449600434,75094.9021315777,21,FALSE,73626.0808751466
"aKG","Sample_011891",2.62277955617389,76206.5280231815,22,FALSE,74940.755301483
"aKG","Sample_011896",2.54936928922592,70923.8285981716,23,FALSE,69956.2716330961
"aKG","Sample_011901",2.93603608628046,83561.9184878289,24,FALSE,82671.42709677
"aKG","QC_S_3",2.3837517155752,68172.7206262808,25,TRUE,67650.9945592698
"aKG","Sample_011822",2.54854097669399,71011.4201757184,27,FALSE,70427.1432550788
"aKG","Sample_011862",2.37652684247479,65360.6975927106,28,FALSE,64804.1419736807
"aKG","Sample_011867",2.59745724737252,71755.4582599357,29,FALSE,71123.8531783321
"aKG","Sample_011872",2.97989108166517,82565.4473649235,30,FALSE,81815.0042993145
"aKG","Sample_011832",2.74568544759142,77818.45132144,31,FALSE,77088.8423508203
"aKG","Sample_011837",2.48857072190676,70258.0508852288,32,FALSE,69579.1942438788
"aKG","Sample_011842",2.89539938082399,82321.9392729896,33,FALSE,81502.9417337055
"aKG","Sample_011892",2.75279020407925,78974.6809325581,34,FALSE,78166.3803898423
"aKG","Sample_011897",2.9158768094356,85016.2175936876,35,FALSE,84121.7632785846
"aKG","Sample_011902",2.05463940595223,60634.8601191056,36,FALSE,59979.5869954219
"aKG","QC_S_4",2.3837517155752,68409.8370154483,37,TRUE,67650.9945592698
"aKG","Sample_011823",2.29951984095198,67370.3856666574,39,FALSE,66692.7156216978
"aKG","Sample_011863",2.51560382231914,73624.4079740736,40,FALSE,72921.9427796286
"aKG","Sample_011868",2.28955955905856,66862.1733509209,41,FALSE,66258.8768483956
"aKG","Sample_011873",1.95116920283763,56062.9133916585,42,FALSE,55586.1414258838
"aKG","Sample_011833",2.85884537991902,82611.2617167936,43,FALSE,81951.6164205565
"aKG","Sample_011838",2.71790724888481,78174.0857304869,44,FALSE,77590.5092633853
"aKG","Sample_011843",2.29198177349225,65524.5855335439,45,FALSE,65069.5369450397
"aKG","Sample_011893",2.84087828317116,81647.0369665893,46,FALSE,81122.5555450298
"aKG","Sample_011898",2.36164986757967,66938.7799521621,47,FALSE,66543.6882462843
"aKG","Sample_011903",2.30540494112962,65935.97455086,48,FALSE,65581.2221769614
"aKG","QC_S_5",2.3837517155752,67981.225444068,49,TRUE,67650.9945592698
"aKG","Sample_011824",2.46851493507165,68833.3773616261,51,FALSE,69201.4854453908
"aKG","Sample_011864",2.62364106184886,72224.9400419955,52,FALSE,72985.4296193647
"aKG","Sample_011869",2.52829587480878,68897.7919601926,53,FALSE,69983.9515334957
"aKG","Sample_011874",2.27320266084125,62250.5560721871,54,FALSE,63561.2203373215
"aKG","Sample_011834",2.38321061537061,64466.2262973766,55,FALSE,66168.1288168375
"aKG","Sample_011839",3.2185430721944,85603.8681436702,56,FALSE,88326.1925702688
"aKG","Sample_011844",2.51181309265317,68763.0163091477,57,FALSE,71325.1318041331
"aKG","Sample_011894",2.39185524643696,62631.1985481799,58,FALSE,65310.3611900178
"aKG","Sample_011899",2.05405099361966,53503.5670659674,59,FALSE,56090.599796018
"aKG","Sample_011904",2.39360308291594,61426.5867095904,60,FALSE,64742.8973896999
"aKG","QC_S_6",2.3837517155752,63840.6774110934,61,TRUE,67650.9945592698
"Alanine_1","QC_S_1",43.0059347763941,447009.656143803,1,TRUE,327994.730599953
"Alanine_1","Sample_011820",32.4020762291985,412516.332838956,3,FALSE,299738.148098728
"Alanine_1","Sample_011860",28.0883242626236,364591.481719409,4,FALSE,263632.126358682
"Alanine_1","Sample_011865",40.2152563810535,463040.192483697,5,FALSE,333205.100767576
"Alanine_1","Sample_011870",31.5092531757858,379890.155920296,6,FALSE,272058.451459079
"Alanine_1","Sample_011830",33.9841516743209,403119.530513135,7,FALSE,287315.628680562
"Alanine_1","Sample_011835",37.1811760287156,419731.154115522,8,FALSE,297733.53087123
"Alanine_1","Sample_011840",25.0663537572889,289245.998330315,9,FALSE,204204.280789354
"Alanine_1","Sample_011890",43.8941435296411,494972.457370159,10,FALSE,347799.675869662
"Alanine_1","Sample_011895",28.5863932190743,322265.92625778,11,FALSE,225383.858972484
"Alanine_1","Sample_011900",22.1519361435154,247054.981429565,12,FALSE,171977.587812106
"Alanine_1","QC_S_2",43.0059347763941,473379.411568478,13,TRUE,327994.730599953
"Alanine_1","Sample_011821",36.9308521649164,390674.256464619,15,FALSE,283977.861046301
"Alanine_1","Sample_011861",30.2651099207352,304326.325497664,16,FALSE,226778.39218898
"Alanine_1","Sample_011866",33.1430277158091,321606.052115252,17,FALSE,245840.749341917
"Alanine_1","Sample_011871",41.3475495769239,391518.29619069,18,FALSE,307212.3452483
"Alanine_1","Sample_011831",40.6297726935075,377048.434453536,19,FALSE,303910.474146375
"Alanine_1","Sample_011836",28.5468541869656,255302.869402705,20,FALSE,211537.789024203
"Alanine_1","Sample_011841",30.2950977978816,260832.824652791,21,FALSE,222340.372283921
"Alanine_1","Sample_011891",49.095998811655,429524.393052229,22,FALSE,376988.136427189
"Alanine_1","Sample_011896",44.0025951717418,358750.304794559,23,FALSE,324487.150848875
"Alanine_1","Sample_011901",48.9522584899345,397023.48910165,24,FALSE,370418.003454693
"Alanine_1","QC_S_3",43.0059347763941,340478.024764288,25,TRUE,327994.730599953
"Alanine_1","Sample_011822",37.705551233517,286413.926679041,27,FALSE,280013.55384552
"Alanine_1","Sample_011862",52.1901945029147,388284.426217412,28,FALSE,382449.646524866
"Alanine_1","Sample_011867",28.3570068869629,210263.824163204,29,FALSE,208666.419949447
"Alanine_1","Sample_011872",28.4533185790007,209949.26982359,30,FALSE,209937.87707514
"Alanine_1","Sample_011832",43.2898677027746,324162.191150602,31,FALSE,326627.170082607
"Alanine_1","Sample_011837",25.2903259013512,187145.84988438,32,FALSE,190024.299958393
"Alanine_1","Sample_011842",27.7654845261826,205258.697550718,33,FALSE,210036.78950078
"Alanine_1","Sample_011892",28.143571694852,208241.109678264,34,FALSE,214759.017303087
"Alanine_1","Sample_011897",52.1935964322362,389295.123608967,35,FALSE,404652.03269247
"Alanine_1","Sample_011902",19.3311238486621,144744.666786474,36,FALSE,151652.74253674
"Alanine_1","QC_S_4",43.0059347763941,310560.837252257,37,TRUE,327994.730599953
"Alanine_1","Sample_011823",38.9654921290846,273374.717596239,39,FALSE,303701.343908318
"Alanine_1","Sample_011863",36.5144757151189,249403.549226262,40,FALSE,284450.277340954
"Alanine_1","Sample_011868",30.1394109065239,200043.721044765,41,FALSE,234397.07698126
"Alanine_1","Sample_011873",44.3437296157036,281807.824402315,42,FALSE,339491.668501522
"Alanine_1","Sample_011833",24.3763892994874,151493.090322698,43,FALSE,187785.278036778
"Alanine_1","Sample_011838",30.3205948691217,182226.526568359,44,FALSE,232614.613920892
"Alanine_1","Sample_011843",18.0150845390467,104462.40323009,45,FALSE,137444.754083742
"Alanine_1","Sample_011893",56.5180988535759,319507.281840747,46,FALSE,433712.409931715
"Alanine_1","Sample_011898",26.5916495060905,143632.036179961,47,FALSE,201354.77971784
"Alanine_1","Sample_011903",44.0771969502553,232490.774387942,48,FALSE,336954.733823495
"Alanine_1","QC_S_5",43.0059347763941,218649.288990079,49,TRUE,327994.730599953
"Alanine_1","Sample_011824",26.8900212267677,130849.046434557,51,FALSE,202579.787125938
"Alanine_1","Sample_011864",55.4860109686671,263630.663741912,52,FALSE,414801.731408329
"Alanine_1","Sample_011869",22.4660607865548,104482.550672153,53,FALSE,167117.835388814
"Alanine_1","Sample_011874",33.5883957151961,155180.106356008,54,FALSE,252387.963755153
"Alanine_1","Sample_011834",23.7717320298353,107216.888430025,55,FALSE,177366.894565671
"Alanine_1","Sample_011839",28.0225739412957,122786.301301715,56,FALSE,206663.374214446
"Alanine_1","Sample_011844",37.638434341495,167672.691588594,57,FALSE,287218.308557321
"Alanine_1","Sample_011894",29.0088817068316,122062.101783219,58,FALSE,212864.621738781
"Alanine_1","Sample_011899",36.7374698374436,151801.567130268,59,FALSE,269595.980635996
"Alanine_1","Sample_011904",26.4575301310462,106295.778191329,60,FALSE,192315.639156619
"Alanine_1","QC_S_6",43.0059347763941,177891.164880815,61,TRUE,327994.730599953
"Alanine_2","QC_S_1",0.266623619057252,21562.3576501861,1,TRUE,22987.8260850223
"Alanine_2","Sample_011820",0.357930833251679,36390.0907032637,3,FALSE,37430.7992695236
"Alanine_2","Sample_011860",0.259188022505424,27206.7115256649,4,FALSE,27500.984393533
"Alanine_2","Sample_011865",0.36716408610037,34610.9539482667,5,FALSE,34390.7623218795
"Alanine_2","Sample_011870",0.308796564648865,30849.4664967825,6,FALSE,30140.9808604974
"Alanine_2","Sample_011830",0.301832997811531,30019.1121178622,7,FALSE,28847.6435496167
"Alanine_2","Sample_011835",0.300854594898929,28806.4323119341,8,FALSE,27234.6678711029
"Alanine_2","Sample_011840",0.300611041129637,29755.9025771689,9,FALSE,27684.6740304519
"Alanine_2","Sample_011890",0.390462609042283,38190.2858925844,10,FALSE,34975.4132378876
"Alanine_2","Sample_011895",0.232776368678413,23009.27731962,11,FALSE,20747.3744455487
"Alanine_2","Sample_011900",0.236808766592048,23404.8066461018,12,FALSE,20783.5029378635
"Alanine_2","QC_S_2",0.266623619057252,26280.3111907059,13,TRUE,22987.8260850223
"Alanine_2","Sample_011821",0.334853520424936,34593.3406430386,15,FALSE,29107.8972345836
"Alanine_2","Sample_011861",0.21744195696997,22306.4686884086,16,FALSE,18418.8950543864
"Alanine_2","Sample_011866",0.261662759568025,27068.6012331929,17,FALSE,21941.4041656265
"Alanine_2","Sample_011871",0.335193965122517,35370.035902533,18,FALSE,28154.3747547658
"Alanine_2","Sample_011831",0.273043569842909,29527.8036537956,19,FALSE,23088.4106353381
"Alanine_2","Sample_011836",0.18598638347634,20277.7830083521,20,FALSE,15580.1510099556
"Alanine_2","Sample_011841",0.1545275337541,16976.2612633957,21,FALSE,12820.7269853141
"Alanine_2","Sample_011891",0.249083282580029,29118.5864906006,22,FALSE,21621.5574130581
"Alanine_2","Sample_011896",0.304450998198091,34754.5928097681,23,FALSE,25380.3393486933
"Alanine_2","Sample_011901",0.315320047973379,37545.643165301,24,FALSE,26973.154879385
"Alanine_2","QC_S_3",0.266623619057252,32518.0206465867,25,TRUE,22987.8260850223
"Alanine_2","Sample_011822",0.242311957192745,26914.885818627,27,FALSE,20342.7383760072
"Alanine_2","Sample_011862",0.334516679289505,35396.7305181203,28,FALSE,27711.7488550056
"Alanine_2","Sample_011867",0.16936677233031,17351.576437424,29,FALSE,14089.0333290262
"Alanine_2","Sample_011872",0.202713300168464,20050.1399894393,30,FALSE,16908.3382697546
"Alanine_2","Sample_011832",0.34090904420034,33150.7689065316,31,FALSE,29078.0568757622
"Alanine_2","Sample_011837",0.189319240728722,17597.4700079999,32,FALSE,16080.897305484
"Alanine_2","Sample_011842",0.206628038951663,18528.1493037014,33,FALSE,17670.147618675
"Alanine_2","Sample_011892",0.288256334334955,24936.0692676451,34,FALSE,24866.3397880019
"Alanine_2","Sample_011897",0.329642728407968,27650.5800455562,35,FALSE,28891.414976062
"Alanine_2","Sample_011902",0.165418444742944,13369.0018641085,36,FALSE,14670.2632714585
"Alanine_2","QC_S_4",0.266623619057252,19897.0436380786,37,TRUE,22987.8260850223
"Alanine_2","Sample_011823",0.290230851506776,21584.8790476944,39,FALSE,25572.367265859
"Alanine_2","Sample_011863",0.344951342888316,25315.0086044696,40,FALSE,30378.0534044639
"Alanine_2","Sample_011868",0.26059867932861,18846.7262194799,41,FALSE,22911.3379595031
"Alanine_2","Sample_011873",0.303469884344895,21323.1861702629,42,FALSE,26264.7524212576
"Alanine_2","Sample_011833",0.263580104643641,18389.1526468678,43,FALSE,22954.3817218909
"Alanine_2","Sample_011838",0.224915885621685,15417.5593827628,44,FALSE,19506.5388683564
"Alanine_2","Sample_011843",0.31139386071961,20939.0634811267,45,FALSE,26857.322807598
"Alanine_2","Sample_011893",0.371980327567336,24812.2613095227,46,FALSE,32269.711727996
"Alanine_2","Sample_011898",0.263641909283659,17110.2043109231,47,FALSE,22567.9402086623
"Alanine_2","Sample_011903",0.353928086389788,22861.3348932795,48,FALSE,30586.7568683853
"Alanine_2","QC_S_5",0.266623619057252,16934.847372428,49,TRUE,22987.8260850223
"Alanine_2","Sample_011824",0.247028510465648,16078.2878343762,51,FALSE,21038.4070752756
"Alanine_2","Sample_011864",0.42491465098147,27938.5617850909,52,FALSE,35910.3445327102
"Alanine_2","Sample_011869",0.225224986202408,14996.1271257567,53,FALSE,18939.7067399901
"Alanine_2","Sample_011874",0.270223223301785,18490.92626005,54,FALSE,22954.2368111537
"Alanine_2","Sample_011834",0.210738529917583,14563.8185534883,55,FALSE,17775.2816734994
"Alanine_2","Sample_011839",0.257429804126074,17880.2712328639,56,FALSE,21462.2439707453
"Alanine_2","Sample_011844",0.311138930282946,22730.8768866044,57,FALSE,26840.817177029
"Alanine_2","Sample_011894",0.171793211017239,12264.9659802912,58,FALSE,14250.802016956
"Alanine_2","Sample_011899",0.333335285426132,24180.687720367,59,FALSE,27653.2556232423
"Alanine_2","Sample_011904",0.202624820071451,14788.65591192,60,FALSE,16650.1731591399
"Alanine_2","QC_S_6",0.266623619057252,20734.3760121486,61,TRUE,22987.8260850223
"Allantoin","QC_S_1",1616.38069642644,203370.503542511,1,TRUE,1023680.66934515
"Allantoin","Sample_011820",15948.2601527441,4014631.40548651,3,FALSE,12250811.6865592
"Allantoin","Sample_011860",7341.64754891589,2244296.95886452,4,FALSE,5722007.28316376
"Allantoin","Sample_011865",3599.57079667689,1131158.71301562,5,FALSE,2476588.72516965
"Allantoin","Sample_011870",10872.2008486786,4063289.56840542,6,FALSE,7795140.56935835
"Allantoin","Sample_011830",10725.7396237566,4410882.39192446,7,FALSE,7529956.01362043
"Allantoin","Sample_011835",3078.26681755971,1331081.88264701,8,FALSE,2046884.13012759
"Allantoin","Sample_011840",10218.8909856793,4941441.57045148,9,FALSE,6912892.70366622
"Allantoin","Sample_011890",5195.69494646074,2664233.13236854,10,FALSE,3418602.53610828
"Allantoin","Sample_011895",7606.17289356951,4202218.52103706,11,FALSE,4979801.28131196
"Allantoin","Sample_011900",7156.94286903842,4191152.85191559,12,FALSE,4613920.2669134
"Allantoin","QC_S_2",1616.38069642644,995928.677276199,13,TRUE,1023680.66934515
"Allantoin","Sample_011821",4554.98811755309,3148432.21135166,15,FALSE,2908471.25261744
"Allantoin","Sample_011861",2758.94889249345,1952381.90372718,16,FALSE,1716664.57175253
"Allantoin","Sample_011866",5696.31222130423,4182704.74954163,17,FALSE,3508632.23353977
"Allantoin","Sample_011871",4106.72109293654,3159416.91571728,18,FALSE,2533765.79135653
"Allantoin","Sample_011831",3159.01637842163,2554213.91282493,19,FALSE,1962165.00336261
"Allantoin","Sample_011836",4888.60946183228,4080655.04685067,20,FALSE,3008135.67726331
"Allantoin","Sample_011841",5092.96244249143,4380589.01298092,21,FALSE,3103836.35479485
"Allantoin","Sample_011891",1102.12514510871,1030325.32401516,22,FALSE,702740.311969161
"Allantoin","Sample_011896",2687.10342570749,2502672.31972219,23,FALSE,1645454.84300363
"Allantoin","Sample_011901",1615.13657541715,1599201.62528172,24,FALSE,1014871.31515332
"Allantoin","QC_S_3",1616.38069642644,1669188.07228404,25,TRUE,1023680.66934515
"Allantoin","Sample_011822",3713.52073096123,3420367.96566132,27,FALSE,2290034.2851502
"Allantoin","Sample_011862",4521.54704264629,3921014.88716975,28,FALSE,2751406.59895901
"Allantoin","Sample_011867",4878.05447938004,4043648.57938763,29,FALSE,2980720.09243379
"Allantoin","Sample_011872",5814.22608689149,4588644.11741915,30,FALSE,3562313.71166399
"Allantoin","Sample_011832",2360.37170014056,1803646.22591249,31,FALSE,1478865.98854452
"Allantoin","Sample_011837",6464.20972411714,4642730.59785034,32,FALSE,4033225.70148803
"Allantoin","Sample_011842",6720.32250492537,4570267.96077697,33,FALSE,4221459.25871433
"Allantoin","Sample_011892",6321.87316303391,4062522.00609209,34,FALSE,4005902.23398639
"Allantoin","Sample_011897",3750.9723372442,2283583.37536157,35,FALSE,2414853.21071726
"Allantoin","Sample_011902",8283.63471650147,4733353.84223009,36,FALSE,5396304.86719314
"Allantoin","QC_S_4",1616.38069642644,827803.257702659,37,TRUE,1023680.66934515
"Allantoin","Sample_011823",2722.55554925771,1481476.30248276,39,FALSE,1762080.19540393
"Allantoin","Sample_011863",8382.44946245548,4645968.79145942,40,FALSE,5422438.16768862
"Allantoin","Sample_011868",7010.12318269932,3951548.7937817,41,FALSE,4527155.93760691
"Allantoin","Sample_011873",1710.86141024502,966828.281657325,42,FALSE,1087662.37688754
"Allantoin","Sample_011833",5920.94392494543,3427618.32164436,43,FALSE,3787612.0093541
"Allantoin","Sample_011838",7460.964571074,4377626.40898961,44,FALSE,4753096.46174382
"Allantoin","Sample_011843",5844.24068119465,3469505.50665254,45,FALSE,3702561.91456792
"Allantoin","Sample_011893",3478.2541544671,2112511.06726843,46,FALSE,2216450.25776297
"Allantoin","Sample_011898",6593.44982430502,4017957.36077617,47,FALSE,4145832.42037098
"Allantoin","Sample_011903",3918.18154278761,2450482.17999327,48,FALSE,2487279.1013275
"Allantoin","QC_S_5",1616.38069642644,1024966.56618379,49,TRUE,1023680.66934515
"Allantoin","Sample_011824",5673.66964014298,3782588.14828489,51,FALSE,3549370.8841145
"Allantoin","Sample_011864",5887.67719658161,4012904.48582072,52,FALSE,3654966.66605681
"Allantoin","Sample_011869",6862.80827572973,4790920.30220205,53,FALSE,4239162.95057202
"Allantoin","Sample_011874",3920.35632503023,2843389.24971438,54,FALSE,2446173.70476681
"Allantoin","Sample_011834",4241.68107495544,3139477.75068921,55,FALSE,2628040.90230904
"Allantoin","Sample_011839",5768.72791846255,4334143.95517239,56,FALSE,3532790.7981926
"Allantoin","Sample_011844",1998.28156975941,1594282.98742459,57,FALSE,1266250.48864961
"Allantoin","Sample_011894",5209.84149634865,4099217.3691107,58,FALSE,3174529.61771604
"Allantoin","Sample_011899",4358.4002541084,3515122.26030952,59,FALSE,2655911.83512374
"Allantoin","Sample_011904",4731.97840373075,3872263.3133897,60,FALSE,2856211.93478061
"Allantoin","QC_S_6",1616.38069642644,1420826.93908168,61,TRUE,1023680.66934515
"AMP","QC_S_1",0.900047266882626,42957.218561737,1,TRUE,53243.5599937149
"AMP","Sample_011820",0.351720459371019,22452.0485372499,3,FALSE,25236.5570837517
"AMP","Sample_011860",0.344315941213493,23339.1907978546,4,FALSE,25066.4554391515
"AMP","Sample_011865",0.908859843778002,56804.1689089169,5,FALSE,58409.1664182837
"AMP","Sample_011870",0.675810849332939,45891.1841734887,6,FALSE,45259.7931929795
"AMP","Sample_011830",0.411812973418819,28500.6452596542,7,FALSE,27005.1214467518
"AMP","Sample_011835",0.855434107530073,58275.3853944808,8,FALSE,53131.7941627443
"AMP","Sample_011840",0.682326176426193,49075.1598877658,9,FALSE,43115.0608982553
"AMP","Sample_011890",0.861456886293839,62456.6199564323,10,FALSE,52944.32724227
"AMP","Sample_011895",0.591691730966017,44184.6721809237,11,FALSE,36184.4720765797
"AMP","Sample_011900",0.567367661339002,43134.7798387163,12,FALSE,34165.5199420691
"AMP","QC_S_2",0.900047266882626,69427.0800043046,13,TRUE,53243.5599937149
"AMP","Sample_011821",0.670849515816625,50703.2803471119,15,FALSE,40011.3826272391
"AMP","Sample_011861",0.30294665012932,21988.7810691094,16,FALSE,17607.1419091832
"AMP","Sample_011866",0.478571052171157,33880.4804168927,17,FALSE,27534.1332656038
"AMP","Sample_011871",0.600039560514527,41915.9502170958,18,FALSE,34580.5634276366
"AMP","Sample_011831",0.670208819512899,46418.5261405389,19,FALSE,38884.3378311992
"AMP","Sample_011836",0.501302468535169,33866.9482068664,20,FALSE,28813.2893744748
"AMP","Sample_011841",0.255613790402726,16835.9375810244,21,FALSE,14551.0235530041
"AMP","Sample_011891",0.841481945819172,57066.9349225241,22,FALSE,50117.5324036336
"AMP","Sample_011896",0.791383892697211,50711.0600608121,23,FALSE,45265.7492702076
"AMP","Sample_011901",0.991057886458493,64096.7517326336,24,FALSE,58167.6701041522
"AMP","QC_S_3",0.900047266882626,57692.8721014807,25,TRUE,53243.5599937149
"AMP","Sample_011822",0.227880210886288,15396.8544104603,27,FALSE,13126.3404940374
"AMP","Sample_011862",0.459933257343713,31832.8833491775,28,FALSE,26142.2796586799
"AMP","Sample_011867",0.497316161158874,35832.6559862415,29,FALSE,28384.9440536602
"AMP","Sample_011872",0.335497430957526,25096.5942737134,30,FALSE,19200.4040186501
"AMP","Sample_011832",0.388903100656219,30766.658183676,31,FALSE,22759.9209286516
"AMP","Sample_011837",0.238379112607233,19401.0713727138,32,FALSE,13892.6856093695
"AMP","Sample_011842",0.19895384323503,16824.0248652088,33,FALSE,11673.6250857068
"AMP","Sample_011892",0.211845421208562,18631.3927420057,34,FALSE,12538.7594439344
"AMP","Sample_011897",0.164582915296522,15148.7434594601,35,FALSE,9897.20458273257
"AMP","Sample_011902",0.103969159974273,9966.15738268899,36,FALSE,6326.46331571357
"AMP","QC_S_4",0.900047266882626,86255.467257335,37,TRUE,53243.5599937149
"AMP","Sample_011823",0.540937528391116,48036.6329230289,39,FALSE,32702.1987751202
"AMP","Sample_011863",0.29686766772948,24993.6917063367,40,FALSE,17937.7301538596
"AMP","Sample_011868",0.182174904469073,14481.7394313704,41,FALSE,10989.2809378302
"AMP","Sample_011873",0.455179317694101,33577.8458108319,42,FALSE,27029.792844947
"AMP","Sample_011833",0.406225801149287,28319.2871177849,43,FALSE,24272.9723895985
"AMP","Sample_011838",0.164896813669315,10706.7673714437,44,FALSE,9812.3907732736
"AMP","Sample_011843",0.271981608058734,16346.1401351728,45,FALSE,16095.1376373577
"AMP","Sample_011893",0.437131969670831,24458.9330658741,46,FALSE,26018.9740306083
"AMP","Sample_011898",0.321731878213962,16335.5492837141,47,FALSE,18896.1815683955
"AMP","Sample_011903",0.559629240470719,26179.6259362563,48,FALSE,33183.4308361325
"AMP","QC_S_5",0.900047266882626,37983.1005153665,49,TRUE,53243.5599937149
"AMP","Sample_011824",0.266683077583409,10490.7682375356,51,FALSE,15583.4537843815
"AMP","Sample_011864",0.241803498279285,9157.29345810355,52,FALSE,14021.1272377685
"AMP","Sample_011869",0.981448065873013,35845.9494040307,53,FALSE,56627.382716652
"AMP","Sample_011874",1.5595131131656,55710.4844812327,54,FALSE,90893.2648095993
"AMP","Sample_011834",0.506361015880136,17372.6155359645,55,FALSE,29304.5658991292
"AMP","Sample_011839",0.484141488645804,15861.5830944865,56,FALSE,27694.3442898388
"AMP","Sample_011844",1.71711385267377,56168.0196994347,57,FALSE,101634.921518708
"AMP","Sample_011894",1.41244474086432,42812.4115893787,58,FALSE,80390.9683200998
"AMP","Sample_011899",0.926961678381512,27038.9188143684,59,FALSE,52762.971303199
"AMP","Sample_011904",0.60504890149156,16796.1082900571,60,FALSE,34112.9339706017
"AMP","QC_S_6",0.900047266882626,25145.6215220656,61,TRUE,53243.5599937149
"Arginine","QC_S_1",305393709.057778,1295805480.30985,1,TRUE,947134119.008161
"Arginine","Sample_011820",141126702.722345,687633871.452303,3,FALSE,530873803.952714
"Arginine","Sample_011860",96340310.1869376,462884039.870821,4,FALSE,367699858.750342
"Arginine","Sample_011865",195744944.135453,806217237.326443,5,FALSE,659514385.949873
"Arginine","Sample_011870",141587814.131776,589595358.05014,6,FALSE,497121915.63494
"Arginine","Sample_011830",144683918.827537,571821786.326962,7,FALSE,497411704.8271
"Arginine","Sample_011835",200756440.273783,727694512.691513,8,FALSE,653712865.609873
"Arginine","Sample_011840",142041556.170258,506659570.92157,9,FALSE,470545928.175386
"Arginine","Sample_011890",186930484.663052,626591948.901655,10,FALSE,602303859.23379
"Arginine","Sample_011895",153549839.83462,494216400.987179,11,FALSE,492295351.927095
"Arginine","Sample_011900",149843644.8992,457670610.221765,12,FALSE,473054753.997647
"Arginine","QC_S_2",305393709.057778,881834967.498742,13,TRUE,947134119.008161
"Arginine","Sample_011821",254619793.711839,735009292.442501,15,FALSE,796159785.092628
"Arginine","Sample_011861",150457025.157537,421428593.324481,16,FALSE,458442431.629131
"Arginine","Sample_011866",170589682.899933,470982986.694654,17,FALSE,514549752.111129
"Arginine","Sample_011871",211239707.026037,581682305.762776,18,FALSE,638230219.917081
"Arginine","Sample_011831",251751191.906608,694891152.723737,19,FALSE,765747753.28121
"Arginine","Sample_011836",226514083.161656,616713272.180899,20,FALSE,682555284.269101
"Arginine","Sample_011841",200691003.86158,538813471.107555,21,FALSE,598944795.383405
"Arginine","Sample_011891",296737149.246074,829881279.053112,22,FALSE,926544802.469333
"Arginine","Sample_011896",252719164.983454,675786296.891527,23,FALSE,757827413.90327
"Arginine","Sample_011901",281644056.84552,769401483.565559,24,FALSE,866628295.80049
"Arginine","QC_S_3",305393709.057778,837151779.563547,25,TRUE,947134119.008161
"Arginine","Sample_011822",259768360.785359,708205698.892973,27,FALSE,784463847.188421
"Arginine","Sample_011862",196801217.84675,534979874.817298,28,FALSE,586443329.110522
"Arginine","Sample_011867",191914065.515796,529299578.334075,29,FALSE,574264410.83086
"Arginine","Sample_011872",177529458.950809,495979144.055461,30,FALSE,532649133.216444
"Arginine","Sample_011832",263853137.678139,761467171.072653,31,FALSE,809545444.117438
"Arginine","Sample_011837",197707807.421102,573911967.434326,32,FALSE,604075824.88796
"Arginine","Sample_011842",180964335.185279,534134595.544036,33,FALSE,556667705.329557
"Arginine","Sample_011892",160952769.850433,483946031.599677,34,FALSE,499440285.886362
"Arginine","Sample_011897",224472523.089737,692422704.718058,35,FALSE,707686012.1689
"Arginine","Sample_011902",141116844.836352,444725874.876435,36,FALSE,450178700.84111
"Arginine","QC_S_4",305393709.057778,944617344.006274,37,TRUE,947134119.008161
"Arginine","Sample_011823",268715100.756858,841431647.449279,39,FALSE,851670375.914701
"Arginine","Sample_011863",152990102.493957,476542563.58814,40,FALSE,484638094.258105
"Arginine","Sample_011868",171814429.860514,531742209.4196,41,FALSE,543362907.064549
"Arginine","Sample_011873",280330084.506227,849978100.698707,42,FALSE,872729249.385277
"Arginine","Sample_011833",193066945.279386,586203265.785935,43,FALSE,604801709.423022
"Arginine","Sample_011838",186127464.618178,560086063.99437,44,FALSE,580661003.022831
"Arginine","Sample_011843",192288495.696893,572633619.762935,45,FALSE,596565434.543419
"Arginine","Sample_011893",241230041.092899,719041051.795377,46,FALSE,752763608.454567
"Arginine","Sample_011898",157072551.796178,459717286.586222,47,FALSE,483648544.461052
"Arginine","Sample_011903",215600989.780367,633924525.585489,48,FALSE,670225989.56779
"Arginine","QC_S_5",305393709.057778,891399668.014208,49,TRUE,947134119.008161
"Arginine","Sample_011824",237335221.395329,676691009.833802,51,FALSE,727076452.600521
"Arginine","Sample_011864",209551055.688307,589555043.635346,52,FALSE,637029919.763698
"Arginine","Sample_011869",193310768.1991,538108332.701532,53,FALSE,584742741.045994
"Arginine","Sample_011874",239063799.460878,668401374.56313,54,FALSE,730476277.459517
"Arginine","Sample_011834",243867649.544429,673166098.68573,55,FALSE,739909918.554006
"Arginine","Sample_011839",209340690.368257,567888779.341013,56,FALSE,627801088.785542
"Arginine","Sample_011844",300295416.573414,838043870.751845,57,FALSE,931841814.514886
"Arginine","Sample_011894",210773489.568071,562334376.523661,58,FALSE,628928689.950322
"Arginine","Sample_011899",224447251.017523,595358331.499806,59,FALSE,669778776.19039
"Arginine","Sample_011904",208964793.578091,545804624.487784,60,FALSE,617662657.817742
"Arginine","QC_S_6",305393709.057778,831995474.656346,61,TRUE,947134119.008161
"Asparagine","QC_S_1",267701.727730198,10959483.8245784,1,TRUE,19116968.5179981
"Asparagine","Sample_011820",499672.72951003,27024274.5561203,3,FALSE,43279696.2625957
"Asparagine","Sample_011860",566037.999140965,32332718.0701041,4,FALSE,49744774.404871
"Asparagine","Sample_011865",347473.057257835,18210368.2093034,5,FALSE,26956984.6214527
"Asparagine","Sample_011870",516950.25092835,29300837.0488083,6,FALSE,41792874.0980723
"Asparagine","Sample_011830",563539.03835013,32416539.1215352,7,FALSE,44610408.4517307
"Asparagine","Sample_011835",441964.363686921,24926804.1215224,8,FALSE,33137615.5120479
"Asparagine","Sample_011840",542588.097375472,32190798.6415914,9,FALSE,41387892.8685061
"Asparagine","Sample_011890",465899.144967416,27768093.0934074,10,FALSE,34565582.744891
"Asparagine","Sample_011895",494485.863847006,30258867.8118718,11,FALSE,36504525.1920195
"Asparagine","Sample_011900",509961.481327724,31675499.0429995,12,FALSE,37070369.2952443
"Asparagine","QC_S_2",267701.727730198,16823537.1948044,13,TRUE,19116968.5179981
"Asparagine","Sample_011821",428734.021729036,29052091.9999139,15,FALSE,30868283.3966176
"Asparagine","Sample_011861",502588.802275946,34264685.2637544,16,FALSE,35261566.3991656
"Asparagine","Sample_011866",449509.056646294,31291397.6607691,17,FALSE,31219756.6431703
"Asparagine","Sample_011871",440664.728910927,31664178.5264942,18,FALSE,30656781.1778068
"Asparagine","Sample_011831",409713.959471688,30515381.3062053,19,FALSE,28695342.5045093
"Asparagine","Sample_011836",435503.290627706,33057095.1530734,20,FALSE,30216942.7055464
"Asparagine","Sample_011841",420814.516257987,32519798.8248812,21,FALSE,28917853.852247
"Asparagine","Sample_011891",254988.136733188,21176753.9823248,22,FALSE,18332890.1133726
"Asparagine","Sample_011896",364132.875802575,29811196.4815102,23,FALSE,25142501.2523046
"Asparagine","Sample_011901",298495.397033767,25722374.5343641,24,FALSE,21148831.0458812
"Asparagine","QC_S_3",267701.727730198,23835436.2015761,25,TRUE,19116968.5179981
"Asparagine","Sample_011822",349774.896825935,29091966.9482122,27,FALSE,24321579.3293068
"Asparagine","Sample_011862",390493.158941295,31369646.4657308,28,FALSE,26793420.15949
"Asparagine","Sample_011867",395148.295552334,31186007.7388942,29,FALSE,27225863.6672112
"Asparagine","Sample_011872",410881.042129855,31795488.5314468,30,FALSE,28385944.8377544
"Asparagine","Sample_011832",408349.265365556,31582829.444899,31,FALSE,28848763.5640239
"Asparagine","Sample_011837",439345.343497799,33055434.4391712,32,FALSE,30909367.585578
"Asparagine","Sample_011842",445265.014926516,32928792.462425,33,FALSE,31538284.3324638
"Asparagine","Sample_011892",441391.332553034,32128628.4947039,34,FALSE,31537362.6572457
"Asparagine","Sample_011897",439924.354774463,31724805.0838244,35,FALSE,31935365.0585076
"Asparagine","Sample_011902",446075.191719955,31720151.1209395,36,FALSE,32766542.1226087
"Asparagine","QC_S_4",267701.727730198,18022021.9087169,37,TRUE,19116968.5179981
"Asparagine","Sample_011823",311525.597138767,21920564.5437493,39,FALSE,22734722.6974073
"Asparagine","Sample_011863",440235.207134516,31305812.3338999,40,FALSE,32111119.0024465
"Asparagine","Sample_011868",416208.240169472,29873207.0722843,41,FALSE,30308014.2260903
"Asparagine","Sample_011873",269969.646992838,19282747.7403966,42,FALSE,19352684.5663579
"Asparagine","Sample_011833",450127.45577698,32699242.343363,43,FALSE,32468112.6680542
"Asparagine","Sample_011838",465594.314075991,34042432.8058626,44,FALSE,33445394.4389789
"Asparagine","Sample_011843",443621.980518844,32596719.5855613,45,FALSE,31690879.8318784
"Asparagine","Sample_011893",401568.053258031,29988205.8242433,46,FALSE,28853787.9375644
"Asparagine","Sample_011898",416811.840041713,31030978.4459972,47,FALSE,29551946.2824696
"Asparagine","Sample_011903",422113.25432674,32051008.6887982,48,FALSE,30214538.0897258
"Asparagine","QC_S_5",267701.727730198,20484089.7850198,49,TRUE,19116968.5179981
"Asparagine","Sample_011824",375138.097512098,29298882.9759022,51,FALSE,26462173.5338802
"Asparagine","Sample_011864",396197.473179896,31200860.7697117,52,FALSE,27733081.9312524
"Asparagine","Sample_011869",371827.071767431,29598406.9775449,53,FALSE,25898001.6826663
"Asparagine","Sample_011874",391531.321521734,31974600.4003481,54,FALSE,27547060.6444811
"Asparagine","Sample_011834",363737.810945744,29949154.4541108,55,FALSE,25411456.6837682
"Asparagine","Sample_011839",400416.882830089,33080940.436546,56,FALSE,27650134.5296576
"Asparagine","Sample_011844",316749.593178996,27481194.3429546,57,FALSE,22632160.4085393
"Asparagine","Sample_011894",342623.166702947,29004367.5852282,58,FALSE,23540658.1784001
"Asparagine","Sample_011899",350331.874251398,30088609.6574113,59,FALSE,24072056.7881673
"Asparagine","Sample_011904",338022.451250822,29166530.0557573,60,FALSE,23005952.8932937
"Asparagine","QC_S_6",267701.727730198,24577242.1932932,61,TRUE,19116968.5179981
"Aspartate","QC_S_1",108699.276276795,9132163.00144487,1,TRUE,13039475.3641561
"Aspartate","Sample_011820",149779.377525923,16026467.3841472,3,FALSE,21792958.5388092
"Aspartate","Sample_011860",195075.028301652,21682965.6179453,4,FALSE,28798453.8618747
"Aspartate","Sample_011865",145778.035768944,14636928.4595344,5,FALSE,18998000.0462998
"Aspartate","Sample_011870",168383.169336757,18018874.087666,6,FALSE,22867452.3363353
"Aspartate","Sample_011830",171616.904373727,18382334.9889042,7,FALSE,22821168.1933946
"Aspartate","Sample_011835",137534.087654421,14256735.4946061,8,FALSE,17322475.962425
"Aspartate","Sample_011840",174234.122002002,18765596.5134778,9,FALSE,22325535.2451448
"Aspartate","Sample_011890",159333.00874622,17039050.2395025,10,FALSE,19857443.7775252
"Aspartate","Sample_011895",177508.574842556,19274369.389025,11,FALSE,22012926.0842117
"Aspartate","Sample_011900",166852.347095502,18196850.6976238,12,FALSE,20374524.1013486
"Aspartate","QC_S_2",108699.276276795,11874299.2613291,13,TRUE,13039475.3641561
"Aspartate","Sample_011821",140622.186845014,15946481.5603685,15,FALSE,17007637.5939828
"Aspartate","Sample_011861",209481.277417166,23481237.155426,16,FALSE,24688779.4936042
"Aspartate","Sample_011866",159929.889452498,17997859.8216782,17,FALSE,18658912.1078997
"Aspartate","Sample_011871",143260.505130318,16374695.6616512,18,FALSE,16742116.3661502
"Aspartate","Sample_011831",139593.01050206,16284282.2790385,19,FALSE,16423281.6128121
"Aspartate","Sample_011836",156776.911478093,18364579.0931896,20,FALSE,18272871.4755064
"Aspartate","Sample_011841",150946.494366695,17747022.699132,21,FALSE,17424647.1303289
"Aspartate","Sample_011891",109588.213787407,13658819.3570792,22,FALSE,13235502.1493907
"Aspartate","Sample_011896",137558.748908355,16680622.4761099,23,FALSE,15955206.2057656
"Aspartate","Sample_011901",102437.03392004,12910588.2909434,24,FALSE,12191898.5146477
"Aspartate","QC_S_3",108699.276276795,13983930.8544886,25,TRUE,13039475.3641561
"Aspartate","Sample_011822",121170.422717739,14616954.3162361,27,FALSE,14153549.6636068
"Aspartate","Sample_011862",180454.462792642,21067503.8827324,28,FALSE,20799263.9545231
"Aspartate","Sample_011867",162743.643306655,18705235.6491541,29,FALSE,18836109.2836787
"Aspartate","Sample_011872",169023.720205539,19089998.9715356,30,FALSE,19615551.4512132
"Aspartate","Sample_011832",145277.467173189,16436807.5620342,31,FALSE,17240874.8786158
"Aspartate","Sample_011837",162317.379783801,17907603.7295604,32,FALSE,19182920.6257563
"Aspartate","Sample_011842",160780.590849363,17478724.8473013,33,FALSE,19130165.4421499
"Aspartate","Sample_011892",168323.958307849,18057910.3475692,34,FALSE,20202872.4346192
"Aspartate","Sample_011897",175038.664838219,18655078.5718727,35,FALSE,21344868.6183083
"Aspartate","Sample_011902",168194.08438067,17726693.4004899,36,FALSE,20753859.5482601
"Aspartate","QC_S_4",108699.276276795,10878768.8378982,37,TRUE,13039475.3641561
"Aspartate","Sample_011823",100269.677252557,11374794.7259013,39,FALSE,12292243.5360575
"Aspartate","Sample_011863",163299.529768112,19426509.87862,40,FALSE,20008808.0217488
"Aspartate","Sample_011868",142419.339883245,17707604.5428774,41,FALSE,17421333.3731875
"Aspartate","Sample_011873",135850.387098562,17372551.3195718,42,FALSE,16358850.1557975
"Aspartate","Sample_011833",110027.035113126,14764904.0626621,43,FALSE,13331731.7189996
"Aspartate","Sample_011838",135319.128909674,18827645.3373824,44,FALSE,16328769.6463167
"Aspartate","Sample_011843",114932.381069507,16530746.5055143,45,FALSE,13792063.8540375
"Aspartate","Sample_011893",153831.79620191,23100001.6948291,46,FALSE,18567584.3788633
"Aspartate","Sample_011898",127247.058517309,19544621.1194579,47,FALSE,15155120.9989663
"Aspartate","Sample_011903",127813.925148484,20519562.6170042,48,FALSE,15368474.3645753
"Aspartate","QC_S_5",108699.276276795,18003690.9711053,49,TRUE,13039475.3641561
"Aspartate","Sample_011824",100128.016108693,15829664.2080618,51,FALSE,11864667.3839303
"Aspartate","Sample_011864",109876.106003994,16936863.8335067,52,FALSE,12919785.6287491
"Aspartate","Sample_011869",115516.792888226,17403575.1425174,53,FALSE,13515620.4123578
"Aspartate","Sample_011874",115192.390536115,17214075.5368751,54,FALSE,13614389.1659195
"Aspartate","Sample_011834",121605.489298096,17712566.8349414,55,FALSE,14271180.750965
"Aspartate","Sample_011839",125923.267780032,17789410.1034503,56,FALSE,14606846.6003181
"Aspartate","Sample_011844",117304.007783029,16819710.6913562,57,FALSE,14079538.2486479
"Aspartate","Sample_011894",150436.89237441,20338190.0040505,58,FALSE,17362883.2376069
"Aspartate","Sample_011899",153086.01427805,20286829.9026538,59,FALSE,17669923.8333639
"Aspartate","Sample_011904",179000.681266734,23019995.7547194,60,FALSE,20465152.1608601
"Aspartate","QC_S_6",108699.276276795,14363999.2586706,61,TRUE,13039475.3641561
"Bile_2OH","QC_S_1",1.68721121557583,24271.3117067828,1,TRUE,82952.7813771207
"Bile_2OH","Sample_011820",0.377335052886346,13656.8439952183,3,FALSE,22501.9085625251
"Bile_2OH","Sample_011860",0.296499497989343,13707.557608987,4,FALSE,17939.878141851
"Bile_2OH","Sample_011865",4.08885544475588,201197.039189558,5,FALSE,218396.452801338
"Bile_2OH","Sample_011870",0.370009781354351,22209.7910457532,6,FALSE,20594.9309848356
"Bile_2OH","Sample_011830",0.162607179279344,10950.0076021787,7,FALSE,8862.28183462575
"Bile_2OH","Sample_011835",2.194049799452,157740.62711921,8,FALSE,113259.367067613
"Bile_2OH","Sample_011840",0.351767848060877,28632.3513076882,9,FALSE,18473.6556266778
"Bile_2OH","Sample_011890",1.06522296625845,92883.0186448509,10,FALSE,54410.9287198088
"Bile_2OH","Sample_011895",0.303862892727231,28791.4442212479,11,FALSE,15444.1545546216
"Bile_2OH","Sample_011900",0.247812294175263,25070.1413229525,12,FALSE,12402.4085843064
"Bile_2OH","QC_S_2",1.68721121557583,180717.336510744,13,TRUE,82952.7813771207
"Bile_2OH","Sample_011821",0.616884554545036,61179.830079947,15,FALSE,30578.9152542172
"Bile_2OH","Sample_011861",0.087754762113675,8103.93175458062,16,FALSE,4238.89963255925
"Bile_2OH","Sample_011866",0.166129480434642,14480.7155491051,17,FALSE,7943.85707571742
"Bile_2OH","Sample_011871",0.626148939361155,52003.1351277472,18,FALSE,29990.9042555623
"Bile_2OH","Sample_011831",0.836776204713406,66376.0473154296,19,FALSE,40349.0785482318
"Bile_2OH","Sample_011836",0.194875085649299,14486.1805174036,20,FALSE,9309.12897073281
"Bile_2OH","Sample_011841",0.279051165179945,19370.6603908481,21,FALSE,13202.3983970155
"Bile_2OH","Sample_011891",1.44118323828298,98325.0371349316,22,FALSE,71338.4731732921
"Bile_2OH","Sample_011896",1.36369823491591,83586.9008589263,23,FALSE,64827.6853538196
"Bile_2OH","Sample_011901",1.99829655840231,117016.484937595,24,FALSE,97477.0365493963
"Bile_2OH","QC_S_3",1.68721121557583,92204.769259403,25,TRUE,82952.7813771207
"Bile_2OH","Sample_011822",0.378003414327669,20035.5699472713,27,FALSE,18096.4132754433
"Bile_2OH","Sample_011862",0.166831196478872,8708.34592464162,28,FALSE,7881.07820226217
"Bile_2OH","Sample_011867",0.577102667137668,30189.6066274243,29,FALSE,27375.8921820356
"Bile_2OH","Sample_011872",0.347706542169421,18202.05240685,30,FALSE,16538.4102513484
"Bile_2OH","Sample_011832",0.751910941506475,40171.4759308278,31,FALSE,36572.569856434
"Bile_2OH","Sample_011837",0.277890064712774,14755.2664598022,32,FALSE,13460.17664193
"Bile_2OH","Sample_011842",0.294948050813379,15735.7418888253,33,FALSE,14383.3043144046
"Bile_2OH","Sample_011892",0.192505819663937,10339.4671127645,34,FALSE,9469.76239857607
"Bile_2OH","Sample_011897",0.522495649749599,28454.9649513477,35,FALSE,26113.8079598444
"Bile_2OH","Sample_011902",0.236860482272975,13026.3778582631,36,FALSE,11978.6754582723
"Bile_2OH","QC_S_4",1.68721121557583,90026.6502753656,37,TRUE,82952.7813771207
"Bile_2OH","Sample_011823",1.24453388227942,64854.4163373629,39,FALSE,62531.1328571112
"Bile_2OH","Sample_011863",0.324493524194311,16508.9600066533,40,FALSE,16295.5998000996
"Bile_2OH","Sample_011868",0.291385957272614,14448.3917475726,41,FALSE,14608.6160220836
"Bile_2OH","Sample_011873",1.71988498648405,81909.3968273911,42,FALSE,84882.7287607144
"Bile_2OH","Sample_011833",0.515394912465214,24082.6114078061,43,FALSE,25595.0107118217
"Bile_2OH","Sample_011838",0.140241089187209,6359.0994782101,44,FALSE,6935.81623692534
"Bile_2OH","Sample_011843",0.348626763174336,15308.2036385186,45,FALSE,17146.5050539527
"Bile_2OH","Sample_011893",0.890351663582683,38263.3111459845,46,FALSE,44045.2320817931
"Bile_2OH","Sample_011898",0.408584655807823,16846.4011371282,47,FALSE,19944.4352036538
"Bile_2OH","Sample_011903",1.09853224789984,44425.0605053797,48,FALSE,54136.9055837102
"Bile_2OH","QC_S_5",1.68721121557583,66075.6168105543,49,TRUE,82952.7813771207
"Bile_2OH","Sample_011824",0.381795013662482,13962.8657985923,51,FALSE,18542.0710749399
"Bile_2OH","Sample_011864",0.210247238251789,7409.61925302119,52,FALSE,10132.3546121348
"Bile_2OH","Sample_011869",0.931047316711282,31678.2266532018,53,FALSE,44646.8320815514
"Bile_2OH","Sample_011874",1.43475979361263,47800.020022739,54,FALSE,69499.4872667009
"Bile_2OH","Sample_011834",0.49900679120887,15985.6118636338,55,FALSE,24001.6565208593
"Bile_2OH","Sample_011839",0.486584846360968,14904.0102859808,56,FALSE,23133.2736743409
"Bile_2OH","Sample_011844",3.55391262342511,108832.589263231,57,FALSE,174827.738868559
"Bile_2OH","Sample_011894",0.789175587905191,22426.9227789062,58,FALSE,37330.9607223436
"Bile_2OH","Sample_011899",0.555476636955407,15215.1270702517,59,FALSE,26278.041370677
"Bile_2OH","Sample_011904",0.681686934507919,17800.183411973,60,FALSE,31942.82317814
"Bile_2OH","QC_S_6",1.68721121557583,44421.0036998744,61,TRUE,82952.7813771207
"C12:0-carnitine","QC_S_1",0.0877614100739948,8236.75837298883,1,TRUE,9788.47371597295
"C12:0-carnitine","Sample_011820",0.144984946720321,20695.5787788662,3,FALSE,19613.9473621682
"C12:0-carnitine","Sample_011860",0.0359795202855441,5738.52091633687,4,FALSE,4938.56509762848
"C12:0-carnitine","Sample_011865",0.0709250432990284,10904.1608014536,5,FALSE,8593.95985634715
"C12:0-carnitine","Sample_011870",0.118924156353498,20657.4044824382,6,FALSE,15016.4440757631
"C12:0-carnitine","Sample_011830",0.085113866704316,15600.8089960994,7,FALSE,10523.3993009656
"C12:0-carnitine","Sample_011835",0.0817263393099231,15210.7893008264,8,FALSE,9570.6092201316
"C12:0-carnitine","Sample_011840",0.106508060458153,21522.6364291923,9,FALSE,12689.0487391177
"C12:0-carnitine","Sample_011890",0.0502058058227562,10489.2316179135,10,FALSE,5817.67488404024
"C12:0-carnitine","Sample_011895",0.136447885585285,30046.7630014084,11,FALSE,15732.6966598517
"C12:0-carnitine","Sample_011900",0.0924926289409496,21177.4597254914,12,FALSE,10501.2306592125
"C12:0-carnitine","QC_S_2",0.0877614100739948,20785.8234827089,13,TRUE,9788.47371597296
"C12:0-carnitine","Sample_011821",0.0839338295574961,18389.0151529756,15,FALSE,9438.5461842748
"C12:0-carnitine","Sample_011861",0.0683849264597822,13943.2881871891,16,FALSE,7493.63804929829
"C12:0-carnitine","Sample_011866",0.16676827100602,32075.6785715986,17,FALSE,18090.3941378388
"C12:0-carnitine","Sample_011871",0.0838324024826151,15353.074681826,18,FALSE,9109.06311763041
"C12:0-carnitine","Sample_011831",0.0337057258158667,5891.39953060631,19,FALSE,3687.04018436491
"C12:0-carnitine","Sample_011836",0.101116025350353,16549.1133897928,20,FALSE,10957.780736653
"C12:0-carnitine","Sample_011841",0.099167036936567,15142.0992684472,21,FALSE,10643.5429846684
"C12:0-carnitine","Sample_011891",0.0809615560106179,12137.5491740157,22,FALSE,9091.45391992428
"C12:0-carnitine","Sample_011896",0.0810579785045645,10904.5880276333,23,FALSE,8741.53888433185
"C12:0-carnitine","Sample_011901",0.131167118865692,16835.076588579,24,FALSE,14515.0068170086
"C12:0-carnitine","QC_S_3",0.0877614100739948,10495.533145938,25,TRUE,9788.47371597295
"C12:0-carnitine","Sample_011822",0.0462272888340911,5082.74403113763,27,FALSE,5020.47830247809
"C12:0-carnitine","Sample_011862",0.0875774837333486,9220.98578418444,28,FALSE,9385.35540671999
"C12:0-carnitine","Sample_011867",0.292811989907994,30015.8895094529,29,FALSE,31510.4020254753
"C12:0-carnitine","Sample_011872",0.302671521388027,30132.9542433186,30,FALSE,32658.9596595823
"C12:0-carnitine","Sample_011832",0.190209351608241,18736.8023589893,31,FALSE,20987.9889337549
"C12:0-carnitine","Sample_011837",0.196484386919475,18628.4899402551,32,FALSE,21590.1506793343
"C12:0-carnitine","Sample_011842",0.162839802651552,15004.464590874,33,FALSE,18014.5572958914
"C12:0-carnitine","Sample_011892",0.152269626312696,13644.8763904976,34,FALSE,16992.5434455585
"C12:0-carnitine","Sample_011897",0.0968549215840863,8489.48665497246,35,FALSE,10981.4353409963
"C12:0-carnitine","Sample_011902",0.396946324248459,33843.9045097639,36,FALSE,45540.5070675781
"C12:0-carnitine","QC_S_4",0.0877614100739948,6981.5770232387,37,TRUE,9788.47371597295
"C12:0-carnitine","Sample_011823",0.0943200882894571,7812.51586627426,39,FALSE,10750.8711901184
"C12:0-carnitine","Sample_011863",0.449159503490322,37528.4238037754,40,FALSE,51169.9269700659
"C12:0-carnitine","Sample_011868",0.340955017658426,28700.8498453821,41,FALSE,38778.1806947464
"C12:0-carnitine","Sample_011873",0.153715564967334,12853.4872764155,42,FALSE,17210.2690845932
"C12:0-carnitine","Sample_011833",0.179208151141716,15214.1242538079,43,FALSE,20189.3731772093
"C12:0-carnitine","Sample_011838",0.183894634698617,15686.3404058004,44,FALSE,20631.9961606651
"C12:0-carnitine","Sample_011843",0.226078537320727,19347.5875822727,45,FALSE,25224.589692283
"C12:0-carnitine","Sample_011893",0.0667694794323705,5797.71539981976,46,FALSE,7493.16345429296
"C12:0-carnitine","Sample_011898",0.143912274986185,12437.5633864137,47,FALSE,15936.2970314282
"C12:0-carnitine","Sample_011903",0.304807068991467,26824.2400947057,48,FALSE,34076.5438294878
"C12:0-carnitine","QC_S_5",0.0877614100739948,7771.04100633506,49,TRUE,9788.47371597295
"C12:0-carnitine","Sample_011824",0.191540040995591,15563.6943713392,51,FALSE,21102.6722191358
"C12:0-carnitine","Sample_011864",0.101794002277547,7894.11802167391,52,FALSE,11128.8979225481
"C12:0-carnitine","Sample_011869",0.395178448564565,29282.1781278523,53,FALSE,42989.4645507511
"C12:0-carnitine","Sample_011874",0.191170228643581,13717.0089126041,54,FALSE,21007.411861474
"C12:0-carnitine","Sample_011834",0.088783191702402,6052.54084519771,55,FALSE,9687.58222498794
"C12:0-carnitine","Sample_011839",0.207971846905996,13381.532241077,56,FALSE,22430.1900074302
"C12:0-carnitine","Sample_011844",0.325821683600917,20667.4236695678,57,FALSE,36360.8030182015
"C12:0-carnitine","Sample_011894",0.439851141499345,25498.5005876916,58,FALSE,47200.9930244789
"C12:0-carnitine","Sample_011899",0.412412236921178,22662.0268084994,59,FALSE,44259.7162567937
"C12:0-carnitine","Sample_011904",0.521506001201307,26822.3049906967,60,FALSE,55436.7198462769
"C12:0-carnitine","QC_S_6",0.0877614100739948,4460.1092646283,61,TRUE,9788.47371597295
"C14:0-carnitine","QC_S_1",0.142911107417676,5495.98487204118,1,TRUE,10220.5949744101
"C14:0-carnitine","Sample_011820",0.401408374794894,30703.5637235581,3,FALSE,34819.8846820301
"C14:0-carnitine","Sample_011860",0.106215767283106,9851.30336719539,4,FALSE,9348.31229082456
"C14:0-carnitine","Sample_011865",0.319815773730859,30459.4572102723,5,FALSE,24848.0549133834
"C14:0-carnitine","Sample_011870",0.326648423420144,36968.9828841149,6,FALSE,26446.9989120825
"C14:0-carnitine","Sample_011830",0.227257750626253,28283.8326382487,7,FALSE,18016.6167233008
"C14:0-carnitine","Sample_011835",0.100561348501243,13153.1606854532,8,FALSE,7551.05151335055
"C14:0-carnitine","Sample_011840",0.247994367512251,36258.6153576748,9,FALSE,18944.6773758137
"C14:0-carnitine","Sample_011890",0.150033503391394,23253.3334849181,10,FALSE,11147.6304445016
"C14:0-carnitine","Sample_011895",0.253350934233741,42293.6623837061,11,FALSE,18730.8582064487
"C14:0-carnitine","Sample_011900",0.268330368374366,47468.5794550158,12,FALSE,19534.4733979435
"C14:0-carnitine","QC_S_2",0.142911107417676,26594.1241821942,13,TRUE,10220.5949744101
"C14:0-carnitine","Sample_011821",0.17921464819217,29893.6628695603,15,FALSE,12922.3166184598
"C14:0-carnitine","Sample_011861",0.0891991512798978,13594.1149775343,16,FALSE,6267.46413521552
"C14:0-carnitine","Sample_011866",0.265345789562535,37367.7991094573,17,FALSE,18456.341216757
"C14:0-carnitine","Sample_011871",0.176836443391589,23166.7049790903,18,FALSE,12320.6147430273
"C14:0-carnitine","Sample_011831",0.111912375426115,13626.8765952365,19,FALSE,7849.6647425901
"C14:0-carnitine","Sample_011836",0.167860573232634,18565.0407372369,20,FALSE,11664.0702043958
"C14:0-carnitine","Sample_011841",0.213818418347408,21297.215591386,21,FALSE,14715.0858890161
"C14:0-carnitine","Sample_011891",0.076075609790498,7137.26687474242,22,FALSE,5477.70632525981
"C14:0-carnitine","Sample_011896",0.278593527931607,22320.6012276304,23,FALSE,19264.6869077919
"C14:0-carnitine","Sample_011901",0.276393253813631,19892.085559635,24,FALSE,19611.8476414584
"C14:0-carnitine","QC_S_3",0.142911107417676,8891.4133568843,25,TRUE,10220.5949744101
"C14:0-carnitine","Sample_011822",0.336644569773101,19130.8967318126,27,FALSE,23443.2107455306
"C14:0-carnitine","Sample_011862",0.428195119843714,23218.4335916151,28,FALSE,29423.8014129851
"C14:0-carnitine","Sample_011867",0.635258987272895,33408.5733966772,29,FALSE,43834.3643560376
"C14:0-carnitine","Sample_011872",0.921988595022196,46899.0585304351,30,FALSE,63790.3731453361
"C14:0-carnitine","Sample_011832",0.104868629143863,5255.01791555496,31,FALSE,7419.6489790103
"C14:0-carnitine","Sample_011837",0.48254053881515,23163.4754997111,32,FALSE,33998.5377827217
"C14:0-carnitine","Sample_011842",0.527203520509127,24471.2549263222,33,FALSE,37397.2902776229
"C14:0-carnitine","Sample_011892",0.381667709916287,17134.8706118995,34,FALSE,27310.4800021971
"C14:0-carnitine","Sample_011897",0.273873132933907,11955.5773510817,35,FALSE,19910.6598016198
"C14:0-carnitine","Sample_011902",0.715070913230099,30168.7032543465,36,FALSE,52603.4219930187
"C14:0-carnitine","QC_S_4",0.142911107417676,5586.2013793644,37,TRUE,10220.5949744101
"C14:0-carnitine","Sample_011823",0.376424378094812,14143.4200884796,39,FALSE,27511.610138644
"C14:0-carnitine","Sample_011863",1.31530408235646,47834.3110892001,40,FALSE,96081.368303943
"C14:0-carnitine","Sample_011868",0.87074242866725,30582.9176733189,41,FALSE,63500.7504609664
"C14:0-carnitine","Sample_011873",1.03257931116764,34498.3167840059,42,FALSE,74129.6656659663
"C14:0-carnitine","Sample_011833",0.265367262499841,8609.81668059149,43,FALSE,19169.5195284787
"C14:0-carnitine","Sample_011838",0.804158623020301,25044.0320521101,44,FALSE,57851.2464049233
"C14:0-carnitine","Sample_011843",0.394053489839715,11746.4802338671,45,FALSE,28191.5374516589
"C14:0-carnitine","Sample_011893",0.676017792179668,19479.1764463804,46,FALSE,48645.6655404879
"C14:0-carnitine","Sample_011898",1.04883897885758,28611.8823962143,47,FALSE,74472.7178243123
"C14:0-carnitine","Sample_011903",1.03853422917236,27393.3872912152,48,FALSE,74447.5016386911
"C14:0-carnitine","QC_S_5",0.142911107417676,3594.77459298736,49,TRUE,10220.5949744101
"C14:0-carnitine","Sample_011824",0.659039695543601,22119.4856384396,51,FALSE,46557.3506025457
"C14:0-carnitine","Sample_011864",0.822802447672572,30962.1840897847,52,FALSE,57679.8803787099
"C14:0-carnitine","Sample_011869",0.750749906373431,31341.2419601855,53,FALSE,52367.6249753649
"C14:0-carnitine","Sample_011874",0.622667643032254,28964.6019322465,54,FALSE,43874.0166613487
"C14:0-carnitine","Sample_011834",0.273749163895985,13825.9250553344,55,FALSE,19152.9756546745
"C14:0-carnitine","Sample_011839",0.649409579752125,35189.9031052033,56,FALSE,44910.2943896437
"C14:0-carnitine","Sample_011844",0.12414571162034,7508.78942978121,57,FALSE,8883.49806111376
"C14:0-carnitine","Sample_011894",0.383741113475604,23947.6306967293,58,FALSE,26404.7798349733
"C14:0-carnitine","Sample_011899",0.264384183210707,17622.6550465393,59,FALSE,18193.2949122325
"C14:0-carnitine","Sample_011904",0.298435939456003,20958.6297547575,60,FALSE,20341.7421298183
"C14:0-carnitine","QC_S_6",0.142911107417676,11161.0714629891,61,TRUE,10220.5949744101
"C16:0-carnitine","QC_S_1",1.86821905727224,62000.0441622989,1,TRUE,56934.5501943954
"C16:0-carnitine","Sample_011820",1.83859022560801,74227.5060441793,3,FALSE,67961.6240726362
"C16:0-carnitine","Sample_011860",0.848515001916816,34808.3834039772,4,FALSE,31823.0388361812
"C16:0-carnitine","Sample_011865",1.51673239889284,55007.4774396327,5,FALSE,50215.6841980126
"C16:0-carnitine","Sample_011870",1.6551829159082,62647.1431377759,6,FALSE,57105.735359006
"C16:0-carnitine","Sample_011830",2.15315913419789,79915.0117292157,7,FALSE,72739.2077895467
"C16:0-carnitine","Sample_011835",1.54436580390408,54370.2770376634,8,FALSE,49415.6399021434
"C16:0-carnitine","Sample_011840",3.76608173897065,135084.82067851,9,FALSE,122595.079778148
"C16:0-carnitine","Sample_011890",1.6686338432071,58299.1508413849,10,FALSE,52831.5390616301
"C16:0-carnitine","Sample_011895",1.75092833009256,60959.9964187087,11,FALSE,55162.1821691162
"C16:0-carnitine","Sample_011900",5.0553554666422,173563.571823541,12,FALSE,156827.233729529
"C16:0-carnitine","QC_S_2",1.86821905727224,63102.3699235635,13,TRUE,56934.5501943954
"C16:0-carnitine","Sample_011821",2.06418470762528,65022.2776472375,15,FALSE,63423.9567569346
"C16:0-carnitine","Sample_011861",1.35258085237954,39835.1307653496,16,FALSE,40497.8784679035
"C16:0-carnitine","Sample_011866",3.38273717414463,94454.4609666719,17,FALSE,100262.739873962
"C16:0-carnitine","Sample_011871",2.27989304831444,60953.4860351378,18,FALSE,67688.2027315061
"C16:0-carnitine","Sample_011831",2.28476730141947,58656.3202050772,19,FALSE,68289.3330985225
"C16:0-carnitine","Sample_011836",2.77687602825059,67207.219240245,20,FALSE,82223.4730018562
"C16:0-carnitine","Sample_011841",2.85788673662372,65021.1045550354,21,FALSE,83810.9192136799
"C16:0-carnitine","Sample_011891",3.27880358157787,73866.1614958135,22,FALSE,100601.99793729
"C16:0-carnitine","Sample_011896",3.03517106085589,61950.1115124812,23,FALSE,89435.9258598654
"C16:0-carnitine","Sample_011901",2.10937505102112,41527.650755717,24,FALSE,63779.745130718
"C16:0-carnitine","QC_S_3",1.86821905727224,34704.1557930202,25,TRUE,56934.5501943954
"C16:0-carnitine","Sample_011822",2.8736359066359,61866.7281203818,27,FALSE,85273.7029196185
"C16:0-carnitine","Sample_011862",3.81678697012625,87564.0607157957,28,FALSE,111761.672091051
"C16:0-carnitine","Sample_011867",3.47381029582347,85950.1961616344,29,FALSE,102142.832180711
"C16:0-carnitine","Sample_011872",3.63768841954512,96465.2848578367,30,FALSE,107248.936309297
"C16:0-carnitine","Sample_011832",1.32147951374916,38145.6286745277,31,FALSE,39841.5389765297
"C16:0-carnitine","Sample_011837",2.66164419698465,81144.2873927475,32,FALSE,79912.4298428427
"C16:0-carnitine","Sample_011842",1.73272713039461,56219.9060262154,33,FALSE,52375.7085775378
"C16:0-carnitine","Sample_011892",1.69842440927744,58591.6580558913,34,FALSE,51787.8688255286
"C16:0-carnitine","Sample_011897",1.29436311533704,47691.7665449086,35,FALSE,40098.6963092509
"C16:0-carnitine","Sample_011902",2.89484313986086,113191.293543547,36,FALSE,90746.0693471125
"C16:0-carnitine","QC_S_4",1.86821905727224,74317.9485863341,37,TRUE,56934.5501943954
"C16:0-carnitine","Sample_011823",1.3134580636225,50016.3817041299,39,FALSE,40906.5054632105
"C16:0-carnitine","Sample_011863",2.08738834209201,76762.1210892104,40,FALSE,64976.1787937929
"C16:0-carnitine","Sample_011868",2.32518118000739,82379.3167483344,41,FALSE,72257.6532240807
"C16:0-carnitine","Sample_011873",1.45006569531595,48741.5640945331,42,FALSE,44360.2722558927
"C16:0-carnitine","Sample_011833",1.07571417234674,35015.5140763609,43,FALSE,33113.011209008
"C16:0-carnitine","Sample_011838",2.08507575446366,64950.9953312093,44,FALSE,63919.1126960027
"C16:0-carnitine","Sample_011843",1.47462689746486,43824.1544374546,45,FALSE,44955.5832639964
"C16:0-carnitine","Sample_011893",1.6313953777774,46698.9649970947,46,FALSE,50024.5456716415
"C16:0-carnitine","Sample_011898",2.11788662601692,57173.6552446653,47,FALSE,64080.9578261292
"C16:0-carnitine","Sample_011903",3.9403925639272,102419.924433095,48,FALSE,120366.797582921
"C16:0-carnitine","QC_S_5",1.86821905727224,46093.4831121999,49,TRUE,56934.5501943954
"C16:0-carnitine","Sample_011824",2.22709021851027,57278.9361372609,51,FALSE,67042.8390776525
"C16:0-carnitine","Sample_011864",1.98007971083876,51859.1911467294,52,FALSE,59149.2649692277
"C16:0-carnitine","Sample_011869",3.10487309890277,82980.5488418205,53,FALSE,92288.8741597907
"C16:0-carnitine","Sample_011874",1.63736958309392,45304.7673573462,54,FALSE,49162.6991167674
"C16:0-carnitine","Sample_011834",1.4805877547328,41666.6440828302,55,FALSE,44142.3561866974
"C16:0-carnitine","Sample_011839",2.51047218780537,71488.1375166412,56,FALSE,73981.0562928053
"C16:0-carnitine","Sample_011844",0.919964997751386,27734.6190991185,57,FALSE,28051.8492187799
"C16:0-carnitine","Sample_011894",1.72447908909663,51124.052903491,58,FALSE,50563.8406652739
"C16:0-carnitine","Sample_011899",2.6444057185883,80138.0234032156,59,FALSE,77542.871528655
"C16:0-carnitine","Sample_011904",2.8612170044141,87746.567797043,60,FALSE,83104.7260009733
"C16:0-carnitine","QC_S_6",1.86821905727224,61389.2995889557,61,TRUE,56934.5501943954
"C18:0-carnitine","QC_S_1",0.145800361130184,13070.9750835447,1,TRUE,10711.878502873
"C18:0-carnitine","Sample_011820",0.337305691020093,36288.1126856489,3,FALSE,30058.0922351551
"C18:0-carnitine","Sample_011860",0.158129441592242,17167.9469914731,4,FALSE,14297.2925393374
"C18:0-carnitine","Sample_011865",0.177352899081259,16906.0110205816,5,FALSE,14155.5795617804
"C18:0-carnitine","Sample_011870",0.303171825917406,29952.3666523694,6,FALSE,25216.3088535144
"C18:0-carnitine","Sample_011830",0.310706801544621,29893.3762127539,7,FALSE,25304.7552439898
"C18:0-carnitine","Sample_011835",0.107280776368206,9722.50204451396,8,FALSE,8275.51627472906
"C18:0-carnitine","Sample_011840",0.457861932597285,41981.3712157959,9,FALSE,35931.6183723589
"C18:0-carnitine","Sample_011890",0.170638343277489,15133.2131216439,10,FALSE,13024.7016282122
"C18:0-carnitine","Sample_011895",0.397883026148923,34915.7030639673,11,FALSE,30219.5103621942
"C18:0-carnitine","Sample_011900",0.777881445049486,66839.2913200939,12,FALSE,58175.7697617785
"C18:0-carnitine","QC_S_2",0.145800361130184,12237.6446556444,13,TRUE,10711.878502873
"C18:0-carnitine","Sample_011821",0.332711604036807,25127.2563737399,15,FALSE,24645.1613978997
"C18:0-carnitine","Sample_011861",0.240402631623429,16626.0392576321,16,FALSE,17352.7055528803
"C18:0-carnitine","Sample_011866",0.737892719459738,47278.5221188396,17,FALSE,52725.836684999
"C18:0-carnitine","Sample_011871",0.278579527213461,16654.1424044012,18,FALSE,19939.1503381051
"C18:0-carnitine","Sample_011831",0.210649419011316,11745.3187627078,19,FALSE,15178.5436849631
"C18:0-carnitine","Sample_011836",0.646369855681854,32869.0221106493,20,FALSE,46140.1882630007
"C18:0-carnitine","Sample_011841",0.905518233351298,41672.4971573862,21,FALSE,64019.4196836876
"C18:0-carnitine","Sample_011891",0.320596694233902,13979.4857304488,22,FALSE,23714.2387190655
"C18:0-carnitine","Sample_011896",0.289171932284781,10847.4352576426,23,FALSE,20542.0562448975
"C18:0-carnitine","Sample_011901",0.35367161422548,12029.6634801076,24,FALSE,25780.3091813789
"C18:0-carnitine","QC_S_3",0.145800361130184,4340.28668941362,25,TRUE,10711.878502873
"C18:0-carnitine","Sample_011822",0.797248487899857,28899.5944621657,27,FALSE,57034.2883840856
"C18:0-carnitine","Sample_011862",0.907198691986356,35700.5468843133,28,FALSE,64040.7379381635
"C18:0-carnitine","Sample_011867",1.13262534180978,48832.9042480842,29,FALSE,80287.3298397039
"C18:0-carnitine","Sample_011872",0.843787309840442,39521.7816352282,30,FALSE,59973.5046141846
"C18:0-carnitine","Sample_011832",0.505925969843762,26099.1118794814,31,FALSE,36772.3670323718
"C18:0-carnitine","Sample_011837",0.717751493883317,39509.4942649342,32,FALSE,51951.4153999648
"C18:0-carnitine","Sample_011842",0.69519656248863,41098.9978219793,33,FALSE,50660.1293665029
"C18:0-carnitine","Sample_011892",0.336096749426746,21297.434598771,34,FALSE,24706.1498490544
"C18:0-carnitine","Sample_011897",0.20742547889355,14140.5456734861,35,FALSE,15491.560532144
"C18:0-carnitine","Sample_011902",0.559857765318425,40767.4993898116,36,FALSE,42309.6502721784
"C18:0-carnitine","QC_S_4",0.145800361130184,10865.1807878244,37,TRUE,10711.878502873
"C18:0-carnitine","Sample_011823",0.267383176424444,19909.5625860538,39,FALSE,20075.6303309372
"C18:0-carnitine","Sample_011863",0.271880543233111,20003.5598749827,40,FALSE,20402.7160311714
"C18:0-carnitine","Sample_011868",0.433543055777427,31477.9689373234,41,FALSE,32480.1652537578
"C18:0-carnitine","Sample_011873",0.13827208366233,9767.84260655062,42,FALSE,10197.6469985724
"C18:0-carnitine","Sample_011833",0.264020205549516,18545.8361780238,43,FALSE,19592.8626057308
"C18:0-carnitine","Sample_011838",0.267920882704444,18518.7203402636,44,FALSE,19800.4202149378
"C18:0-carnitine","Sample_011843",0.498948199742078,33882.6355683167,45,FALSE,36670.420316531
"C18:0-carnitine","Sample_011893",0.36721716383191,24775.7609136428,46,FALSE,27145.9997053128
"C18:0-carnitine","Sample_011898",0.378300726020999,24873.5027863896,47,FALSE,27594.4920373874
"C18:0-carnitine","Sample_011903",0.287055480759253,18816.1935471149,48,FALSE,21139.3680900427
"C18:0-carnitine","QC_S_5",0.145800361130184,9413.70830264172,49,TRUE,10711.878502873
"C18:0-carnitine","Sample_011824",0.592399631533743,41079.4652833066,51,FALSE,42992.0653147977
"C18:0-carnitine","Sample_011864",0.40132702547165,28724.4005409263,52,FALSE,28901.7424823108
"C18:0-carnitine","Sample_011869",0.517882215275566,38305.901870031,53,FALSE,37110.3826959213
"C18:0-carnitine","Sample_011874",0.159347699501274,12348.3058580585,54,FALSE,11534.3663300197
"C18:0-carnitine","Sample_011834",0.176949463054268,14103.5639803663,55,FALSE,12718.3141808267
"C18:0-carnitine","Sample_011839",0.405146432887103,33021.8441542318,56,FALSE,28783.0011733002
"C18:0-carnitine","Sample_011844",0.0894218358505285,7793.60362426221,57,FALSE,6573.4401969954
"C18:0-carnitine","Sample_011894",0.133815932622556,11577.6438259496,58,FALSE,9459.07979931827
"C18:0-carnitine","Sample_011899",0.236345333379766,21090.6597653279,59,FALSE,16707.8191602183
"C18:0-carnitine","Sample_011904",0.508645784498899,46325.2494220512,60,FALSE,35616.3422976873
"C18:0-carnitine","QC_S_6",0.145800361130184,14343.4754981692,61,TRUE,10711.878502873
"C2:0-carnitine","QC_S_1",85.0637868904674,226368.566602532,1,TRUE,611909.416450206
"C2:0-carnitine","Sample_011820",33.5878719239743,139535.193080605,3,FALSE,293059.374105463
"C2:0-carnitine","Sample_011860",18.7381632098095,87790.6221684976,4,FALSE,165883.606415548
"C2:0-carnitine","Sample_011865",149.803254018736,681731.574828208,5,FALSE,1170701.01636043
"C2:0-carnitine","Sample_011870",18.9317763546503,97967.8919447261,6,FALSE,154176.94159309
"C2:0-carnitine","Sample_011830",20.8789123111794,114633.815851748,7,FALSE,166492.485274048
"C2:0-carnitine","Sample_011835",292.602534794855,1638958.71435766,8,FALSE,2209971.4264567
"C2:0-carnitine","Sample_011840",21.0113129665448,128304.967087792,9,FALSE,161447.311820094
"C2:0-carnitine","Sample_011890",8.05725767141977,51052.2309302647,10,FALSE,60216.2623360047
"C2:0-carnitine","Sample_011895",20.0341508527545,134221.085296569,11,FALSE,148983.555901463
"C2:0-carnitine","Sample_011900",17.4449217239739,121866.918271225,12,FALSE,127741.830852268
"C2:0-carnitine","QC_S_2",85.0637868904674,616258.189167777,13,TRUE,611909.416450206
"C2:0-carnitine","Sample_011821",5.96892298681761,45926.5639459031,15,FALSE,43290.7469387946
"C2:0-carnitine","Sample_011861",10.0737476756425,77445.1023942551,16,FALSE,71195.8097455183
"C2:0-carnitine","Sample_011866",15.9347664972517,124267.067566477,17,FALSE,111483.692254383
"C2:0-carnitine","Sample_011871",7.47688894259689,59815.1014645721,18,FALSE,52397.8860376354
"C2:0-carnitine","Sample_011831",10.0078614053028,82500.1843242346,19,FALSE,70606.796368713
"C2:0-carnitine","Sample_011836",9.18090693125597,76702.3935230242,20,FALSE,64168.1085349717
"C2:0-carnitine","Sample_011841",8.72765270995578,73841.156411,21,FALSE,60415.3610360745
"C2:0-carnitine","Sample_011891",92.5316184015643,837101.227891784,22,FALSE,670155.661334779
"C2:0-carnitine","Sample_011896",9.8848073670885,87729.0708754357,23,FALSE,68752.955564297
"C2:0-carnitine","Sample_011901",88.8210778581273,825939.924983243,24,FALSE,633927.133776394
"C2:0-carnitine","QC_S_3",85.0637868904674,813707.26014261,25,TRUE,611909.416450206
"C2:0-carnitine","Sample_011822",6.71622160268859,58542.9873336885,27,FALSE,47043.8358021131
"C2:0-carnitine","Sample_011862",9.20438409309556,76454.2945279043,28,FALSE,63618.5887025613
"C2:0-carnitine","Sample_011867",12.0395580903549,96855.0462754535,29,FALSE,83561.5855136242
"C2:0-carnitine","Sample_011872",11.4039282361537,88601.3853969467,30,FALSE,79362.6752931976
"C2:0-carnitine","Sample_011832",48.829172648819,373118.845695345,31,FALSE,347495.643487312
"C2:0-carnitine","Sample_011837",14.1594077076124,103463.84995615,32,FALSE,100346.851698242
"C2:0-carnitine","Sample_011842",13.7190325671197,96748.6457874769,33,FALSE,97885.3167875657
"C2:0-carnitine","Sample_011892",15.7377120056315,107121.635323476,34,FALSE,113270.73999854
"C2:0-carnitine","Sample_011897",16.5060105304219,108997.598809886,35,FALSE,120700.917085622
"C2:0-carnitine","Sample_011902",16.8773049316942,107444.090196107,36,FALSE,124882.105257809
"C2:0-carnitine","QC_S_4",85.0637868904674,500352.006009596,37,TRUE,611909.416450206
"C2:0-carnitine","Sample_011823",136.778496223436,882088.443056686,39,FALSE,1005514.46277401
"C2:0-carnitine","Sample_011863",15.5466336214147,103610.546814816,40,FALSE,114230.375674782
"C2:0-carnitine","Sample_011868",12.7216323214251,87421.188316325,41,FALSE,93317.7417482463
"C2:0-carnitine","Sample_011873",185.60401860311,1295483.04730638,42,FALSE,1340257.44145119
"C2:0-carnitine","Sample_011833",9.60559863542647,69541.2717789579,43,FALSE,69794.3953624882
"C2:0-carnitine","Sample_011838",12.346240478026,91674.9030852237,44,FALSE,89338.3565015003
"C2:0-carnitine","Sample_011843",15.1282873101496,114953.595407009,45,FALSE,108864.32318683
"C2:0-carnitine","Sample_011893",23.8126541913998,187129.363790506,46,FALSE,172355.861806434
"C2:0-carnitine","Sample_011898",14.9178598226246,118848.866314844,47,FALSE,106543.543372666
"C2:0-carnitine","Sample_011903",16.1008363466308,132959.771685954,48,FALSE,116094.054424503
"C2:0-carnitine","QC_S_5",85.0637868904674,719028.398748173,49,TRUE,611909.416450206
"C2:0-carnitine","Sample_011824",16.1943516065775,137621.428914043,51,FALSE,115072.746464739
"C2:0-carnitine","Sample_011864",7.88864288190243,67104.8975915028,52,FALSE,55624.1390533055
"C2:0-carnitine","Sample_011869",12.8097536037661,109364.475390391,53,FALSE,89875.3505291281
"C2:0-carnitine","Sample_011874",8.80710957528675,76606.4171914644,54,FALSE,62418.9886024662
"C2:0-carnitine","Sample_011834",6.05398880264442,52733.5487412372,55,FALSE,42604.6791012454
"C2:0-carnitine","Sample_011839",18.4155521148774,159891.073667664,56,FALSE,128098.541486697
"C2:0-carnitine","Sample_011844",113.007695775821,1023746.61996814,57,FALSE,813378.220577496
"C2:0-carnitine","Sample_011894",10.8824357805287,95585.6038806894,58,FALSE,75318.656073215
"C2:0-carnitine","Sample_011899",14.6184487664359,129467.239314107,59,FALSE,101183.432819153
"C2:0-carnitine","Sample_011904",8.57692734665447,75854.7985673778,60,FALSE,58803.2031024681
"C2:0-carnitine","QC_S_6",85.0637868904674,795742.078030548,61,TRUE,611909.416450206
"C3:0-carnitine","QC_S_1",136.520350260705,226356.571658306,1,TRUE,336036.639343334
"C3:0-carnitine","Sample_011820",714.022858031796,1443300.88531877,3,FALSE,2131729.32516603
"C3:0-carnitine","Sample_011860",180.945800252259,372050.189076326,4,FALSE,548115.109552753
"C3:0-carnitine","Sample_011865",179.911959429676,327388.54918576,5,FALSE,481095.834886134
"C3:0-carnitine","Sample_011870",672.398793233076,1278300.71839704,6,FALSE,1873707.527437
"C3:0-carnitine","Sample_011830",737.541882347926,1376410.78618658,7,FALSE,2012427.61653821
"C3:0-carnitine","Sample_011835",258.176134683548,457502.096434994,8,FALSE,667223.730752645
"C3:0-carnitine","Sample_011840",396.510088628838,716623.994586507,9,FALSE,1042506.2890145
"C3:0-carnitine","Sample_011890",479.93171973212,845772.962174607,10,FALSE,1227305.87194798
"C3:0-carnitine","Sample_011895",739.252031586586,1299550.99600669,11,FALSE,1881077.71367314
"C3:0-carnitine","Sample_011900",596.050747982303,1034340.78172001,12,FALSE,1493461.95554795
"C3:0-carnitine","QC_S_2",136.520350260705,233311.5934424,13,TRUE,336036.639343334
"C3:0-carnitine","Sample_011821",401.343689883036,801021.499246735,15,FALSE,996006.925398633
"C3:0-carnitine","Sample_011861",157.774465831455,327823.279349099,16,FALSE,381545.99482191
"C3:0-carnitine","Sample_011866",546.751465502097,1196535.05999839,17,FALSE,1308887.77372581
"C3:0-carnitine","Sample_011871",313.059001720641,727522.014917122,18,FALSE,750699.017306852
"C3:0-carnitine","Sample_011831",299.438509862164,740283.446956077,19,FALSE,722869.153103356
"C3:0-carnitine","Sample_011836",333.024663926599,859410.038525983,20,FALSE,796446.974824805
"C3:0-carnitine","Sample_011841",582.905650196516,1565724.92000719,21,FALSE,1380686.24716004
"C3:0-carnitine","Sample_011891",95.778625325513,282212.906614292,22,FALSE,237356.400544868
"C3:0-carnitine","Sample_011896",231.041226511263,684008.892039866,23,FALSE,549869.281955488
"C3:0-carnitine","Sample_011901",144.744571859068,459147.613066508,24,FALSE,353486.150825369
"C3:0-carnitine","QC_S_3",136.520350260705,454952.280064044,25,TRUE,336036.639343334
"C3:0-carnitine","Sample_011822",327.593595409152,1000638.34992273,27,FALSE,785163.181248643
"C3:0-carnitine","Sample_011862",426.849770903849,1246455.57547,28,FALSE,1009511.25525308
"C3:0-carnitine","Sample_011867",374.083007134278,1061635.10588584,29,FALSE,888404.850802831
"C3:0-carnitine","Sample_011872",243.392736978038,669574.942411834,30,FALSE,579583.8205459
"C3:0-carnitine","Sample_011832",189.774695975291,515516.916919616,31,FALSE,462120.37611088
"C3:0-carnitine","Sample_011837",274.575130962604,716322.118310313,32,FALSE,665835.08995329
"C3:0-carnitine","Sample_011842",371.819398671559,940537.320383848,33,FALSE,907763.932105546
"C3:0-carnitine","Sample_011892",353.84852054156,868292.597481137,34,FALSE,871445.724640365
"C3:0-carnitine","Sample_011897",291.053822576715,696700.631774549,35,FALSE,728263.551675745
"C3:0-carnitine","Sample_011902",243.821461177381,566051.555521923,36,FALSE,617327.834535345
"C3:0-carnitine","QC_S_4",136.520350260705,294776.930078983,37,TRUE,336036.639343334
"C3:0-carnitine","Sample_011823",197.581225029722,448496.925310482,39,FALSE,497007.549890783
"C3:0-carnitine","Sample_011863",223.372185399031,513847.733996374,40,FALSE,561592.306625692
"C3:0-carnitine","Sample_011868",565.050827944993,1315538.61186843,41,FALSE,1418259.53453412
"C3:0-carnitine","Sample_011873",164.39708255657,381895.243261064,42,FALSE,406201.734504923
"C3:0-carnitine","Sample_011833",318.983535624332,755597.277177537,43,FALSE,793069.405136179
"C3:0-carnitine","Sample_011838",477.678168027196,1141735.50067336,44,FALSE,1182729.51516637
"C3:0-carnitine","Sample_011843",317.58775992528,764739.408947397,45,FALSE,781999.336103024
"C3:0-carnitine","Sample_011893",290.430181258445,712473.870610261,46,FALSE,719294.623850903
"C3:0-carnitine","Sample_011898",451.05147580001,1105708.2442356,47,FALSE,1102284.08674591
"C3:0-carnitine","Sample_011903",286.246445346564,717318.357491034,48,FALSE,706233.737453248
"C3:0-carnitine","QC_S_5",136.520350260705,345541.226378242,49,TRUE,336036.639343334
"C3:0-carnitine","Sample_011824",348.823537344885,920803.334615784,51,FALSE,848128.215319861
"C3:0-carnitine","Sample_011864",512.733554893513,1378596.5350072,52,FALSE,1237085.05776707
"C3:0-carnitine","Sample_011869",367.630251176793,1008880.09683088,53,FALSE,882587.713427841
"C3:0-carnitine","Sample_011874",300.96587462879,855262.111280312,54,FALSE,729873.168211129
"C3:0-carnitine","Sample_011834",293.963043593165,849799.726926874,55,FALSE,707872.817676597
"C3:0-carnitine","Sample_011839",388.316238267887,1136094.22817718,56,FALSE,924254.998928412
"C3:0-carnitine","Sample_011844",158.501729058364,491034.740863998,57,FALSE,390360.026719282
"C3:0-carnitine","Sample_011894",409.767046271983,1248548.27731992,58,FALSE,970421.240442148
"C3:0-carnitine","Sample_011899",386.937317642816,1205376.09394241,59,FALSE,916422.094884374
"C3:0-carnitine","Sample_011904",403.843319731604,1273301.1024736,60,FALSE,947390.380482008
"C3:0-carnitine","QC_S_6",136.520350260705,461281.234438028,61,TRUE,336036.639343334
"C4:0-carnitine","QC_S_1",2274.45688049019,273614.668601893,1,TRUE,966137.680303738
"C4:0-carnitine","Sample_011820",25558.0250989463,4237524.80254753,3,FALSE,13167984.6154152
"C4:0-carnitine","Sample_011860",10287.0592118857,1834320.06825928,4,FALSE,5377576.28406951
"C4:0-carnitine","Sample_011865",13318.9348549293,2215157.73604381,5,FALSE,6146291.19085285
"C4:0-carnitine","Sample_011870",27062.498851433,4941537.74349859,6,FALSE,13014121.1433776
"C4:0-carnitine","Sample_011830",25832.2560927481,4853415.81757136,7,FALSE,12163764.1917163
"C4:0-carnitine","Sample_011835",11863.2428907719,2213223.67811131,8,FALSE,5290916.23315942
"C4:0-carnitine","Sample_011840",21656.8482473002,4300070.62781343,9,FALSE,9826339.58738094
"C4:0-carnitine","Sample_011890",26369.0753975815,5317015.80934512,10,FALSE,11636981.2176544
"C4:0-carnitine","Sample_011895",20699.7022625847,4328587.41373342,11,FALSE,9089717.45415391
"C4:0-carnitine","Sample_011900",18926.3974455824,4055094.62537945,12,FALSE,8183723.65814241
"C4:0-carnitine","QC_S_2",2274.45688049019,497374.940475069,13,TRUE,966137.680303738
"C4:0-carnitine","Sample_011821",14222.107654256,5084665.32265123,15,FALSE,6090906.80165849
"C4:0-carnitine","Sample_011861",7864.84640054461,3265157.16031712,16,FALSE,3282256.36733447
"C4:0-carnitine","Sample_011866",9520.76405099179,4542106.94619878,17,FALSE,3933293.28976059
"C4:0-carnitine","Sample_011871",9615.13871992803,5231425.44315664,18,FALSE,3978938.98256364
"C4:0-carnitine","Sample_011831",7766.04613315217,4771438.68222892,19,FALSE,3235370.93287906
"C4:0-carnitine","Sample_011836",5971.36557292932,4028860.4452885,20,FALSE,2464485.12876231
"C4:0-carnitine","Sample_011841",5574.5111112928,4089615.0900723,21,FALSE,2278639.34999995
"C4:0-carnitine","Sample_011891",1524.00713009695,1274042.80416137,22,FALSE,651765.578382104
"C4:0-carnitine","Sample_011896",5105.08176550926,4434083.72152932,23,FALSE,2096740.83518042
"C4:0-carnitine","Sample_011901",2389.66336762498,2290928.82592243,24,FALSE,1007114.6582696
"C4:0-carnitine","QC_S_3",2274.45688049019,2352293.17844939,25,TRUE,966137.680303738
"C4:0-carnitine","Sample_011822",5492.88701874134,4759697.1325624,27,FALSE,2271942.12130783
"C4:0-carnitine","Sample_011862",5500.07796937554,4321494.63124509,28,FALSE,2244796.7888411
"C4:0-carnitine","Sample_011867",5806.00449990938,4176662.23702048,29,FALSE,2379536.56234145
"C4:0-carnitine","Sample_011872",6104.08285416568,3976775.78458137,30,FALSE,2508425.06934098
"C4:0-carnitine","Sample_011832",7354.98047818168,4375001.67219942,31,FALSE,3090796.49990838
"C4:0-carnitine","Sample_011837",7596.94726980273,3960061.04996404,32,FALSE,3179191.32881429
"C4:0-carnitine","Sample_011842",8554.94230632469,3877387.82598781,33,FALSE,3604375.57119704
"C4:0-carnitine","Sample_011892",9745.87622773078,3752165.45217246,34,FALSE,4142055.60348323
"C4:0-carnitine","Sample_011897",11733.431018527,3728961.16867534,35,FALSE,5066550.37890458
"C4:0-carnitine","Sample_011902",14200.5802916108,3512626.30535355,36,FALSE,6204718.67239228
"C4:0-carnitine","QC_S_4",2274.45688049019,382829.607556755,37,TRUE,966137.680303738
"C4:0-carnitine","Sample_011823",13141.6134106043,2513638.48629849,39,FALSE,5704769.12758529
"C4:0-carnitine","Sample_011863",20022.7240045975,4020566.87804505,40,FALSE,8687349.44382036
"C4:0-carnitine","Sample_011868",19544.4152089868,4105811.25440234,41,FALSE,8465701.48169487
"C4:0-carnitine","Sample_011873",4695.76216015408,1015519.09487506,42,FALSE,2002284.71862845
"C4:0-carnitine","Sample_011833",22664.9790620661,5147862.60517907,43,FALSE,9724568.15490956
"C4:0-carnitine","Sample_011838",19314.2682140932,4551848.7021452,44,FALSE,8252782.01379752
"C4:0-carnitine","Sample_011843",20858.4039031966,5085231.6497354,45,FALSE,8863306.64390083
"C4:0-carnitine","Sample_011893",15896.9341131309,4048956.27795248,46,FALSE,6794390.69497033
"C4:0-carnitine","Sample_011898",17399.0989608998,4535592.66487081,47,FALSE,7337806.60760865
"C4:0-carnitine","Sample_011903",15728.2563629953,4287894.67682672,48,FALSE,6696702.58029079
"C4:0-carnitine","QC_S_5",2274.45688049019,640052.633929538,49,TRUE,966137.680303738
"C4:0-carnitine","Sample_011824",14647.5374889886,5143119.80698852,51,FALSE,6145998.09682968
"C4:0-carnitine","Sample_011864",11557.5767494228,4446471.37485251,52,FALSE,4812233.37756157
"C4:0-carnitine","Sample_011869",9567.65695206181,4008161.59430601,53,FALSE,3963914.74580776
"C4:0-carnitine","Sample_011874",11654.5811045489,5357131.85227844,54,FALSE,4877518.0474831
"C4:0-carnitine","Sample_011834",9674.09673130977,4765920.5080625,55,FALSE,4020175.38099733
"C4:0-carnitine","Sample_011839",8084.12074783071,4225974.25760351,56,FALSE,3320558.39144457
"C4:0-carnitine","Sample_011844",4047.26876965025,2339122.18582407,57,FALSE,1720146.57212038
"C4:0-carnitine","Sample_011894",6770.56376268804,4003972.64220184,58,FALSE,2767070.15775714
"C4:0-carnitine","Sample_011899",7105.38895165029,4455437.58509635,59,FALSE,2904122.05327859
"C4:0-carnitine","Sample_011904",5952.90667706268,3907445.96558303,60,FALSE,2410000.958405
"C4:0-carnitine","QC_S_6",2274.45688049019,1650661.05280978,61,TRUE,966137.680303737
"C5:0-carnitine","QC_S_1",118.041725908049,272555.825107926,1,TRUE,383466.516774934
"C5:0-carnitine","Sample_011820",200.20006406692,708055.196407828,3,FALSE,788836.169540958
"C5:0-carnitine","Sample_011860",321.417134211156,1273421.28204242,4,FALSE,1284975.80405393
"C5:0-carnitine","Sample_011865",75.5454331795205,289121.540562844,5,FALSE,266613.685401968
"C5:0-carnitine","Sample_011870",166.756790369318,722346.086652617,6,FALSE,613283.192399296
"C5:0-carnitine","Sample_011830",157.553633257534,721264.98558674,7,FALSE,567367.771504093
"C5:0-carnitine","Sample_011835",66.8507770503744,311163.950971547,8,FALSE,228015.572450422
"C5:0-carnitine","Sample_011840",184.70220880618,934498.950281164,9,FALSE,640913.160941226
"C5:0-carnitine","Sample_011890",99.9161211892002,523190.501469722,10,FALSE,337218.647889458
"C5:0-carnitine","Sample_011895",155.037710855688,856434.005009189,11,FALSE,520660.00432123
"C5:0-carnitine","Sample_011900",151.847825588791,872871.626653134,12,FALSE,502136.929732865
"C5:0-carnitine","QC_S_2",118.041725908049,702406.044726356,13,TRUE,383466.516774934
"C5:0-carnitine","Sample_011821",91.1344363204741,496163.035944197,15,FALSE,298490.895984013
"C5:0-carnitine","Sample_011861",271.371740802319,1366297.22659753,16,FALSE,866118.789052443
"C5:0-carnitine","Sample_011866",182.930732519237,862757.547381142,17,FALSE,577965.330101872
"C5:0-carnitine","Sample_011871",111.228865001304,495637.430516552,18,FALSE,352013.902444702
"C5:0-carnitine","Sample_011831",139.646977450602,588751.077772954,19,FALSE,444924.415684228
"C5:0-carnitine","Sample_011836",171.281260988278,669568.135506443,20,FALSE,540621.083775577
"C5:0-carnitine","Sample_011841",237.244280638288,855687.495435272,21,FALSE,741643.413750436
"C5:0-carnitine","Sample_011891",82.9959962348032,290189.118643495,22,FALSE,271451.439538675
"C5:0-carnitine","Sample_011896",147.747706080216,456786.777805041,23,FALSE,464080.567030922
"C5:0-carnitine","Sample_011901",132.230554906339,383375.698689592,24,FALSE,426191.316306858
"C5:0-carnitine","QC_S_3",118.041725908049,312446.442943433,25,TRUE,383466.516774934
"C5:0-carnitine","Sample_011822",203.95437182455,533966.315438,27,FALSE,645149.256839263
"C5:0-carnitine","Sample_011862",288.682032126037,751580.265836603,28,FALSE,901069.989043426
"C5:0-carnitine","Sample_011867",275.653317138444,726211.303217674,29,FALSE,863990.212016871
"C5:0-carnitine","Sample_011872",346.213702588269,921555.765787686,30,FALSE,1088066.77861292
"C5:0-carnitine","Sample_011832",151.311123416393,414995.341875853,31,FALSE,486284.389679931
"C5:0-carnitine","Sample_011837",313.890820378681,863777.290690529,32,FALSE,1004585.14904416
"C5:0-carnitine","Sample_011842",286.800975971602,800528.882055634,33,FALSE,924111.048635987
"C5:0-carnitine","Sample_011892",303.527404140187,860974.368380152,34,FALSE,986560.052217876
"C5:0-carnitine","Sample_011897",184.439296266639,535461.591545025,35,FALSE,609075.853844341
"C5:0-carnitine","Sample_011902",296.806146063559,878301.048671369,36,FALSE,991789.436416425
"C5:0-carnitine","QC_S_4",118.041725908049,342054.592270545,37,TRUE,383466.516774934
"C5:0-carnitine","Sample_011823",146.073863582015,434434.86749798,39,FALSE,484945.001681806
"C5:0-carnitine","Sample_011863",340.794146371591,1015191.8939684,40,FALSE,1130802.7132771
"C5:0-carnitine","Sample_011868",202.793002489549,604383.012729935,41,FALSE,671774.973477465
"C5:0-carnitine","Sample_011873",126.524652888042,371996.679917614,42,FALSE,412596.444162112
"C5:0-carnitine","Sample_011833",194.405649216329,576356.557904448,43,FALSE,637902.741200346
"C5:0-carnitine","Sample_011838",262.187726319848,775752.276057268,44,FALSE,856771.592742903
"C5:0-carnitine","Sample_011843",177.940519165884,524683.51565317,45,FALSE,578255.990479502
"C5:0-carnitine","Sample_011893",139.894534905821,415779.519495234,46,FALSE,457265.542465813
"C5:0-carnitine","Sample_011898",266.617463273168,783553.584100079,47,FALSE,859921.248667376
"C5:0-carnitine","Sample_011903",137.074381469603,407559.303617511,48,FALSE,446341.544491633
"C5:0-carnitine","QC_S_5",118.041725908049,350883.146997127,49,TRUE,383466.516774934
"C5:0-carnitine","Sample_011824",252.027731113719,729320.894610022,51,FALSE,808735.892927388
"C5:0-carnitine","Sample_011864",232.803178851679,663613.024315059,52,FALSE,741309.193884055
"C5:0-carnitine","Sample_011869",278.998616470582,785500.988862521,53,FALSE,883998.127124153
"C5:0-carnitine","Sample_011874",133.378772104272,376504.984432404,54,FALSE,426893.475023549
"C5:0-carnitine","Sample_011834",181.655749598775,505355.418435917,55,FALSE,577316.948827338
"C5:0-carnitine","Sample_011839",307.124233212595,838131.64432785,56,FALSE,964768.245050274
"C5:0-carnitine","Sample_011844",100.011689986528,280256.342939639,57,FALSE,325075.889637911
"C5:0-carnitine","Sample_011894",287.275570206281,768159.152671602,58,FALSE,897893.068125534
"C5:0-carnitine","Sample_011899",312.541350438748,829319.007059669,59,FALSE,976933.67045026
"C5:0-carnitine","Sample_011904",325.086827831798,847770.371812101,60,FALSE,1006510.01143081
"C5:0-carnitine","QC_S_6",118.041725908049,320453.048604217,61,TRUE,383466.516774934
"C6:0-carnitine","QC_S_1",16.5292478173596,79084.2791934152,1,TRUE,145443.399583506
"C6:0-carnitine","Sample_011820",39.2810906306335,256364.236302997,3,FALSE,419232.718463597
"C6:0-carnitine","Sample_011860",9.38606943298901,65596.4637432489,4,FALSE,101638.609861685
"C6:0-carnitine","Sample_011865",18.337108370654,119068.453028762,5,FALSE,175288.773571203
"C6:0-carnitine","Sample_011870",36.9286540527053,262344.360458882,6,FALSE,367866.332544885
"C6:0-carnitine","Sample_011830",42.5117558259015,309765.98717848,7,FALSE,414662.069745041
"C6:0-carnitine","Sample_011835",36.5538666061674,263720.130616968,8,FALSE,337707.262027056
"C6:0-carnitine","Sample_011840",32.9942447380565,252675.066112421,9,FALSE,310108.964348123
"C6:0-carnitine","Sample_011890",38.1509597704502,295986.689591064,10,FALSE,348763.087023865
"C6:0-carnitine","Sample_011895",40.6597663387177,326417.415194304,11,FALSE,369854.389399234
"C6:0-carnitine","Sample_011900",37.1482921687764,304932.957468556,12,FALSE,332737.283347171
"C6:0-carnitine","QC_S_2",16.5292478173596,138217.574715144,13,TRUE,145443.399583506
"C6:0-carnitine","Sample_011821",25.8998261472784,229164.17927253,15,FALSE,229770.598343509
"C6:0-carnitine","Sample_011861",10.3199170772251,91078.0126963736,16,FALSE,89215.0402024512
"C6:0-carnitine","Sample_011866",33.9834591922109,303738.459975516,17,FALSE,290824.993031489
"C6:0-carnitine","Sample_011871",26.7899489177629,245246.910592561,18,FALSE,229648.294349433
"C6:0-carnitine","Sample_011831",22.5307807789767,212217.807118232,19,FALSE,194437.473374741
"C6:0-carnitine","Sample_011836",32.1465676552725,306427.973919288,20,FALSE,274831.662505247
"C6:0-carnitine","Sample_011841",29.8916812100374,288155.478746398,21,FALSE,253103.856891454
"C6:0-carnitine","Sample_011891",14.1504569196464,145667.839781035,22,FALSE,125358.705477637
"C6:0-carnitine","Sample_011896",22.9977519453801,231963.319526487,23,FALSE,195662.253036738
"C6:0-carnitine","Sample_011901",13.4543778808816,142013.551805896,24,FALSE,117458.763803402
"C6:0-carnitine","QC_S_3",16.5292478173596,179269.366291796,25,TRUE,145443.399583506
"C6:0-carnitine","Sample_011822",22.7882920900261,231795.869513858,27,FALSE,195248.626825004
"C6:0-carnitine","Sample_011862",33.8036893808827,332803.038921762,28,FALSE,285793.207332881
"C6:0-carnitine","Sample_011867",29.7783600256007,288657.924514467,29,FALSE,252810.672654178
"C6:0-carnitine","Sample_011872",22.2742259864461,212193.524539042,30,FALSE,189610.746398177
"C6:0-carnitine","Sample_011832",31.5250294675741,300881.611195941,31,FALSE,274425.208164825
"C6:0-carnitine","Sample_011837",23.7651558387888,221200.363335551,32,FALSE,206014.521290573
"C6:0-carnitine","Sample_011842",26.4655813020443,242764.012352516,33,FALSE,230979.801454004
"C6:0-carnitine","Sample_011892",30.5046969099824,276166.778293173,34,FALSE,268560.020274355
"C6:0-carnitine","Sample_011897",23.0617928738664,207442.765053547,35,FALSE,206281.377048096
"C6:0-carnitine","Sample_011902",27.1520240349254,241558.911870307,36,FALSE,245752.433124542
"C6:0-carnitine","QC_S_4",16.5292478173596,139660.842030878,37,TRUE,145443.399583506
"C6:0-carnitine","Sample_011823",18.9461585277019,165155.797006007,39,FALSE,170368.839998742
"C6:0-carnitine","Sample_011863",20.6937635311966,181148.108624547,40,FALSE,185987.272626796
"C6:0-carnitine","Sample_011868",28.7816172325768,252710.318345981,41,FALSE,258246.87612124
"C6:0-carnitine","Sample_011873",17.1185125820681,148655.535762857,42,FALSE,151204.731420417
"C6:0-carnitine","Sample_011833",29.2056101805953,256386.402513189,43,FALSE,259573.827001624
"C6:0-carnitine","Sample_011838",32.316930984236,283840.899732241,44,FALSE,286043.3399135
"C6:0-carnitine","Sample_011843",20.1323670889321,176657.502255009,45,FALSE,177210.379760573
"C6:0-carnitine","Sample_011893",26.6276337457949,236092.879252356,46,FALSE,235748.71298968
"C6:0-carnitine","Sample_011898",31.5978604987288,277710.243024817,47,FALSE,276043.035397395
"C6:0-carnitine","Sample_011903",28.9465257217089,258014.516486281,48,FALSE,255303.336706763
"C6:0-carnitine","QC_S_5",16.5292478173596,147654.026492211,49,TRUE,145443.399583506
"C6:0-carnitine","Sample_011824",30.0340969548448,277317.503505121,51,FALSE,261048.976810029
"C6:0-carnitine","Sample_011864",27.6932860573889,259367.696523902,52,FALSE,238854.814925739
"C6:0-carnitine","Sample_011869",30.3446961636989,288924.987996605,53,FALSE,260424.067048589
"C6:0-carnitine","Sample_011874",25.2838229124629,248344.621408649,54,FALSE,219191.934764146
"C6:0-carnitine","Sample_011834",40.9874045857844,408068.583289902,55,FALSE,352829.270277198
"C6:0-carnitine","Sample_011839",37.968393434318,381247.341510992,56,FALSE,323057.750550016
"C6:0-carnitine","Sample_011844",17.1580311004994,181828.56229119,57,FALSE,151060.345225293
"C6:0-carnitine","Sample_011894",25.4356954544594,264270.540402429,58,FALSE,215336.95536708
"C6:0-carnitine","Sample_011899",32.6562742583464,345829.393765899,59,FALSE,276486.070890836
"C6:0-carnitine","Sample_011904",25.3721438503888,271155.184782336,60,FALSE,212777.116803875
"C6:0-carnitine","QC_S_6",16.5292478173596,188774.308777591,61,TRUE,145443.399583506
"Cadaverine","QC_S_1",16.8441055069235,290472.046305016,1,TRUE,248433.856959183
"Cadaverine","Sample_011820",3.53885902284312,75563.6567161284,3,FALSE,63307.7380213154
"Cadaverine","Sample_011860",1.04872705727281,22952.4147487448,4,FALSE,19035.2826309306
"Cadaverine","Sample_011865",10.7644610844257,210075.300645579,5,FALSE,172479.484478088
"Cadaverine","Sample_011870",4.34892921921479,89329.17928292,6,FALSE,72615.7463628705
"Cadaverine","Sample_011830",3.71917276890421,75543.7268185424,7,FALSE,60806.99258358
"Cadaverine","Sample_011835",11.8731437535562,230664.158262446,8,FALSE,183863.153992284
"Cadaverine","Sample_011840",3.77837052070666,75402.8066099334,9,FALSE,59525.4347323391
"Cadaverine","Sample_011890",8.89551972800173,174326.140287229,10,FALSE,136307.036208159
"Cadaverine","Sample_011895",8.97735369044577,176725.909238825,11,FALSE,136878.783626773
"Cadaverine","Sample_011900",5.87949374713271,115045.508878326,12,FALSE,88272.3013641067
"Cadaverine","QC_S_2",16.8441055069235,326812.862064858,13,TRUE,248433.856959183
"Cadaverine","Sample_011821",8.95692258893493,157221.16684844,15,FALSE,133192.058086172
"Cadaverine","Sample_011861",2.73299029353027,44072.2789424868,16,FALSE,39602.4322549494
"Cadaverine","Sample_011866",5.05523236902988,75801.7317002171,17,FALSE,72514.8859604344
"Cadaverine","Sample_011871",10.6897238158848,150183.80413815,18,FALSE,153595.936409164
"Cadaverine","Sample_011831",11.3756933829274,149782.5100724,19,FALSE,164552.129633816
"Cadaverine","Sample_011836",7.17143985238012,86603.30402556,20,FALSE,102768.594860086
"Cadaverine","Sample_011841",6.97046686185265,76687.3713763246,21,FALSE,98930.9525540892
"Cadaverine","Sample_011891",28.7516372961818,302112.045673632,22,FALSE,426941.644884983
"Cadaverine","Sample_011896",19.016586240518,173583.617771938,23,FALSE,271191.532088936
"Cadaverine","Sample_011901",22.7407806952153,190524.987621824,24,FALSE,332773.762633307
"Cadaverine","QC_S_3",16.8441055069235,125457.755946848,25,TRUE,248433.856959183
"Cadaverine","Sample_011822",13.077714420107,124364.40192246,27,FALSE,187814.86513827
"Cadaverine","Sample_011862",9.11525498549068,95686.3899697457,28,FALSE,129175.016145549
"Cadaverine","Sample_011867",6.31403757048015,73618.2098453361,29,FALSE,89851.160803603
"Cadaverine","Sample_011872",5.47852025195961,70191.2948976362,30,FALSE,78170.9698662776
"Cadaverine","Sample_011832",12.6604178307279,180390.253986117,31,FALSE,184730.430624302
"Cadaverine","Sample_011837",3.88472680860409,59556.5120410915,32,FALSE,56446.8293288047
"Cadaverine","Sample_011842",3.52885939249684,58524.4880214199,33,FALSE,51623.6637162138
"Cadaverine","Sample_011892",4.15813252028344,74385.9495723902,34,FALSE,61361.3457219997
"Cadaverine","Sample_011897",7.84568429919481,151842.753129283,35,FALSE,117630.430355602
"Cadaverine","Sample_011902",2.89728390066409,60193.3785845238,36,FALSE,43955.0291815587
"Cadaverine","QC_S_4",16.8441055069235,359736.225403858,37,TRUE,248433.856959183
"Cadaverine","Sample_011823",9.7240208778917,196145.041810061,39,FALSE,146567.197823794
"Cadaverine","Sample_011863",3.62964911852108,70175.6264308873,40,FALSE,54680.2246030933
"Cadaverine","Sample_011868",4.1686096143181,77021.0907325856,41,FALSE,62695.0152023165
"Cadaverine","Sample_011873",10.3607834188553,180029.496504397,42,FALSE,153395.935604836
"Cadaverine","Sample_011833",8.10595298375764,135099.262688196,43,FALSE,120759.303349234
"Cadaverine","Sample_011838",5.32468025375947,84043.8334804764,44,FALSE,78998.1945201754
"Cadaverine","Sample_011843",9.41155118130121,140108.761549069,45,FALSE,138860.084940271
"Cadaverine","Sample_011893",11.7913329729471,166955.98675207,46,FALSE,174985.298154959
"Cadaverine","Sample_011898",6.95450030299761,91575.8220111607,47,FALSE,101837.317232722
"Cadaverine","Sample_011903",11.7057200034072,146119.077074834,48,FALSE,173053.37746654
"Cadaverine","QC_S_5",16.8441055069235,196133.673992734,49,TRUE,248433.856959183
"Cadaverine","Sample_011824",9.97104742729977,114282.515463947,51,FALSE,145268.048214682
"Cadaverine","Sample_011864",9.16036292568136,104000.614286409,52,FALSE,132432.351822522
"Cadaverine","Sample_011869",8.41340151805828,94877.7589483567,53,FALSE,121029.667952255
"Cadaverine","Sample_011874",12.6988362427077,144400.810245416,54,FALSE,184530.286333513
"Cadaverine","Sample_011834",12.0746298709347,136094.295076407,55,FALSE,174224.77703334
"Cadaverine","Sample_011839",6.3748487989013,70893.4957122244,56,FALSE,90917.970918084
"Cadaverine","Sample_011844",11.1596734495076,128185.335005728,57,FALSE,164685.897670755
"Cadaverine","Sample_011894",7.61802258801087,83993.3555401414,58,FALSE,108103.339551222
"Cadaverine","Sample_011899",10.2619405721748,112950.027674683,59,FALSE,145632.404463996
"Cadaverine","Sample_011904",7.52699465397162,81914.4826350858,60,FALSE,105806.236014498
"Cadaverine","QC_S_6",16.8441055069235,191990.578041786,61,TRUE,248433.856959183
"cADPR","QC_S_1",0.0290557626159688,3294.41996815782,1,TRUE,9158.55329199353
"cADPR","Sample_011820",0.00274315320396894,674.87437224235,3,FALSE,1048.75819455878
"cADPR","Sample_011860",0.00087198887618127,265.660260122461,4,FALSE,338.251374907833
"cADPR","Sample_011865",0.0751052736599714,23848.5365811791,5,FALSE,25718.6018768184
"cADPR","Sample_011870",0.0434160369853609,16564.6402759707,6,FALSE,15492.8178183929
"cADPR","Sample_011830",0.0181236940687297,7669.32572800139,7,FALSE,6332.65258655405
"cADPR","Sample_011835",0.0342026471530645,15314.7139669099,8,FALSE,11319.3234249186
"cADPR","Sample_011840",0.0343578701162803,17292.5116939994,9,FALSE,11567.9401928865
"cADPR","Sample_011890",0.0231298109062627,12397.5457553021,10,FALSE,7574.44470094454
"cADPR","Sample_011895",0.0327143629604739,18960.4895158975,11,FALSE,10660.0204647311
"cADPR","Sample_011900",0.0154820525307295,9540.47771188239,12,FALSE,4967.57945783729
"cADPR","QC_S_2",0.0290557626159688,18888.9944647439,13,TRUE,9158.55329199353
"cADPR","Sample_011821",0.00945299320156016,5984.77047087209,15,FALSE,3004.14315316174
"cADPR","Sample_011861",0.00050780334772912,307.758521666003,16,FALSE,157.257403055806
"cADPR","Sample_011866",0.0106260851018661,6260.68997670976,17,FALSE,3257.55010363359
"cADPR","Sample_011871",0.0120414028986955,6976.54061025968,18,FALSE,3697.61847838676
"cADPR","Sample_011831",0.0250259215414536,14325.2367695006,19,FALSE,7736.55251116577
"cADPR","Sample_011836",0.0164887239442255,9172.909445077,20,FALSE,5049.78484501015
"cADPR","Sample_011841",0.00722587884116464,3904.31085030682,21,FALSE,2191.7588481418
"cADPR","Sample_011891",0.0262715185031379,14558.7102231426,22,FALSE,8337.25112564431
"cADPR","Sample_011896",0.0244458375128633,12748.3159349428,23,FALSE,7450.41145077779
"cADPR","Sample_011901",0.0346418466074947,18156.7643422712,24,FALSE,10833.6926583043
"cADPR","QC_S_3",0.0290557626159688,15027.5191721879,25,TRUE,9158.55329199353
"cADPR","Sample_011822",0.00361924946030767,1688.24528065045,27,FALSE,1110.83204843297
"cADPR","Sample_011862",0.0164196836055799,7256.86856923583,28,FALSE,4972.86026904287
"cADPR","Sample_011867",0.00941388777366809,4004.6897558855,29,FALSE,2862.97342255044
"cADPR","Sample_011872",0.0162804528198941,6643.96271526179,30,FALSE,4964.55673598668
"cADPR","Sample_011832",0.011539573057701,4597.95869504427,31,FALSE,3598.42051526312
"cADPR","Sample_011837",0.0105981727000062,4006.14314788129,32,FALSE,3291.10570270285
"cADPR","Sample_011842",0.0067024137838038,2423.92493726371,33,FALSE,2095.45082904233
"cADPR","Sample_011892",0.00825492394518815,2853.9754072647,34,FALSE,2603.40296445254
"cADPR","Sample_011897",0.00159874891603685,530.581070652314,35,FALSE,512.27231960079
"cADPR","Sample_011902",0.0043365107963557,1371.19078216889,36,FALSE,1406.01424527766
"cADPR","QC_S_4",0.0290557626159688,8377.55511767379,37,TRUE,9158.55329199353
"cADPR","Sample_011823",0.0261333944843165,7139.99664276152,39,FALSE,8418.18558173367
"cADPR","Sample_011863",0.0134045184364598,3516.76805401215,40,FALSE,4315.67400818787
"cADPR","Sample_011868",0.0105532027617456,2651.20621094203,41,FALSE,3392.01557691249
"cADPR","Sample_011873",0.0305040922754226,7222.69477078255,42,FALSE,9651.86264057086
"cADPR","Sample_011833",0.0261753748615931,5958.98012781256,43,FALSE,8333.76400287225
"cADPR","Sample_011838",0.00178633390602324,386.144230558871,44,FALSE,566.393216151493
"cADPR","Sample_011843",0.00645100671907759,1319.0814255745,45,FALSE,2034.1149035788
"cADPR","Sample_011893",0.0274364812073864,5353.20900328695,46,FALSE,8701.59445966677
"cADPR","Sample_011898",0,0,47,FALSE,0
"cADPR","Sample_011903",0.0157126157702785,2723.62631142931,48,FALSE,4964.34788691174
"cADPR","QC_S_5",0.0290557626159688,4719.92089621191,49,TRUE,9158.55329199353
"cADPR","Sample_011824",0.0164707063594127,2635.71560830616,51,FALSE,5128.2987066328
"cADPR","Sample_011864",0,0,52,FALSE,0
"cADPR","Sample_011869",0.0387058066325416,6099.12474028379,53,FALSE,11899.4836941531
"cADPR","Sample_011874",0.0687025893108964,10920.7853196191,54,FALSE,21335.784075856
"cADPR","Sample_011834",0.00298648618798362,470.737377481749,55,FALSE,920.933710061687
"cADPR","Sample_011839",0.00692009814584616,1076.65960108875,56,FALSE,2109.22965897891
"cADPR","Sample_011844",0.0535960548497897,8616.43232661852,57,FALSE,16903.2228433433
"cADPR","Sample_011894",0.0368534624010842,5689.41325447297,58,FALSE,11176.5282467934
"cADPR","Sample_011899",0.041640257947728,6420.01493171699,59,FALSE,12629.1378934084
"cADPR","Sample_011904",0.0204664330945722,3121.23786863109,60,FALSE,6148.42085186309
"cADPR","QC_S_6",0.0290557626159688,4642.91013298581,61,TRUE,9158.55329199353
"Carbamoyl-P","QC_S_1",7.9628446261567,60767.0554184369,1,TRUE,93958.9841402811
"Carbamoyl-P","Sample_011820",16.3650705140117,167732.804838349,3,FALSE,234217.131366491
"Carbamoyl-P","Sample_011860",20.1024405305463,219180.669553614,4,FALSE,291912.629259663
"Carbamoyl-P","Sample_011865",11.0176780128044,110946.405269194,5,FALSE,141235.044687679
"Carbamoyl-P","Sample_011870",20.38242534916,223334.299146532,6,FALSE,272277.383581517
"Carbamoyl-P","Sample_011830",19.0175704244268,212671.068594784,7,FALSE,248753.641093549
"Carbamoyl-P","Sample_011835",12.0344351552787,132641.660138688,8,FALSE,149094.606460425
"Carbamoyl-P","Sample_011840",21.3939357933179,249248.055599784,9,FALSE,269647.22915974
"Carbamoyl-P","Sample_011890",22.0955403874347,259776.546131564,10,FALSE,270868.696184155
"Carbamoyl-P","Sample_011895",17.4876697998874,211984.675064545,11,FALSE,213317.746844819
"Carbamoyl-P","Sample_011900",18.44879230549,227899.647046983,12,FALSE,221594.869062501
"Carbamoyl-P","QC_S_2",7.9628446261567,99892.7642597738,13,TRUE,93958.9841402811
"Carbamoyl-P","Sample_011821",14.8278553917739,199347.444109138,15,FALSE,176402.645108014
"Carbamoyl-P","Sample_011861",17.3541773425875,234084.378297704,16,FALSE,201184.743568092
"Carbamoyl-P","Sample_011866",17.056683678089,234302.974028003,17,FALSE,195743.740318714
"Carbamoyl-P","Sample_011871",14.6016607271842,206531.224232833,18,FALSE,167850.537643585
"Carbamoyl-P","Sample_011831",11.1988155604507,163802.211915212,19,FALSE,129599.988742282
"Carbamoyl-P","Sample_011836",14.2825999314531,212437.277008028,20,FALSE,163745.197638135
"Carbamoyl-P","Sample_011841",13.2416637257803,200097.046482986,21,FALSE,150355.777469112
"Carbamoyl-P","Sample_011891",6.09316938946286,98755.386056413,22,FALSE,72386.3088676045
"Carbamoyl-P","Sample_011896",12.7480448251096,203292.4543765,23,FALSE,145443.524900367
"Carbamoyl-P","Sample_011901",7.93484109181842,132950.394132249,24,FALSE,92894.3249443635
"Carbamoyl-P","QC_S_3",7.9628446261567,137617.895746374,25,TRUE,93958.9841402811
"Carbamoyl-P","Sample_011822",10.2169669712329,159184.480533639,27,FALSE,117388.9842997
"Carbamoyl-P","Sample_011862",14.2672576990662,210561.934660416,28,FALSE,161754.901820388
"Carbamoyl-P","Sample_011867",14.8190452623774,210454.817097913,29,FALSE,168711.232108386
"Carbamoyl-P","Sample_011872",13.7102824190902,186732.220872335,30,FALSE,156507.758650883
"Carbamoyl-P","Sample_011832",9.6509207342359,128297.31327036,31,FALSE,112659.130360438
"Carbamoyl-P","Sample_011837",17.8249574405297,224721.672410104,32,FALSE,207211.957407841
"Carbamoyl-P","Sample_011842",16.4366480174646,198177.183184488,33,FALSE,192368.946241792
"Carbamoyl-P","Sample_011892",18.0925889352809,208450.591783004,34,FALSE,213601.603006618
"Carbamoyl-P","Sample_011897",13.8361072189795,152947.191454614,35,FALSE,165962.519073613
"Carbamoyl-P","Sample_011902",18.5478286093703,195241.161837204,36,FALSE,225121.946826819
"Carbamoyl-P","QC_S_4",7.9628446261567,76384.9140435311,37,TRUE,93958.9841402811
"Carbamoyl-P","Sample_011823",13.3556063177971,131705.516803428,39,FALSE,161050.379747493
"Carbamoyl-P","Sample_011863",19.2720220413312,190512.360534849,40,FALSE,232273.771733415
"Carbamoyl-P","Sample_011868",18.8762410487558,186837.709825807,41,FALSE,227124.792189875
"Carbamoyl-P","Sample_011873",5.82172224385982,56892.2664627975,42,FALSE,68957.2574841142
"Carbamoyl-P","Sample_011833",18.7717006257429,185127.175520516,43,FALSE,223731.626579084
"Carbamoyl-P","Sample_011838",15.1470863643198,149199.927150934,44,FALSE,179787.699734133
"Carbamoyl-P","Sample_011843",19.560704371569,192166.97166859,45,FALSE,230891.502487846
"Carbamoyl-P","Sample_011893",17.2798732996334,171244.154019522,46,FALSE,205157.054092373
"Carbamoyl-P","Sample_011898",20.4984715171796,201026.776092417,47,FALSE,240142.894197282
"Carbamoyl-P","Sample_011903",17.6430350584593,175185.398995477,48,FALSE,208671.187395125
"Carbamoyl-P","QC_S_5",7.9628446261567,79108.1793079233,49,TRUE,93958.9841402811
"Carbamoyl-P","Sample_011824",16.8994714203639,176628.951963088,51,FALSE,196974.353015602
"Carbamoyl-P","Sample_011864",17.1043370098647,182814.619861017,52,FALSE,197831.251456525
"Carbamoyl-P","Sample_011869",21.5894984319358,236411.361669295,53,FALSE,248467.746603517
"Carbamoyl-P","Sample_011874",14.1384444670209,160891.596351357,54,FALSE,164366.234270593
"Carbamoyl-P","Sample_011834",12.6717526062485,147191.659168813,55,FALSE,146278.338248039
"Carbamoyl-P","Sample_011839",15.7273444514589,185483.957045741,56,FALSE,179449.596827056
"Carbamoyl-P","Sample_011844",8.96982053823657,112360.988761985,57,FALSE,105899.990463268
"Carbamoyl-P","Sample_011894",17.8644100300351,220738.860411325,58,FALSE,202811.592327523
"Carbamoyl-P","Sample_011899",13.6617350943816,173068.904534204,59,FALSE,155110.653221321
"Carbamoyl-P","Sample_011904",13.7640638818357,176950.069046375,60,FALSE,154790.241953084
"Carbamoyl-P","QC_S_6",7.9628446261567,109983.096065647,61,TRUE,93958.9841402811
"Citrate","QC_S_1",16936.6203991677,2507171.50786937,1,TRUE,3811746.60659697
"Citrate","Sample_011820",77069.3845026279,13651750.1594074,3,FALSE,21038262.2670543
"Citrate","Sample_011860",51825.3461379606,9250837.56527169,4,FALSE,14354018.6983227
"Citrate","Sample_011865",9836.32453595516,1539318.91979755,5,FALSE,2404985.389824
"Citrate","Sample_011870",40310.0523639945,6528302.9965033,6,FALSE,10270610.7061394
"Citrate","Sample_011830",49004.745936601,7717037.67189995,7,FALSE,12225869.4149973
"Citrate","Sample_011835",103824.689119603,15377311.9961914,8,FALSE,24533756.9679417
"Citrate","Sample_011840",48928.5124878907,7320398.36932378,9,FALSE,11762360.454075
"Citrate","Sample_011890",27101.2044159512,3915724.52514745,10,FALSE,6336799.69459938
"Citrate","Sample_011895",48398.1768838617,6908329.70410291,11,FALSE,11260333.2459202
"Citrate","Sample_011900",66160.1694795938,9231971.55355489,12,FALSE,15157080.7826896
"Citrate","QC_S_2",16936.6203991677,2304820.36941374,13,TRUE,3811746.60659697
"Citrate","Sample_011821",63536.8332364843,10500369.2036031,15,FALSE,14417153.2144804
"Citrate","Sample_011861",67572.6700770603,11805979.8148922,16,FALSE,14941331.1145991
"Citrate","Sample_011866",34861.2052557473,6501234.1937671,17,FALSE,7630673.69907477
"Citrate","Sample_011871",23125.0301010281,4633292.35548467,18,FALSE,5070257.16807124
"Citrate","Sample_011831",40453.4337011242,8711824.43144768,19,FALSE,8929259.8168422
"Citrate","Sample_011836",26413.6731242121,5992349.26779631,20,FALSE,5775868.49962779
"Citrate","Sample_011841",45207.2276053009,10762999.8116796,21,FALSE,9790675.07313281
"Citrate","Sample_011891",18131.3462737928,4770412.28730291,22,FALSE,4108378.32904946
"Citrate","Sample_011896",38347.4863703309,10205445.2090221,23,FALSE,8344780.33274678
"Citrate","Sample_011901",39826.8181157813,11425911.0624655,24,FALSE,8893111.91434828
"Citrate","QC_S_3",16936.6203991677,5133034.03173255,25,TRUE,3811746.60659697
"Citrate","Sample_011822",66378.4485481753,19201187.9372972,27,FALSE,14546538.1611395
"Citrate","Sample_011862",23610.7524339462,6671379.10777518,28,FALSE,5105684.44472894
"Citrate","Sample_011867",45576.7378392404,12799820.7098227,29,FALSE,9896786.6365728
"Citrate","Sample_011872",20071.5226667051,5593821.2646232,30,FALSE,4370156.49005043
"Citrate","Sample_011832",19117.490144441,5391655.77553877,31,FALSE,4256530.19385201
"Citrate","Sample_011837",42697.9380259941,11865707.0387584,32,FALSE,9467175.14643479
"Citrate","Sample_011842",32732.6815178297,9060692.1492764,33,FALSE,7306855.07327559
"Citrate","Sample_011892",33463.9734820878,9243722.28830578,34,FALSE,7535437.92392179
"Citrate","Sample_011897",15255.4814570046,4234906.86541513,35,FALSE,3490191.16917976
"Citrate","Sample_011902",80302.7149549052,22309030.8309242,36,FALSE,18590119.7730381
"Citrate","QC_S_4",16936.6203991677,4523481.80176625,37,TRUE,3811746.60659697
"Citrate","Sample_011823",36531.8674424378,9859455.39603918,39,FALSE,8402281.25791716
"Citrate","Sample_011863",31907.9027124128,8558283.52433265,40,FALSE,7334970.05746935
"Citrate","Sample_011868",81650.0579834415,21739000.015878,41,FALSE,18738409.4067234
"Citrate","Sample_011873",11585.5511048318,3019141.64182979,42,FALSE,2617413.83899177
"Citrate","Sample_011833",154491.536575633,40276949.8485641,43,FALSE,35120092.4904322
"Citrate","Sample_011838",33160.5469301736,8559648.21853038,44,FALSE,7507230.60878917
"Citrate","Sample_011843",24449.6045701597,6239634.2054692,45,FALSE,5504558.57564035
"Citrate","Sample_011893",15513.4727925612,3958806.6836349,46,FALSE,3513032.16725278
"Citrate","Sample_011898",83557.1901462002,20915674.5951212,47,FALSE,18670643.4931256
"Citrate","Sample_011903",13754.1710393714,3455242.44807047,48,FALSE,3102778.75042018
"Citrate","QC_S_5",16936.6203991677,4219406.72856238,49,TRUE,3811746.60659697
"Citrate","Sample_011824",45695.3541159365,11228731.8757857,51,FALSE,10158645.5282731
"Citrate","Sample_011864",33245.4588286856,8100773.88164798,52,FALSE,7334122.88003827
"Citrate","Sample_011869",82226.105442056,19921677.5366312,53,FALSE,18049467.2118116
"Citrate","Sample_011874",24160.0396605684,5908541.56451396,54,FALSE,5357174.7776188
"Citrate","Sample_011834",60142.9796732647,14594280.1601409,55,FALSE,13242057.5425771
"Citrate","Sample_011839",32062.9674803309,7684713.93517531,56,FALSE,6977791.69525477
"Citrate","Sample_011844",14210.993619075,3521727.74096497,57,FALSE,3200101.90959049
"Citrate","Sample_011894",30841.5599262414,7344151.56979595,58,FALSE,6678326.23067534
"Citrate","Sample_011899",20771.720647976,4943007.13922736,59,FALSE,4498165.57691617
"Citrate","Sample_011904",20235.0994140364,4766140.10858275,60,FALSE,4340396.84863852
"Citrate","QC_S_6",16936.6203991677,4182565.2002375,61,TRUE,3811746.60659697
"Citrulline","QC_S_1",10156.5993462717,1571309.0691871,1,TRUE,3499493.8317072
"Citrulline","Sample_011820",26003.4385761269,5618179.74567997,3,FALSE,10867218.4690957
"Citrulline","Sample_011860",34592.9760096129,8081791.38994466,4,FALSE,14668268.9646378
"Citrulline","Sample_011865",16721.593333627,3661352.31966188,5,FALSE,6259172.10535794
"Citrulline","Sample_011870",26069.089844243,6293907.30350985,6,FALSE,10168769.8387998
"Citrulline","Sample_011830",28764.5615369655,7173428.30597496,7,FALSE,10986491.1975647
"Citrulline","Sample_011835",17164.908319259,4265498.69202383,8,FALSE,6209613.22673789
"Citrulline","Sample_011840",25545.3311170578,6777694.16114683,9,FALSE,9401640.71819262
"Citrulline","Sample_011890",21849.2456034825,5904219.57501556,10,FALSE,7821273.57072704
"Citrulline","Sample_011895",26083.2329805336,7329153.68307797,11,FALSE,9290590.20837347
"Citrulline","Sample_011900",25309.0963038611,7304397.81868476,12,FALSE,8876775.5217268
"Citrulline","QC_S_2",10156.5993462717,2998551.80040841,13,TRUE,3499493.8317072
"Citrulline","Sample_011821",16417.1850270528,5277495.27639441,15,FALSE,5703117.04090847
"Citrulline","Sample_011861",25778.5663827518,8374135.28541501,16,FALSE,8726430.10401114
"Citrulline","Sample_011866",21057.1523492215,7013213.50870351,17,FALSE,7056344.36316094
"Citrulline","Sample_011871",17324.0114075373,5978754.29935781,18,FALSE,5815081.21945213
"Citrulline","Sample_011831",15896.3851584059,5707004.08544019,19,FALSE,5371778.40676876
"Citrulline","Sample_011836",19038.3243586293,6989567.51657255,20,FALSE,6373483.45189783
"Citrulline","Sample_011841",19695.9537922925,7385402.83374176,21,FALSE,6530424.65547741
"Citrulline","Sample_011891",8748.3333488051,3536052.63730272,22,FALSE,3034766.93500261
"Citrulline","Sample_011896",14637.423301889,5848987.21005335,23,FALSE,4876433.23390825
"Citrulline","Sample_011901",9520.55813429718,4015218.26047674,24,FALSE,3254619.32726629
"Citrulline","QC_S_3",10156.5993462717,4437207.48905161,25,TRUE,3499493.8317072
"Citrulline","Sample_011822",13693.5610459033,5823192.67845303,27,FALSE,4594186.25586239
"Citrulline","Sample_011862",15790.6418722365,6624912.39819213,28,FALSE,5227614.68403647
"Citrulline","Sample_011867",15070.976477148,6348228.80199025,29,FALSE,5010164.72702335
"Citrulline","Sample_011872",15675.963606412,6619651.19643354,30,FALSE,5225291.91961697
"Citrulline","Sample_011832",11077.79423721,4782844.89651924,31,FALSE,3776050.38417983
"Citrulline","Sample_011837",16377.06307728,7040145.68247172,32,FALSE,5559160.0015937
"Citrulline","Sample_011842",16203.4845905458,7011539.51955727,33,FALSE,5537541.21858769
"Citrulline","Sample_011892",17720.6326597512,7733751.22862025,34,FALSE,6108996.1993947
"Citrulline","Sample_011897",13561.9470665909,6012419.06637433,35,FALSE,4750124.41544056
"Citrulline","Sample_011902",17121.9710927435,7679510.21277113,36,FALSE,6068276.50753547
"Citrulline","QC_S_4",10156.5993462717,4427894.67351755,37,TRUE,3499493.8317072
"Citrulline","Sample_011823",9145.85975893775,3915447.96522262,39,FALSE,3220397.80891728
"Citrulline","Sample_011863",18783.4773732104,7873747.6415414,40,FALSE,6610521.54528975
"Citrulline","Sample_011868",14626.6179915057,5993935.5290718,41,FALSE,5139013.84528263
"Citrulline","Sample_011873",9036.69905896293,3568195.1881477,42,FALSE,3125540.70723175
"Citrulline","Sample_011833",14639.1298689976,5690318.3578076,43,FALSE,5094785.03819577
"Citrulline","Sample_011838",18849.0768387102,7134979.25033911,44,FALSE,6532926.91428643
"Citrulline","Sample_011843",17652.3157695242,6494538.79745651,45,FALSE,6084319.17544559
"Citrulline","Sample_011893",14974.2155996768,5412916.29852791,46,FALSE,5191308.31683741
"Citrulline","Sample_011898",19339.7720900855,6734644.15160593,47,FALSE,6615862.24768142
"Citrulline","Sample_011903",17077.5419586586,5857965.68335359,48,FALSE,5897954.14546819
"Citrulline","QC_S_5",10156.5993462717,3389210.01070674,49,TRUE,3499493.8317072
"Citrulline","Sample_011824",18220.3838994064,6237269.40095066,51,FALSE,6201274.06459457
"Citrulline","Sample_011864",19147.4665442279,6624963.0440387,52,FALSE,6466761.04076635
"Citrulline","Sample_011869",18919.1932571883,6632122.52749148,53,FALSE,6357947.27949788
"Citrulline","Sample_011874",17090.7915615754,6160211.11636584,54,FALSE,5801763.12003638
"Citrulline","Sample_011834",16861.3704265255,6140793.38347142,55,FALSE,5683593.9397987
"Citrulline","Sample_011839",19661.3128979993,7199862.04438629,56,FALSE,6550680.88894653
"Citrulline","Sample_011844",11290.1327791036,4350577.28961773,57,FALSE,3892226.06762939
"Citrulline","Sample_011894",18457.089224301,6953333.13587696,58,FALSE,6118629.39402181
"Citrulline","Sample_011899",17076.8928737208,6539481.35616105,59,FALSE,5661499.34440936
"Citrulline","Sample_011904",18328.7350958158,7064601.806852,60,FALSE,6018887.61751405
"Citrulline","QC_S_6",10156.5993462717,4172789.94737181,61,TRUE,3499493.8317072
"Creatinine","QC_S_1",289133.846758524,11786891.401838,1,TRUE,15142874.3780215
"Creatinine","Sample_011820",1023954.9004845,52172918.8530659,3,FALSE,65046048.6638083
"Creatinine","Sample_011860",1483826.28197263,77843707.8627039,4,FALSE,95637116.1992069
"Creatinine","Sample_011865",361268.131241392,16974581.1935172,5,FALSE,20555183.7025684
"Creatinine","Sample_011870",985199.713792998,48931455.2779614,6,FALSE,58414316.5201546
"Creatinine","Sample_011830",932617.855655334,45997093.9813851,7,FALSE,54144887.2400141
"Creatinine","Sample_011835",379583.438367408,17979401.6263005,8,FALSE,20872899.9584394
"Creatinine","Sample_011840",1164493.55560408,56886776.8471178,9,FALSE,65145088.3808085
"Creatinine","Sample_011890",713925.605678454,34382167.1281672,10,FALSE,38846014.036238
"Creatinine","Sample_011895",1049255.063439,50954366.6030444,11,FALSE,56808775.9155807
"Creatinine","Sample_011900",1061032.5935663,51407806.1169372,12,FALSE,56566563.8229173
"Creatinine","QC_S_2",289133.846758524,13941418.3765749,13,TRUE,15142874.3780215
"Creatinine","Sample_011821",663722.843306428,34982185.3381802,15,FALSE,35047159.9257097
"Creatinine","Sample_011861",1614653.29440491,86147406.940357,16,FALSE,83082510.274122
"Creatinine","Sample_011866",882861.357356615,48371486.2904052,17,FALSE,44970230.1115903
"Creatinine","Sample_011871",609373.94527689,34647819.1812058,18,FALSE,31091643.475309
"Creatinine","Sample_011831",533231.033633037,31583660.2006278,19,FALSE,27389720.6666891
"Creatinine","Sample_011836",731732.988971315,44379273.2866025,20,FALSE,37235162.1647956
"Creatinine","Sample_011841",715109.767570081,44351616.163927,21,FALSE,36040398.9951584
"Creatinine","Sample_011891",229388.659118754,15353469.555282,22,FALSE,12095517.0232545
"Creatinine","Sample_011896",493352.996260401,32680405.670874,23,FALSE,24983190.1769766
"Creatinine","Sample_011901",294426.265947429,20605476.2898498,24,FALSE,15299132.8117961
"Creatinine","QC_S_3",289133.846758524,20981712.4312454,25,TRUE,15142874.3780215
"Creatinine","Sample_011822",627973.676281281,40697772.5625573,27,FALSE,32024776.6081651
"Creatinine","Sample_011862",817465.560214911,49916511.6409497,28,FALSE,41136347.1157384
"Creatinine","Sample_011867",776184.544150724,45342799.0371428,29,FALSE,39221850.2737662
"Creatinine","Sample_011872",862876.240573827,48033920.1677463,30,FALSE,43719712.3726859
"Creatinine","Sample_011832",451444.368993582,24356573.4139111,31,FALSE,23390591.290091
"Creatinine","Sample_011837",939659.576925353,47703982.5798257,32,FALSE,48483746.3401064
"Creatinine","Sample_011842",959545.158715589,46183708.0303054,33,FALSE,49845555.9064673
"Creatinine","Sample_011892",1098556.64549689,50033733.6187544,34,FALSE,57565934.7932589
"Creatinine","Sample_011897",663350.710579096,28669091.9128087,35,FALSE,35316577.7075645
"Creatinine","Sample_011902",1229974.05262414,49987100.1239062,36,FALSE,66261311.2173492
"Creatinine","QC_S_4",289133.846758524,10554773.9201843,37,TRUE,15142874.3780215
"Creatinine","Sample_011823",451935.345381979,18043581.7408349,39,FALSE,24188768.9943716
"Creatinine","Sample_011863",1411029.47101866,58153256.9809202,40,FALSE,75482849.6523706
"Creatinine","Sample_011868",1115454.30601734,47352659.334956,41,FALSE,59571718.2751338
"Creatinine","Sample_011873",367452.856567801,15828526.2049772,42,FALSE,19318323.8249391
"Creatinine","Sample_011833",871423.872794926,38899398.7806143,43,FALSE,46099108.6658237
"Creatinine","Sample_011838",980540.12729178,44853871.0015627,44,FALSE,51657758.7704717
"Creatinine","Sample_011843",899358.882388566,42065802.1521019,45,FALSE,47118971.5795882
"Creatinine","Sample_011893",586977.53991203,28371527.9195905,46,FALSE,30931907.1978342
"Creatinine","Sample_011898",1003200.97071393,49123017.6798057,47,FALSE,52164556.5346626
"Creatinine","Sample_011903",612471.855821329,31064498.8816218,48,FALSE,32152492.1890136
"Creatinine","QC_S_5",289133.846758524,15000978.7250769,49,TRUE,15142874.3780215
"Creatinine","Sample_011824",841017.604623355,44820879.6147637,51,FALSE,43509186.4457938
"Creatinine","Sample_011864",867162.065130272,46738939.4675397,52,FALSE,44517240.7925731
"Creatinine","Sample_011869",964685.76251884,52710923.1611859,53,FALSE,49277952.17068
"Creatinine","Sample_011874",564716.301263186,31745174.9712929,54,FALSE,29139400.5741559
"Creatinine","Sample_011834",606042.121628465,34442036.5070555,55,FALSE,31051705.3684718
"Creatinine","Sample_011839",774353.8872202,44272868.962354,56,FALSE,39216234.0177784
"Creatinine","Sample_011844",331300.230145992,19942534.7357436,57,FALSE,17360939.3068338
"Creatinine","Sample_011894",836691.91172789,49263238.6908623,58,FALSE,42160813.4523385
"Creatinine","Sample_011899",683102.596473899,40903232.2823441,59,FALSE,34423974.9659516
"Creatinine","Sample_011904",736364.98307547,44400562.8444978,60,FALSE,36756093.0069421
"Creatinine","QC_S_6",289133.846758524,18591471.4132092,61,TRUE,15142874.3780215
"Cysteine","QC_S_1",27.0179001557028,12482.6154513356,1,TRUE,158466.404975405
"Cysteine","Sample_011820",203.895600520796,373984.709612005,3,FALSE,1450521.51120225
"Cysteine","Sample_011860",149.191456869981,374057.479077712,4,FALSE,1076870.78680029
"Cysteine","Sample_011865",61.4196136962949,170978.422618639,5,FALSE,391358.722980959
"Cysteine","Sample_011870",146.774799247111,513037.145149825,6,FALSE,974591.782948387
"Cysteine","Sample_011830",72.8464310754609,291727.267349327,7,FALSE,473628.944045794
"Cysteine","Sample_011835",48.2220633917144,209495.802091574,8,FALSE,296959.725830187
"Cysteine","Sample_011840",69.9740828546313,348516.611207437,9,FALSE,438387.367260109
"Cysteine","Sample_011890",55.4006773597064,298603.559495277,10,FALSE,337586.294480756
"Cysteine","Sample_011895",51.9404370906564,306760.132626636,11,FALSE,314931.56079773
"Cysteine","Sample_011900",79.4291517946182,504380.173532124,12,FALSE,474228.036008517
"Cysteine","QC_S_2",27.0179001557028,182729.150515725,13,TRUE,158466.404975405
"Cysteine","Sample_011821",44.0800370139498,326567.213248371,15,FALSE,260665.913600771
"Cysteine","Sample_011861",54.715864277278,410729.080236273,16,FALSE,315296.985332279
"Cysteine","Sample_011866",54.1808159179563,418023.538785916,17,FALSE,309068.233730577
"Cysteine","Sample_011871",37.9339880241533,303970.304081275,18,FALSE,216752.706107732
"Cysteine","Sample_011831",41.2114154870562,344273.52738847,19,FALSE,237064.18412728
"Cysteine","Sample_011836",73.2668796359343,627164.042859657,20,FALSE,417526.974245054
"Cysteine","Sample_011841",43.5320464654304,381310.757395357,21,FALSE,245698.322935227
"Cysteine","Sample_011891",21.9240423553405,207375.798884958,22,FALSE,129464.099376515
"Cysteine","Sample_011896",34.4811281099376,322973.937310239,23,FALSE,195545.496165675
"Cysteine","Sample_011901",32.0739972658966,317580.852894791,24,FALSE,186646.383485267
"Cysteine","QC_S_3",27.0179001557028,277532.600235807,25,TRUE,158466.404975405
"Cysteine","Sample_011822",46.5677788742816,421752.083969492,27,FALSE,265953.935751601
"Cysteine","Sample_011862",66.3406456653044,561927.054575939,28,FALSE,373862.736822755
"Cysteine","Sample_011867",38.9297977719947,312886.535010538,29,FALSE,220303.533219352
"Cysteine","Sample_011872",39.0159033547367,296095.567410094,30,FALSE,221384.229307912
"Cysteine","Sample_011832",42.0732535668916,306307.433585163,31,FALSE,244128.951390915
"Cysteine","Sample_011837",51.2496641214822,347048.106502997,32,FALSE,296137.139635666
"Cysteine","Sample_011842",88.3643128675985,559882.971129447,33,FALSE,514060.409372214
"Cysteine","Sample_011892",61.1492577799993,361130.301693895,34,FALSE,358847.994650158
"Cysteine","Sample_011897",50.976176814674,280707.635947405,35,FALSE,303933.731430641
"Cysteine","Sample_011902",65.307784118314,331283.400202367,36,FALSE,394008.192659348
"Cysteine","QC_S_4",27.0179001557028,120121.488236143,37,TRUE,158466.404975405
"Cysteine","Sample_011823",36.9137588916633,171891.50318759,39,FALSE,221259.515785493
"Cysteine","Sample_011863",64.1125813438533,302010.414475126,40,FALSE,384088.84453115
"Cysteine","Sample_011868",75.9600174765638,361505.748901891,41,FALSE,454307.207027625
"Cysteine","Sample_011873",32.9667822755355,156278.988496616,42,FALSE,194097.794873021
"Cysteine","Sample_011833",71.1861692345446,343534.054746316,43,FALSE,421730.417183127
"Cysteine","Sample_011838",61.4939293415805,298958.049650202,44,FALSE,362809.508822308
"Cysteine","Sample_011843",63.3169559233029,309621.068688178,45,FALSE,371500.18099895
"Cysteine","Sample_011893",88.5798861680251,440607.985133958,46,FALSE,522753.032007688
"Cysteine","Sample_011898",92.6048974307668,459603.754613154,47,FALSE,539259.443010638
"Cysteine","Sample_011903",58.8272575186129,298020.420454014,48,FALSE,345846.459988118
"Cysteine","QC_S_5",27.0179001557028,138046.310073905,49,TRUE,158466.404975405
"Cysteine","Sample_011824",76.180601004885,422479.517328153,51,FALSE,441363.58478762
"Cysteine","Sample_011864",71.0188803963055,408401.507752848,52,FALSE,408298.718557022
"Cysteine","Sample_011869",54.9954759903995,328227.302776912,53,FALSE,314608.154950339
"Cysteine","Sample_011874",44.2354080203784,277687.940921707,54,FALSE,255621.014755402
"Cysteine","Sample_011834",58.0550466045299,376212.201605825,55,FALSE,333118.577025286
"Cysteine","Sample_011839",39.0973315510057,259971.769619465,56,FALSE,221742.91257896
"Cysteine","Sample_011844",29.8619757960035,212999.942690089,57,FALSE,175245.247112829
"Cysteine","Sample_011894",58.2562924027945,413721.085284024,58,FALSE,328747.516077119
"Cysteine","Sample_011899",46.5438746559162,341871.381287206,59,FALSE,262672.037764978
"Cysteine","Sample_011904",56.7601642404663,426612.504263977,60,FALSE,317289.781081619
"Cysteine","QC_S_6",27.0179001557028,219886.265339517,61,TRUE,158466.404975405
"Cystine","QC_S_1",21822.8048115486,280711.439670537,1,TRUE,3564948.11508751
"Cystine","Sample_011820",305034.27337082,10776949.3122684,3,FALSE,60439656.8377953
"Cystine","Sample_011860",251153.837444796,11516701.3451123,4,FALSE,50491292.8483133
"Cystine","Sample_011865",62478.132284172,3081092.02112931,5,FALSE,11087994.6592692
"Cystine","Sample_011870",214475.079367716,12996563.0044201,6,FALSE,39664786.3823618
"Cystine","Sample_011830",183208.53759428,12522317.4969691,7,FALSE,33176662.5566644
"Cystine","Sample_011835",99391.1495013845,7283084.32508887,8,FALSE,17047335.5447203
"Cystine","Sample_011840",125835.989337281,10473958.5211763,9,FALSE,21957491.131579
"Cystine","Sample_011890",93556.2601086549,8364513.33659003,10,FALSE,15878139.6273004
"Cystine","Sample_011895",119059.470810402,11592831.8417622,11,FALSE,20106272.5610754
"Cystine","Sample_011900",109808.405617697,11437337.582863,12,FALSE,18259964.0693413
"Cystine","QC_S_2",21822.8048115486,2410421.94851169,13,TRUE,3564948.11508751
"Cystine","Sample_011821",106917.373106338,15428869.2138711,15,FALSE,17609523.5276276
"Cystine","Sample_011861",75402.3289070535,11813451.9260086,16,FALSE,12101754.7301131
"Cystine","Sample_011866",74429.3008498376,12726169.0379566,17,FALSE,11825235.5678799
"Cystine","Sample_011871",75410.996736858,14115886.3704743,18,FALSE,12001284.7078477
"Cystine","Sample_011831",63632.589549618,13010880.3896939,19,FALSE,10194948.6657488
"Cystine","Sample_011836",66208.1662309395,14462155.1717303,20,FALSE,10508613.8562275
"Cystine","Sample_011841",50450.3877805534,11707619.0930893,21,FALSE,7930757.10436627
"Cystine","Sample_011891",16333.845059996,4234446.05893203,22,FALSE,2686421.69338473
"Cystine","Sample_011896",48356.699075609,12803215.1372472,23,FALSE,7638006.63154824
"Cystine","Sample_011901",30756.1491563585,8854465.88699385,24,FALSE,4984888.88322172
"Cystine","QC_S_3",21822.8048115486,6688812.3961787,25,TRUE,3564948.11508751
"Cystine","Sample_011822",49478.393347611,13153267.705728,27,FALSE,7870340.43942743
"Cystine","Sample_011862",48097.6349107971,11843004.29185,28,FALSE,7549413.97024716
"Cystine","Sample_011867",51076.2691909408,11803589.580016,29,FALSE,8050363.93394355
"Cystine","Sample_011872",53106.8453903034,11445450.0671609,30,FALSE,8392909.68625532
"Cystine","Sample_011832",51982.5684295279,10595193.2553659,31,FALSE,8400941.37461172
"Cystine","Sample_011837",67749.1958029136,12633558.2226909,32,FALSE,10903427.2526408
"Cystine","Sample_011842",69673.9960964693,11923299.8895917,33,FALSE,11289247.7768387
"Cystine","Sample_011892",71195.5539393269,11097332.6881377,34,FALSE,11636683.9503241
"Cystine","Sample_011897",76630.1172935644,10830980.9013607,35,FALSE,12725303.9340531
"Cystine","Sample_011902",94665.1421740467,11908335.921412,36,FALSE,15906968.731962
"Cystine","QC_S_4",21822.8048115486,2303349.9200237,37,TRUE,3564948.11508751
"Cystine","Sample_011823",58639.6804799301,6853116.85859946,39,FALSE,9789540.64245985
"Cystine","Sample_011863",79494.4505885255,9643259.42638486,40,FALSE,13264237.0553225
"Cystine","Sample_011868",103511.221588439,13000749.9082172,41,FALSE,17242849.4572247
"Cystine","Sample_011873",21954.5042594777,2811550.85832391,42,FALSE,3600184.09318162
"Cystine","Sample_011833",101718.441961665,13560039.8675093,43,FALSE,16784021.7753639
"Cystine","Sample_011838",69670.0279686335,9558151.83366737,44,FALSE,11448522.2734023
"Cystine","Sample_011843",72955.1179496413,10275015.8256943,45,FALSE,11922073.5990685
"Cystine","Sample_011893",55609.5819906449,8124181.27804924,46,FALSE,9140461.11171347
"Cystine","Sample_011898",78148.6731931352,11607395.1351427,47,FALSE,12674838.8063366
"Cystine","Sample_011903",61854.6691433861,9548400.8881499,48,FALSE,10128246.268015
"Cystine","QC_S_5",21822.8048115486,3456990.38615308,49,TRUE,3564948.11508751
"Cystine","Sample_011824",67079.1285799373,11909523.2255039,51,FALSE,10824218.4383359
"Cystine","Sample_011864",72238.6366287929,13482125.0085194,52,FALSE,11567267.2191428
"Cystine","Sample_011869",74368.0564794412,14584096.7350497,53,FALSE,11849130.2795226
"Cystine","Sample_011874",44307.760699155,9242696.37378865,54,FALSE,7131212.05129548
"Cystine","Sample_011834",56034.7865796942,12191251.4985244,55,FALSE,8955165.7577186
"Cystine","Sample_011839",47975.297814662,10811643.8924821,56,FALSE,7578396.81845233
"Cystine","Sample_011844",27232.6780063154,6640779.92357316,57,FALSE,4451179.33671116
"Cystine","Sample_011894",45779.1006299474,11204316.7007014,58,FALSE,7195217.51046293
"Cystine","Sample_011899",52733.0209563092,13448260.2854497,59,FALSE,8288787.25415924
"Cystine","Sample_011904",38625.8261818846,10149683.8303036,60,FALSE,6013776.11062074
"Cystine","QC_S_6",21822.8048115486,6249402.59998736,61,TRUE,3564948.11508751
"dADP","QC_S_1",0.0127337218133209,831.539332829435,1,TRUE,1747.47929398259
"dADP","Sample_011820",0.309710754702452,24637.7578155651,3,FALSE,51551.7808774777
"dADP","Sample_011860",0.111913715493757,9052.5689700405,4,FALSE,18900.531743636
"dADP","Sample_011865",0.047613833850253,3407.28338868666,5,FALSE,7098.59105275503
"dADP","Sample_011870",0.251411019712035,18788.7973517882,6,FALSE,39059.4953111492
"dADP","Sample_011830",0.27947423863215,20495.0697951062,7,FALSE,42515.0608070178
"dADP","Sample_011835",0.0321727121092336,2239.49108614653,8,FALSE,4635.64856748471
"dADP","Sample_011840",0.315246900674079,22372.3591665566,9,FALSE,46210.71721428
"dADP","Sample_011890",0.225886898967057,15625.3289256139,10,FALSE,32205.6332370123
"dADP","Sample_011895",0.208065959952888,14351.7970738012,11,FALSE,29517.7117637077
"dADP","Sample_011900",0.237550737983824,16168.9809830106,12,FALSE,33184.459796495
"dADP","QC_S_2",0.0127337218133209,853.261743111366,13,TRUE,1747.47929398259
"dADP","Sample_011821",0.173912413411212,19746.2582367966,15,FALSE,24062.677064788
"dADP","Sample_011861",0.0312901338357575,4163.01456071065,16,FALSE,4218.76217008619
"dADP","Sample_011866",0.106420462790189,16376.3451381192,17,FALSE,14203.8160800855
"dADP","Sample_011871",0.119120268023761,21007.6620079931,18,FALSE,15925.4882129237
"dADP","Sample_011831",0.123073661683765,24603.4434929127,19,FALSE,16564.7392268424
"dADP","Sample_011836",0.080750236380713,17781.1278875092,20,FALSE,10766.9256071268
"dADP","Sample_011841",0.0739867212118114,17759.1659024706,21,FALSE,9770.52628045703
"dADP","Sample_011891",0.00758854611392518,2079.96026106624,22,FALSE,1048.47569449878
"dADP","Sample_011896",0.057204942368006,16319.3128447831,23,FALSE,7590.51025848928
"dADP","Sample_011901",0.00751008904205749,2368.34900909374,24,FALSE,1022.54550798614
"dADP","QC_S_3",0.0127337218133209,4337.76571295216,25,TRUE,1747.47929398259
"dADP","Sample_011822",0.0440197410412049,13345.8677521445,27,FALSE,5882.19541829684
"dADP","Sample_011862",0.0394591089170799,11249.5264892728,28,FALSE,5202.9640844067
"dADP","Sample_011867",0.0447044237205488,12166.3691860809,29,FALSE,5919.17095249656
"dADP","Sample_011872",0.0513749977929883,13291.449032403,30,FALSE,6820.68349152999
"dADP","Sample_011832",0.0775705331640123,19398.3727180812,31,FALSE,10531.2769032133
"dADP","Sample_011837",0.0752664734273399,17657.869385256,32,FALSE,10175.9388662052
"dADP","Sample_011842",0.0796748204611305,17661.4755173835,33,FALSE,10844.9964487818
"dADP","Sample_011892",0.0493188290312932,10305.4142217037,34,FALSE,6771.78494940563
"dADP","Sample_011897",0.0942750953911574,18610.8271836833,35,FALSE,13151.6332515517
"dADP","Sample_011902",0.0612051219996978,11303.9887215775,36,FALSE,8639.70948420248
"dADP","QC_S_4",0.0127337218133209,2099.86857837684,37,TRUE,1747.47929398259
"dADP","Sample_011823",0.0207197830179435,3110.30127975796,39,FALSE,2905.82835331898
"dADP","Sample_011863",0.0976276548952445,13749.224362535,40,FALSE,13684.6078124791
"dADP","Sample_011868",0.0804310038820351,10569.6455332892,41,FALSE,11255.3531819388
"dADP","Sample_011873",0.0241993948572047,2911.71584822738,42,FALSE,3333.64703511824
"dADP","Sample_011833",0.125078526985005,14005.2375139095,43,FALSE,17337.7656486013
"dADP","Sample_011838",0.156285421300765,16011.193445446,44,FALSE,21574.2621610093
"dADP","Sample_011843",0.12806427035837,11893.3710503865,45,FALSE,17580.7763634754
"dADP","Sample_011893",0.179344756299427,15127.2018914534,46,FALSE,24764.0226980875
"dADP","Sample_011898",0.157918288244859,11730.8798279701,47,FALSE,21516.2855407328
"dADP","Sample_011903",0.183761742365972,12122.1067576877,48,FALSE,25277.3126343053
"dADP","QC_S_5",0.0127337218133209,723.316722301093,49,TRUE,1747.47929398259
"dADP","Sample_011824",0.218003517532203,14813.3932771103,51,FALSE,29551.9860040484
"dADP","Sample_011864",0.163854804125431,12011.0729368283,52,FALSE,22041.1597469644
"dADP","Sample_011869",0.119762851386836,9435.49419769022,53,FALSE,16030.0990358154
"dADP","Sample_011874",0.23686763938587,20249.5516619524,54,FALSE,32026.0455161997
"dADP","Sample_011834",0.163736133239865,14859.1271261383,55,FALSE,21982.3679079216
"dADP","Sample_011839",0.125319463189369,11967.4359252245,56,FALSE,16629.9990317882
"dADP","Sample_011844",0.0162996519307406,1708.33716382402,57,FALSE,2238.08773369039
"dADP","Sample_011894",0.144942707065509,15443.5487606653,58,FALSE,19137.5824392897
"dADP","Sample_011899",0.0673853490060711,7568.98375497541,59,FALSE,8897.9069243279
"dADP","Sample_011904",0.094784315061941,11086.976723257,60,FALSE,12397.0965985547
"dADP","QC_S_6",0.0127337218133209,1639.12367432465,61,TRUE,1747.47929398259
"dCMP","QC_S_1",0.219365318363118,2766.73757872796,1,TRUE,20036.2639689808
"dCMP","Sample_011820",0.457127512969288,14873.8154743341,3,FALSE,50642.6991245976
"dCMP","Sample_011860",0.325378794209755,13587.5343503332,4,FALSE,36573.9655125516
"dCMP","Sample_011865",0.318186171019886,14186.1307867112,5,FALSE,31572.7494341949
"dCMP","Sample_011870",0.331131804083468,18048.7544551138,6,FALSE,34240.1225586138
"dCMP","Sample_011830",0.41238610578643,25258.2025027455,7,FALSE,41753.9094173416
"dCMP","Sample_011835",0.429584861975191,28126.6283951875,8,FALSE,41196.8393378204
"dCMP","Sample_011840",0.393948553967613,29231.311784289,9,FALSE,38434.699643603
"dCMP","Sample_011890",0.412173562122463,32789.8546060493,10,FALSE,39112.2705451586
"dCMP","Sample_011895",0.286468520607586,24781.163809289,11,FALSE,27048.9652340537
"dCMP","Sample_011900",0.460054423533109,42515.9128200625,12,FALSE,42773.9814262759
"dCMP","QC_S_2",0.219365318363118,21474.3464198301,13,TRUE,20036.2639689808
"dCMP","Sample_011821",0.206850001936839,20059.6097032057,15,FALSE,19048.5089948399
"dCMP","Sample_011861",0.206860136073846,19374.7512768469,16,FALSE,18562.9299425916
"dCMP","Sample_011866",0.287163252509984,26386.6196691058,17,FALSE,25509.4360720335
"dCMP","Sample_011871",0.367043602199185,33477.8512239308,18,FALSE,32660.0502673055
"dCMP","Sample_011831",0.256100013579507,23301.4861769484,19,FALSE,22941.4667184687
"dCMP","Sample_011836",0.229884722069082,20530.4038892853,20,FALSE,20400.9370967535
"dCMP","Sample_011841",0.22613742868102,19816.345625265,21,FALSE,19875.9878512862
"dCMP","Sample_011891",0.431101367104014,39153.9363263906,22,FALSE,39643.4358318245
"dCMP","Sample_011896",0.333685191374143,28829.7577307052,23,FALSE,29469.0713302627
"dCMP","Sample_011901",0.272184168246976,23899.9952621344,24,FALSE,24665.6472912876
"dCMP","QC_S_3",0.219365318363118,19227.0379894801,25,TRUE,20036.2639689808
"dCMP","Sample_011822",0.248743696418946,23567.4841776429,27,FALSE,22122.5989510518
"dCMP","Sample_011862",0.19697541151419,19329.1510576276,28,FALSE,17286.5237902387
"dCMP","Sample_011867",0.217418839248168,22436.8298157846,29,FALSE,19160.1829852434
"dCMP","Sample_011872",0.169458779447138,18325.8995416034,30,FALSE,14973.8077198685
"dCMP","Sample_011832",0.202244589875244,23331.7277317185,31,FALSE,18274.8266365012
"dCMP","Sample_011837",0.174892621278916,20924.0563316507,32,FALSE,15737.5276318808
"dCMP","Sample_011842",0.207071739081397,25933.4087449398,33,FALSE,18759.4995677004
"dCMP","Sample_011892",0.176509898564416,23151.742649144,34,FALSE,16130.6387014591
"dCMP","Sample_011897",0.3299551758648,45589.6623325191,35,FALSE,30635.8371093154
"dCMP","Sample_011902",0.19058555564757,27592.2076676295,36,FALSE,17905.7885391828
"dCMP","QC_S_4",0.219365318363118,31934.1210172358,37,TRUE,20036.2639689808
"dCMP","Sample_011823",0.141042670301766,20498.1889654291,39,FALSE,13165.197328314
"dCMP","Sample_011863",0.165379491661413,23738.64626761,40,FALSE,15428.8390347156
"dCMP","Sample_011868",0.102749503000012,14547.9758228329,41,FALSE,9569.90144372311
"dCMP","Sample_011873",0.204713826916207,28187.6065993992,42,FALSE,18769.5726019688
"dCMP","Sample_011833",0.154850295172552,21191.5036308784,43,FALSE,14286.1269549131
"dCMP","Sample_011838",0.124810679546634,16799.0666524521,44,FALSE,11467.3040839123
"dCMP","Sample_011843",0.191693250590634,25336.1595255868,45,FALSE,17514.9535243392
"dCMP","Sample_011893",0.140351142200194,18420.8634784083,46,FALSE,12898.5401191708
"dCMP","Sample_011898",0.202561512140863,25895.1711883077,47,FALSE,18368.9316868294
"dCMP","Sample_011903",0.264653444612534,33711.0075868466,48,FALSE,24229.5555680968
"dCMP","QC_S_5",0.219365318363118,27507.9603793422,49,TRUE,20036.2639689808
"dCMP","Sample_011824",0.130088607068877,15117.843464122,51,FALSE,11736.9304783814
"dCMP","Sample_011864",0.196658309050682,21931.5579779118,52,FALSE,17606.7687815499
"dCMP","Sample_011869",0.162969323185513,17468.3658548768,53,FALSE,14518.1753442973
"dCMP","Sample_011874",0.24835890005894,25942.975117433,54,FALSE,22349.5822419317
"dCMP","Sample_011834",0.19813101642908,19799.5112629887,55,FALSE,17704.1266211156
"dCMP","Sample_011839",0.188488119111888,17911.5795185463,56,FALSE,16647.5288454455
"dCMP","Sample_011844",0.195715194208125,18485.3589867186,57,FALSE,17886.0902181516
"dCMP","Sample_011894",0.130880134545634,11398.9518390904,58,FALSE,11501.5543590661
"dCMP","Sample_011899",0.255941311227204,21338.4365258923,59,FALSE,22493.3874678568
"dCMP","Sample_011904",0.155989550344846,12305.7678222424,60,FALSE,13579.1039418404
"dCMP","QC_S_6",0.219365318363118,17307.3804292688,61,TRUE,20036.2639689808
"Deoxyadenosine","QC_S_1",233.139738018653,292163.542001371,1,TRUE,479463.523706686
"Deoxyadenosine","Sample_011820",794.221839235798,1302015.03423121,3,FALSE,1981124.63916418
"Deoxyadenosine","Sample_011860",1728.05400971464,2978965.14400773,4,FALSE,4373514.87985357
"Deoxyadenosine","Sample_011865",367.776487816893,579341.606866761,5,FALSE,821685.369757196
"Deoxyadenosine","Sample_011870",558.129688860673,947290.293114238,6,FALSE,1299451.36832207
"Deoxyadenosine","Sample_011830",505.142201986272,867053.871693832,7,FALSE,1151588.35345616
"Deoxyadenosine","Sample_011835",369.984489180764,620618.450667668,8,FALSE,798893.591072202
"Deoxyadenosine","Sample_011840",757.216343839044,1332002.13119736,9,FALSE,1663391.39638639
"Deoxyadenosine","Sample_011890",433.755495297178,764303.135926795,10,FALSE,926762.340083501
"Deoxyadenosine","Sample_011895",543.792576839221,981105.793325446,11,FALSE,1156105.62980062
"Deoxyadenosine","Sample_011900",614.006792141871,1121574.48898206,12,FALSE,1285387.67603411
"Deoxyadenosine","QC_S_2",233.139738018653,429831.784398352,13,TRUE,479463.523706686
"Deoxyadenosine","Sample_011821",416.157789960884,847674.284371868,15,FALSE,862887.101713502
"Deoxyadenosine","Sample_011861",1888.19765982041,3911684.89351765,16,FALSE,3815115.27979274
"Deoxyadenosine","Sample_011866",531.031899888174,1134639.71417746,17,FALSE,1062143.25520255
"Deoxyadenosine","Sample_011871",372.907467227339,830198.553206508,18,FALSE,747120.685790574
"Deoxyadenosine","Sample_011831",316.468203577964,736699.888769885,19,FALSE,638310.739263629
"Deoxyadenosine","Sample_011836",334.578564824185,800299.707487761,20,FALSE,668541.870342159
"Deoxyadenosine","Sample_011841",477.377538958689,1171491.53275522,21,FALSE,944732.258559888
"Deoxyadenosine","Sample_011891",195.468637626556,519248.308466993,22,FALSE,404724.47067344
"Deoxyadenosine","Sample_011896",252.016464573603,664450.9751026,23,FALSE,501128.291702674
"Deoxyadenosine","Sample_011901",207.34602193951,579125.230952118,24,FALSE,423073.530544001
"Deoxyadenosine","QC_S_3",233.139738018653,676904.176182279,25,TRUE,479463.523706686
"Deoxyadenosine","Sample_011822",422.511214836689,1109195.0994441,27,FALSE,846082.659570374
"Deoxyadenosine","Sample_011862",375.168401607719,934498.915812305,28,FALSE,741331.399804639
"Deoxyadenosine","Sample_011867",412.873182454846,991407.64958443,29,FALSE,819237.16346499
"Deoxyadenosine","Sample_011872",660.666601003448,1524423.55113862,30,FALSE,1314440.76960485
"Deoxyadenosine","Sample_011832",248.416523528434,560676.950901586,31,FALSE,505414.064705603
"Deoxyadenosine","Sample_011837",506.3063095831,1086268.81279049,32,FALSE,1025814.53646952
"Deoxyadenosine","Sample_011842",637.747097296414,1311975.3560257,33,FALSE,1300886.47751746
"Deoxyadenosine","Sample_011892",736.209792308349,1451417.40379592,34,FALSE,1514867.25792223
"Deoxyadenosine","Sample_011897",442.847283006642,840358.642565385,35,FALSE,925804.487687081
"Deoxyadenosine","Sample_011902",803.665534878201,1457474.19577598,36,FALSE,1700079.78540567
"Deoxyadenosine","QC_S_4",233.139738018653,386873.685626856,37,TRUE,479463.523706686
"Deoxyadenosine","Sample_011823",297.698144742753,517443.230612348,39,FALSE,625667.318219014
"Deoxyadenosine","Sample_011863",988.006963111017,1737307.83643085,40,FALSE,2075401.33423683
"Deoxyadenosine","Sample_011868",494.907498459215,879244.291595921,41,FALSE,1037868.33033196
"Deoxyadenosine","Sample_011873",206.96803251694,366268.461185013,42,FALSE,427268.590876797
"Deoxyadenosine","Sample_011833",435.572272893763,784735.100795038,43,FALSE,904801.234804643
"Deoxyadenosine","Sample_011838",431.153246472223,782554.205030177,44,FALSE,891931.973604192
"Deoxyadenosine","Sample_011843",370.469705906126,676368.943338502,45,FALSE,762158.60745557
"Deoxyadenosine","Sample_011893",392.723215956197,729356.177900835,46,FALSE,812646.508387486
"Deoxyadenosine","Sample_011898",586.46872755997,1086789.2691535,47,FALSE,1197463.59355722
"Deoxyadenosine","Sample_011903",355.600161394081,672658.966346414,48,FALSE,733027.617414456
"Deoxyadenosine","QC_S_5",233.139738018653,444804.791657158,49,TRUE,479463.523706686
"Deoxyadenosine","Sample_011824",422.442043694961,856214.020137666,51,FALSE,858169.142477944
"Deoxyadenosine","Sample_011864",438.771557129766,913442.836603013,52,FALSE,884496.906412874
"Deoxyadenosine","Sample_011869",539.598327546246,1155656.32622233,53,FALSE,1082348.85259293
"Deoxyadenosine","Sample_011874",327.44173511092,731619.061462703,54,FALSE,663459.177036478
"Deoxyadenosine","Sample_011834",330.991240146154,757654.799579231,55,FALSE,665930.690270903
"Deoxyadenosine","Sample_011839",407.48958561825,950332.11255844,56,FALSE,810350.304936235
"Deoxyadenosine","Sample_011844",222.575259632614,553138.675622551,57,FALSE,457992.381020237
"Deoxyadenosine","Sample_011894",427.014786776458,1050026.31008815,58,FALSE,844921.202498471
"Deoxyadenosine","Sample_011899",399.796808845726,1010861.77049692,59,FALSE,791123.504772287
"Deoxyadenosine","Sample_011904",377.030541403885,970124.718612838,60,FALSE,738996.921011648
"Deoxyadenosine","QC_S_6",233.139738018653,646203.162374101,61,TRUE,479463.523706686
"Deoxyinosine","QC_S_1",557.338453739686,1814582.47869365,1,TRUE,1328827.31940738
"Deoxyinosine","Sample_011820",195.203157663111,748296.057687942,3,FALSE,564504.078668715
"Deoxyinosine","Sample_011860",110.388065420608,422877.454028425,4,FALSE,323896.078414664
"Deoxyinosine","Sample_011865",402.051573518415,1338823.00563899,5,FALSE,1041390.54568897
"Deoxyinosine","Sample_011870",200.474796955583,684857.5170615,6,FALSE,541121.711365941
"Deoxyinosine","Sample_011830",206.196143275416,678839.51565182,7,FALSE,544972.289465735
"Deoxyinosine","Sample_011835",468.111370611106,1436260.42989097,8,FALSE,1171830.72579271
"Deoxyinosine","Sample_011840",222.14227846861,682094.290185381,9,FALSE,565738.799769749
"Deoxyinosine","Sample_011890",326.41266550837,958671.683529909,10,FALSE,808538.418439177
"Deoxyinosine","Sample_011895",246.819814956032,709154.985882701,11,FALSE,608351.432043847
"Deoxyinosine","Sample_011900",231.200563851501,642889.685544788,12,FALSE,561125.64343266
"Deoxyinosine","QC_S_2",557.338453739686,1495899.58187406,13,TRUE,1328827.31940738
"Deoxyinosine","Sample_011821",402.420793178094,1029866.89680694,15,FALSE,967356.674786099
"Deoxyinosine","Sample_011861",148.80616802013,360445.164692171,16,FALSE,348571.130211827
"Deoxyinosine","Sample_011866",247.32142155364,575514.482287782,17,FALSE,573501.410318196
"Deoxyinosine","Sample_011871",425.86627595665,962423.318041021,18,FALSE,989175.160780983
"Deoxyinosine","Sample_011831",393.258513277585,866614.711786673,19,FALSE,919582.025196473
"Deoxyinosine","Sample_011836",283.637962862896,599137.618258211,20,FALSE,657060.147422146
"Deoxyinosine","Sample_011841",358.361613828621,724599.358805807,21,FALSE,822201.980467417
"Deoxyinosine","Sample_011891",640.554656674331,1308108.840777,22,FALSE,1537619.37091067
"Deoxyinosine","Sample_011896",494.198740177088,934419.712224277,23,FALSE,1139283.77461704
"Deoxyinosine","Sample_011901",611.826275534748,1142827.06061555,24,FALSE,1447299.93482308
"Deoxyinosine","QC_S_3",557.338453739686,1008675.91627455,25,TRUE,1328827.31940738
"Deoxyinosine","Sample_011822",426.229388558343,855891.167639508,27,FALSE,989528.291191647
"Deoxyinosine","Sample_011862",374.965874181547,788455.734905124,28,FALSE,858990.098547198
"Deoxyinosine","Sample_011867",296.551822884092,662284.86382405,29,FALSE,682187.628881532
"Deoxyinosine","Sample_011872",245.569324801455,579885.98574206,30,FALSE,566425.838222862
"Deoxyinosine","Sample_011832",339.174685186644,861382.153084346,31,FALSE,800019.449371463
"Deoxyinosine","Sample_011837",226.62697380306,601336.185186446,32,FALSE,532325.634183572
"Deoxyinosine","Sample_011842",234.283147847862,655197.158079021,33,FALSE,554041.41587501
"Deoxyinosine","Sample_011892",217.160586152896,640048.221088281,34,FALSE,518041.158114493
"Deoxyinosine","Sample_011897",275.779470136813,861205.003767487,35,FALSE,668401.631212777
"Deoxyinosine","Sample_011902",209.770603821546,690088.452814078,36,FALSE,514456.737040777
"Deoxyinosine","QC_S_4",557.338453739686,1852824.85940711,37,TRUE,1328827.31940738
"Deoxyinosine","Sample_011823",348.342920183981,1090029.77078644,39,FALSE,848759.408401007
"Deoxyinosine","Sample_011863",225.725328965662,675717.477165377,40,FALSE,549708.752666226
"Deoxyinosine","Sample_011868",234.155751829595,668456.519541914,41,FALSE,569289.701584602
"Deoxyinosine","Sample_011873",454.579679009022,1217615.19855086,42,FALSE,1087972.67001218
"Deoxyinosine","Sample_011833",327.681248485886,839745.48158718,43,FALSE,789141.384074495
"Deoxyinosine","Sample_011838",280.733020140591,679413.705058937,44,FALSE,673292.599641374
"Deoxyinosine","Sample_011843",284.342919561572,647022.985510884,45,FALSE,678180.577175976
"Deoxyinosine","Sample_011893",423.81058448854,914045.698137155,46,FALSE,1016710.17102402
"Deoxyinosine","Sample_011898",323.976481829642,647258.594500158,47,FALSE,766904.37528952
"Deoxyinosine","Sample_011903",450.618108900133,849628.802079853,48,FALSE,1076904.76780458
"Deoxyinosine","QC_S_5",557.338453739686,975253.251312309,49,TRUE,1328827.31940738
"Deoxyinosine","Sample_011824",362.775543029792,611027.835818796,51,FALSE,854385.819052779
"Deoxyinosine","Sample_011864",404.4499847894,667126.080843525,52,FALSE,945220.094315529
"Deoxyinosine","Sample_011869",360.462278872764,583758.31394097,53,FALSE,838236.873623145
"Deoxyinosine","Sample_011874",476.775174474367,769454.589212689,54,FALSE,1119964.03770446
"Deoxyinosine","Sample_011834",485.630814798015,767608.268640449,55,FALSE,1132736.87235186
"Deoxyinosine","Sample_011839",381.536163997684,587843.064660414,56,FALSE,879634.523874469
"Deoxyinosine","Sample_011844",613.651372843696,964573.863944095,57,FALSE,1463906.52298666
"Deoxyinosine","Sample_011894",337.94579375505,503532.840579137,58,FALSE,775230.071472013
"Deoxyinosine","Sample_011899",399.162324411899,586200.911982861,59,FALSE,915724.383793924
"Deoxyinosine","Sample_011904",371.258573710387,532139.98915588,60,FALSE,843631.641694253
"Deoxyinosine","QC_S_6",557.338453739686,825727.828882607,61,TRUE,1328827.31940738
"Deoxyuridine","QC_S_1",28.032870010848,234249.144125186,1,TRUE,172367.821374077
"Deoxyuridine","Sample_011820",55.4209111386795,529464.83619906,3,FALSE,413326.258105883
"Deoxyuridine","Sample_011860",89.1144756961737,837497.413341565,4,FALSE,674327.565271591
"Deoxyuridine","Sample_011865",18.8489310253026,151464.19447797,5,FALSE,125909.262193227
"Deoxyuridine","Sample_011870",52.3870401671483,424456.512993342,6,FALSE,364668.397299684
"Deoxyuridine","Sample_011830",45.9736154302246,352509.924362045,7,FALSE,313358.60858068
"Deoxyuridine","Sample_011835",33.0353133620582,231598.094923268,8,FALSE,213271.69024075
"Deoxyuridine","Sample_011840",70.1799388350413,482558.317144699,9,FALSE,460931.955038787
"Deoxyuridine","Sample_011890",47.4823456326249,305721.2836176,10,FALSE,303322.699940993
"Deoxyuridine","Sample_011895",78.9008572910925,485928.938986396,11,FALSE,501528.160906945
"Deoxyuridine","Sample_011900",58.71102599166,341711.410630935,12,FALSE,367476.851533031
"Deoxyuridine","QC_S_2",28.032870010848,153558.090214012,13,TRUE,172367.821374077
"Deoxyuridine","Sample_011821",53.1867965004586,291117.05872601,15,FALSE,329722.923898011
"Deoxyuridine","Sample_011861",130.376113035289,692251.514760435,16,FALSE,787603.432088748
"Deoxyuridine","Sample_011866",81.6938921661941,427451.302528982,17,FALSE,488541.4683037
"Deoxyuridine","Sample_011871",61.3181393531874,319913.915302884,18,FALSE,367305.989085368
"Deoxyuridine","Sample_011831",52.6768894394918,275414.951933165,19,FALSE,317666.598025251
"Deoxyuridine","Sample_011836",65.363572652439,337002.630029087,20,FALSE,390495.146687473
"Deoxyuridine","Sample_011841",61.0911599946294,310516.438231158,21,FALSE,361471.861657348
"Deoxyuridine","Sample_011891",29.1586972248611,154345.183749453,22,FALSE,180509.413271925
"Deoxyuridine","Sample_011896",58.7099811506603,297062.788585914,23,FALSE,349044.909589932
"Deoxyuridine","Sample_011901",30.1162689005044,155633.053247552,24,FALSE,183726.022837901
"Deoxyuridine","QC_S_3",28.032870010848,145325.554044943,25,TRUE,172367.821374077
"Deoxyuridine","Sample_011822",69.4343501519568,349642.88118936,27,FALSE,415717.482883724
"Deoxyuridine","Sample_011862",89.8756062856259,446039.242871775,28,FALSE,530978.988826205
"Deoxyuridine","Sample_011867",73.1408152979988,364054.618607956,29,FALSE,433912.466700025
"Deoxyuridine","Sample_011872",82.9570783707082,413517.532201041,30,FALSE,493470.82083223
"Deoxyuridine","Sample_011832",41.6695018063376,212145.753044566,31,FALSE,253474.638461449
"Deoxyuridine","Sample_011837",67.1965738098944,340266.00003114,32,FALSE,407053.974867301
"Deoxyuridine","Sample_011842",68.1848993855961,347185.116853379,33,FALSE,415842.117134132
"Deoxyuridine","Sample_011892",66.003182373435,338598.683410875,34,FALSE,406057.209309938
"Deoxyuridine","Sample_011897",40.0548188612177,208512.561609195,35,FALSE,250362.586583493
"Deoxyuridine","Sample_011902",80.8847083119806,425536.318008947,36,FALSE,511575.507361089
"Deoxyuridine","QC_S_4",28.032870010848,143201.152121886,37,TRUE,172367.821374077
"Deoxyuridine","Sample_011823",30.4350530921592,165129.251064199,39,FALSE,191245.297992743
"Deoxyuridine","Sample_011863",87.9579570849271,485998.911250073,40,FALSE,552416.422061107
"Deoxyuridine","Sample_011868",65.3570296885427,367209.982565103,41,FALSE,409788.619353872
"Deoxyuridine","Sample_011873",39.1513449400235,220490.560672229,42,FALSE,241653.863782338
"Deoxyuridine","Sample_011833",49.7797538810248,287140.142956243,43,FALSE,309168.37551325
"Deoxyuridine","Sample_011838",57.739545385093,337512.604262355,44,FALSE,357127.088115207
"Deoxyuridine","Sample_011843",49.9883423476289,295608.335695807,45,FALSE,307475.66829882
"Deoxyuridine","Sample_011893",37.3658803166253,226026.337824544,46,FALSE,231174.367040165
"Deoxyuridine","Sample_011898",58.9221345594187,357566.638219227,47,FALSE,359704.020024747
"Deoxyuridine","Sample_011903",40.8669968487815,254488.010970998,48,FALSE,251872.337596208
"Deoxyuridine","QC_S_5",28.032870010848,176972.091912173,49,TRUE,172367.821374077
"Deoxyuridine","Sample_011824",62.7721977314734,392893.622955052,51,FALSE,381261.0626847
"Deoxyuridine","Sample_011864",64.8041879464124,403239.029947703,52,FALSE,390580.254940937
"Deoxyuridine","Sample_011869",72.4404286151569,449342.601812475,53,FALSE,434437.232042437
"Deoxyuridine","Sample_011874",30.993172002934,194555.240646706,54,FALSE,187756.750241276
"Deoxyuridine","Sample_011834",36.9162095601968,230526.960664973,55,FALSE,222064.426985202
"Deoxyuridine","Sample_011839",50.161731447471,310180.719797962,56,FALSE,298248.429466463
"Deoxyuridine","Sample_011844",25.7519243781663,165070.513409561,57,FALSE,158431.091246963
"Deoxyuridine","Sample_011894",62.9295899419626,388595.400841514,58,FALSE,372286.730379643
"Deoxyuridine","Sample_011899",41.8617473916213,258989.01886147,59,FALSE,247669.015508425
"Deoxyuridine","Sample_011904",51.1994439066957,314324.703407467,60,FALSE,300041.067380077
"Deoxyuridine","QC_S_6",28.032870010848,180900.895826263,61,TRUE,172367.821374077
"DHA","QC_S_1",2888.28668350133,2118871.95675243,1,TRUE,2366823.12518047
"DHA","Sample_011820",1736.77421205118,1543811.86626874,3,FALSE,1726233.63195583
"DHA","Sample_011860",471.254384986617,424802.940809537,4,FALSE,475242.134699952
"DHA","Sample_011865",4004.1466693363,3184696.46624532,5,FALSE,3564657.49489499
"DHA","Sample_011870",3507.04069869161,2905224.7504195,6,FALSE,3253508.52578572
"DHA","Sample_011830",2795.64628225906,2266508.17595372,7,FALSE,2539522.52869245
"DHA","Sample_011835",3584.50802965953,2751083.38712328,8,FALSE,3084048.60855572
"DHA","Sample_011840",1505.30599044927,1174749.43333174,9,FALSE,1317605.80280111
"DHA","Sample_011890",3898.38172280946,2957541.33840443,10,FALSE,3318898.62400855
"DHA","Sample_011895",2164.68746643235,1633275.67614424,11,FALSE,1833773.45207583
"DHA","Sample_011900",3060.86829709198,2272911.42776758,12,FALSE,2553241.15949847
"DHA","QC_S_2",2888.28668350133,2105878.0926357,13,TRUE,2366823.12518047
"DHA","Sample_011821",3805.7847956591,3014831.0388448,15,FALSE,3144317.6448824
"DHA","Sample_011861",985.625084202825,788246.738767878,16,FALSE,793520.5813378
"DHA","Sample_011866",2454.58392300852,2010818.05699912,17,FALSE,1956260.14752376
"DHA","Sample_011871",4185.30515011773,3549775.41301863,18,FALSE,3341204.41246482
"DHA","Sample_011831",2512.19418125409,2214786.52659273,19,FALSE,2019024.14293673
"DHA","Sample_011836",2482.90510603963,2236809.94044993,20,FALSE,1976864.2927817
"DHA","Sample_011841",2055.28100873596,1889789.97172973,21,FALSE,1620705.88937619
"DHA","Sample_011891",2446.64555410225,2423399.27157147,22,FALSE,2018550.7489574
"DHA","Sample_011896",4855.47258278165,4751596.02392139,23,FALSE,3847137.87228731
"DHA","Sample_011901",3425.5013033203,3535973.97822241,24,FALSE,2785034.12859951
"DHA","QC_S_3",2888.28668350133,3086737.34667562,25,TRUE,2366823.12518047
"DHA","Sample_011822",2904.59970561905,2779696.22557925,27,FALSE,2317645.88004729
"DHA","Sample_011862",1903.35778978603,1718859.88385827,28,FALSE,1498624.4494031
"DHA","Sample_011867",1792.95864360742,1551625.864345,29,FALSE,1417586.21014938
"DHA","Sample_011872",2886.69109493028,2384931.99244527,30,FALSE,2288469.97352639
"DHA","Sample_011832",3446.00972742223,2764993.50494309,31,FALSE,2793634.46498304
"DHA","Sample_011837",2652.47291835409,2007205.41906402,32,FALSE,2141374.88705466
"DHA","Sample_011842",2467.92520080445,1775101.98854072,33,FALSE,2005899.35505635
"DHA","Sample_011892",1681.49315346973,1147778.17159624,34,FALSE,1378650.96730956
"DHA","Sample_011897",7149.6567821922,4646283.75097534,35,FALSE,5955753.6902421
"DHA","Sample_011902",4028.82106401285,2471317.30685419,36,FALSE,3395925.66957417
"DHA","QC_S_4",2888.28668350133,1598378.51261259,37,TRUE,2366823.12518047
"DHA","Sample_011823",4101.71514002813,2540220.02423208,39,FALSE,3434939.36491315
"DHA","Sample_011863",1944.30879959572,1255736.60560202,40,FALSE,1627397.20310522
"DHA","Sample_011868",3973.16709469406,2668374.76664677,41,FALSE,3320024.53693792
"DHA","Sample_011873",4302.03077586937,2957809.93588754,42,FALSE,3538811.64256231
"DHA","Sample_011833",4668.39281676139,3353711.45138329,43,FALSE,3864084.25828045
"DHA","Sample_011838",4345.8936015271,3224158.38196333,44,FALSE,3582328.4226524
"DHA","Sample_011843",3102.57809744537,2370673.21584649,45,FALSE,2543323.57957971
"DHA","Sample_011893",4411.47340500691,3507186.51545488,46,FALSE,3637349.23229789
"DHA","Sample_011898",3594.52926996462,2913679.69174229,47,FALSE,2924460.23906442
"DHA","Sample_011903",4110.88943337688,3472543.65752588,48,FALSE,3376606.26071073
"DHA","QC_S_5",2888.28668350133,2510042.15720419,49,TRUE,2366823.12518047
"DHA","Sample_011824",1881.40295253749,1644122.17755686,51,FALSE,1522908.52548414
"DHA","Sample_011864",2416.46987192481,2114010.22782577,52,FALSE,1940999.7221424
"DHA","Sample_011869",3088.68344857443,2712226.31733927,53,FALSE,2468631.71569271
"DHA","Sample_011874",2709.74512772905,2424486.2846484,54,FALSE,2187735.70150778
"DHA","Sample_011834",2636.53702222667,2362547.68297366,55,FALSE,2113647.89597582
"DHA","Sample_011839",2317.49308054831,2070142.91386278,56,FALSE,1836373.29928736
"DHA","Sample_011844",2541.08555784721,2368571.80090981,57,FALSE,2083468.26556538
"DHA","Sample_011894",3515.07614580161,3177047.05682683,58,FALSE,2771368.45318224
"DHA","Sample_011899",4164.85012529491,3795942.16467873,59,FALSE,3283904.95927896
"DHA","Sample_011904",3620.97729058587,3295923.94489062,60,FALSE,2827991.73337758
"DHA","QC_S_6",2888.28668350133,2781030.68520226,61,TRUE,2366823.12518047
"DHAP-GAP","QC_S_1",35.9543149943513,315138.49895464,1,TRUE,291343.926044182
"DHAP-GAP","Sample_011820",27.2842008464977,284254.561670153,3,FALSE,268161.788119108
"DHAP-GAP","Sample_011860",20.1420057936828,210737.693291689,4,FALSE,200859.183812906
"DHAP-GAP","Sample_011865",26.3885332217647,241210.802530085,5,FALSE,232301.773315882
"DHAP-GAP","Sample_011870",19.8795147182506,187385.958808016,6,FALSE,182367.046771547
"DHAP-GAP","Sample_011830",24.2718316954161,221661.733388696,7,FALSE,218022.765246117
"DHAP-GAP","Sample_011835",37.2835590242397,319062.866308682,8,FALSE,317203.859561288
"DHAP-GAP","Sample_011840",24.394431482418,210095.727353089,9,FALSE,211145.025232311
"DHAP-GAP","Sample_011890",30.0684630867831,249134.446994567,10,FALSE,253133.893089028
"DHAP-GAP","Sample_011895",34.95548998563,285018.67795758,11,FALSE,292816.345469288
"DHAP-GAP","Sample_011900",33.5262858276467,266183.322048319,12,FALSE,276542.624596211
"DHAP-GAP","QC_S_2",35.9543149943513,277274.862891495,13,TRUE,291343.926044182
"DHAP-GAP","Sample_011821",45.6581479749683,352919.726664241,15,FALSE,373018.112976673
"DHAP-GAP","Sample_011861",26.5559844763543,199434.081467131,16,FALSE,211416.216840075
"DHAP-GAP","Sample_011866",29.9259727618971,221819.016761041,17,FALSE,235844.874302993
"DHAP-GAP","Sample_011871",40.3138523106266,298427.894054973,18,FALSE,318243.588034871
"DHAP-GAP","Sample_011831",33.7117303413306,250485.220446331,19,FALSE,267916.088837901
"DHAP-GAP","Sample_011836",24.3613459558429,178784.740010163,20,FALSE,191799.494417036
"DHAP-GAP","Sample_011841",33.2430791540859,240903.134104712,21,FALSE,259217.124139404
"DHAP-GAP","Sample_011891",37.3685400504426,282471.603629359,22,FALSE,304862.628064006
"DHAP-GAP","Sample_011896",53.008997998091,383657.578493434,23,FALSE,415322.33112719
"DHAP-GAP","Sample_011901",46.1207847877496,341487.593955526,24,FALSE,370793.844964115
"DHAP-GAP","QC_S_3",35.9543149943513,267502.778924786,25,TRUE,291343.926044182
"DHAP-GAP","Sample_011822",52.7478592802971,411995.804800964,27,FALSE,416193.288807155
"DHAP-GAP","Sample_011862",21.7822848779034,173965.342703918,28,FALSE,169591.95897913
"DHAP-GAP","Sample_011867",31.0536065817116,257754.629369206,29,FALSE,242784.355133476
"DHAP-GAP","Sample_011872",21.1450754038255,181928.830088784,30,FALSE,165761.469293302
"DHAP-GAP","Sample_011832",23.4032709389938,212640.004280731,31,FALSE,187611.339725861
"DHAP-GAP","Sample_011837",27.0557429489577,252551.068905635,32,FALSE,215988.512862084
"DHAP-GAP","Sample_011842",21.201405426488,205358.885168311,33,FALSE,170400.647365475
"DHAP-GAP","Sample_011892",30.1414614854147,303273.14986793,34,FALSE,244372.862640644
"DHAP-GAP","Sample_011897",19.5332324966084,205452.666180611,35,FALSE,160899.649168023
"DHAP-GAP","Sample_011902",23.6912932947146,259231.565355996,36,FALSE,197468.764698854
"DHAP-GAP","QC_S_4",35.9543149943513,392919.706962512,37,TRUE,291343.926044182
"DHAP-GAP","Sample_011823",37.639473692435,396684.012980645,39,FALSE,311692.652516983
"DHAP-GAP","Sample_011863",23.703820304949,242233.885430382,40,FALSE,196189.659347769
"DHAP-GAP","Sample_011868",25.4513315037659,251670.67708919,41,FALSE,210302.489822599
"DHAP-GAP","Sample_011873",26.4356405597687,249162.729005473,42,FALSE,215032.060316624
"DHAP-GAP","Sample_011833",30.3421506131637,278329.714071596,43,FALSE,248344.758821558
"DHAP-GAP","Sample_011838",18.5478259790607,163696.312684065,44,FALSE,151185.021247347
"DHAP-GAP","Sample_011843",27.4680060122363,232624.979730606,45,FALSE,222656.548500633
"DHAP-GAP","Sample_011893",26.3877032871201,216605.538289006,46,FALSE,215145.551623994
"DHAP-GAP","Sample_011898",35.2732119992392,274924.229288293,47,FALSE,283777.624330414
"DHAP-GAP","Sample_011903",26.4729046012599,200142.852704769,48,FALSE,215018.418508991
"DHAP-GAP","QC_S_5",35.9543149943513,260121.428410417,49,TRUE,291343.926044182
"DHAP-GAP","Sample_011824",38.4529267022715,270398.203281252,51,FALSE,307787.402265843
"DHAP-GAP","Sample_011864",30.6144507310884,211885.571179007,52,FALSE,243164.40588498
"DHAP-GAP","Sample_011869",38.9682121856999,266160.339892775,53,FALSE,307980.222346748
"DHAP-GAP","Sample_011874",39.9886889306806,273616.88671046,54,FALSE,319251.553303871
"DHAP-GAP","Sample_011834",32.3706092192999,218096.178488053,55,FALSE,256613.25406989
"DHAP-GAP","Sample_011839",31.0881149476251,205288.036044603,56,FALSE,243593.87039345
"DHAP-GAP","Sample_011844",30.7848625980114,208558.816830155,57,FALSE,249594.071139299
"DHAP-GAP","Sample_011894",42.7114250668792,275862.385015072,58,FALSE,332991.414995576
"DHAP-GAP","Sample_011899",33.1414083066024,212218.781676667,59,FALSE,258399.461698593
"DHAP-GAP","Sample_011904",25.3405454390806,159327.135026969,60,FALSE,195703.114148959
"DHAP-GAP","QC_S_6",35.9543149943513,235106.280121242,61,TRUE,291343.926044182
"DiHDPA","QC_S_1",0.0937988367232731,21930.0049062853,1,TRUE,13365.8019157261
"DiHDPA","Sample_011820",0.0353580785668966,9301.21717435928,3,FALSE,6111.06538237958
"DiHDPA","Sample_011860",0.0410063770813095,10517.8764546867,4,FALSE,7190.89581945279
"DiHDPA","Sample_011865",0.0547789321497883,11899.9403172257,5,FALSE,8479.95318487549
"DiHDPA","Sample_011870",0.0862829186955962,18706.2941183378,6,FALSE,13918.9999412072
"DiHDPA","Sample_011830",0.0407409587530223,8266.71775699265,7,FALSE,6435.36457305699
"DiHDPA","Sample_011835",0.109585073394406,20087.5444130348,8,FALSE,16395.1397105793
"DiHDPA","Sample_011840",0.0492162511157512,8733.41481707993,9,FALSE,7491.02593567223
"DiHDPA","Sample_011890",0.0626488364469858,10262.2147779561,10,FALSE,9274.58949669448
"DiHDPA","Sample_011895",0.0447312254162108,6899.72071460096,11,FALSE,6589.20981229846
"DiHDPA","Sample_011900",0.072123246264627,10333.4758592434,12,FALSE,10461.5135489389
"DiHDPA","QC_S_2",0.0937988367232731,12408.7837602572,13,TRUE,13365.8019157261
"DiHDPA","Sample_011821",0.109863759449461,14083.3278872723,15,FALSE,15783.6958802115
"DiHDPA","Sample_011861",0.0722864348971307,8846.86806466119,16,FALSE,10119.8789116213
"DiHDPA","Sample_011866",0.102458645420613,12156.7031576239,17,FALSE,14199.3804089605
"DiHDPA","Sample_011871",0.12245484778503,14246.5330231084,18,FALSE,16999.023072613
"DiHDPA","Sample_011831",0.186315078146461,21351.6087275199,19,FALSE,26038.0449207418
"DiHDPA","Sample_011836",0.127258764285332,14129.4396986186,20,FALSE,17618.8070449822
"DiHDPA","Sample_011841",0.102175358911009,10982.6081060093,21,FALSE,14010.4225947474
"DiHDPA","Sample_011891",0.111363779433831,12235.2831494104,22,FALSE,15976.6101734897
"DiHDPA","Sample_011896",0.170254955213133,17540.4566783958,23,FALSE,23457.3024438684
"DiHDPA","Sample_011901",0.109569494035213,11303.445973314,24,FALSE,15490.5951150936
"DiHDPA","QC_S_3",0.0937988367232731,9511.55424536522,25,TRUE,13365.8019157261
"DiHDPA","Sample_011822",0.225481707384458,23161.780056568,27,FALSE,31285.5768780278
"DiHDPA","Sample_011862",0.0539348121050419,5572.8706531008,28,FALSE,7384.37276750499
"DiHDPA","Sample_011867",0.115977765902934,12262.2986786547,29,FALSE,15945.0545141023
"DiHDPA","Sample_011872",0.0894382005782802,9658.62237730225,30,FALSE,12329.3454535406
"DiHDPA","Sample_011832",0.118139603254058,13285.5440862948,31,FALSE,16654.0801742823
"DiHDPA","Sample_011837",0.123071351271122,14030.4771827477,32,FALSE,17277.0972503706
"DiHDPA","Sample_011842",0.068971016735764,8056.09978549191,33,FALSE,9748.00708836906
"DiHDPA","Sample_011892",0.0709709261613757,8507.40552822813,34,FALSE,10118.3980778783
"DiHDPA","Sample_011897",0.0976378873009429,12094.2011191868,35,FALSE,14143.0139611781
"DiHDPA","Sample_011902",0.0989467112237516,12610.0370516692,36,FALSE,14502.8589307033
"DiHDPA","QC_S_4",0.0937988367232731,11813.1840460085,37,TRUE,13365.8019157261
"DiHDPA","Sample_011823",0.0813224085845935,10232.9147111737,39,FALSE,11842.2949718491
"DiHDPA","Sample_011863",0.070066159311332,8711.31266179684,40,FALSE,10197.8518373921
"DiHDPA","Sample_011868",0.124998848545298,15335.9575143448,41,FALSE,18162.7890091384
"DiHDPA","Sample_011873",0.0962400343769502,11487.7307672786,42,FALSE,13766.1268176213
"DiHDPA","Sample_011833",0.113815418422244,13508.5340037156,43,FALSE,16381.4506254523
"DiHDPA","Sample_011838",0.107937427484131,12605.424410086,44,FALSE,15471.4292123581
"DiHDPA","Sample_011843",0.204792637944586,23496.3167513407,45,FALSE,29192.0972901081
"DiHDPA","Sample_011893",0.194765024809115,22200.4111133347,46,FALSE,27924.4332937258
"DiHDPA","Sample_011898",0.112116484695141,12453.6630920166,47,FALSE,15861.5356343008
"DiHDPA","Sample_011903",0.121558686243087,13460.4996298957,48,FALSE,17362.117263833
"DiHDPA","QC_S_5",0.0937988367232731,10230.3325867596,49,TRUE,13365.8019157261
"DiHDPA","Sample_011824",0.0785641952032026,9025.46228224459,51,FALSE,11058.3090937247
"DiHDPA","Sample_011864",0.106719442734213,12544.0998144638,52,FALSE,14905.9513457009
"DiHDPA","Sample_011869",0.0631591601216667,7609.83093600808,53,FALSE,8777.91380151007
"DiHDPA","Sample_011874",0.102848225392026,12883.9935500784,54,FALSE,14438.9387671815
"DiHDPA","Sample_011834",0.271804765933592,34771.4795779523,55,FALSE,37890.2872098082
"DiHDPA","Sample_011839",0.0741325769817947,9633.11417202975,56,FALSE,10214.6545263142
"DiHDPA","Sample_011844",0.0554250966008091,7652.8332671581,57,FALSE,7902.1655303942
"DiHDPA","Sample_011894",0.0974983489014505,13284.3320053715,58,FALSE,13366.8432400639
"DiHDPA","Sample_011899",0.127585746563127,17829.0297614971,59,FALSE,17493.0453982667
"DiHDPA","Sample_011904",0.0708125808110483,10045.6755687567,60,FALSE,9616.89378558826
"DiHDPA","QC_S_6",0.0937988367232731,14300.9519496808,61,TRUE,13365.8019157261
"DiHETrE","QC_S_1",0.276129464490701,33879.7450321366,1,TRUE,24760.8342047743
"DiHETrE","Sample_011820",0.137945437569453,19463.3768399353,3,FALSE,15003.4304122287
"DiHETrE","Sample_011860",0.0974299522754047,13566.0475590417,4,FALSE,10751.7470646217
"DiHETrE","Sample_011865",0.177263914711361,21175.4209804685,5,FALSE,17268.5225560395
"DiHETrE","Sample_011870",0.28691858850317,34682.6254762045,6,FALSE,29127.073015646
"DiHETrE","Sample_011830",0.164299069568001,18866.8307451056,7,FALSE,16331.7215897277
"DiHETrE","Sample_011835",0.256850881001085,27077.4688654746,8,FALSE,24182.4184632043
"DiHETrE","Sample_011840",0.185192040859596,19231.924395386,9,FALSE,17738.2202120241
"DiHETrE","Sample_011890",0.175919157083866,17187.0269327146,10,FALSE,16388.898886415
"DiHETrE","Sample_011895",0.138146819387967,12975.0620638061,11,FALSE,12806.1441021206
"DiHETrE","Sample_011900",0.359413746048456,32074.9709539931,12,FALSE,32807.1793033633
"DiHETrE","QC_S_2",0.276129464490701,23328.9779408205,13,TRUE,24760.8342047743
"DiHETrE","Sample_011821",0.279323602890918,23354.5816283807,15,FALSE,25253.2243380722
"DiHETrE","Sample_011861",0.143175191282472,11555.8497065928,16,FALSE,12613.6633325256
"DiHETrE","Sample_011866",0.238987493781339,18913.7648266072,17,FALSE,20842.552915239
"DiHETrE","Sample_011871",0.344856284378109,27076.6450286333,18,FALSE,30125.9727269488
"DiHETrE","Sample_011831",0.331378411855645,25940.570081538,19,FALSE,29143.3541959809
"DiHETrE","Sample_011836",0.245864940321981,18881.0116148987,20,FALSE,21421.0302685049
"DiHETrE","Sample_011841",0.194415152664143,14641.2397423914,21,FALSE,16776.0660459913
"DiHETrE","Sample_011891",0.356511249217446,27810.9913066363,22,FALSE,32186.137962083
"DiHETrE","Sample_011896",0.309140424112181,22927.2899887306,23,FALSE,26803.3488282042
"DiHETrE","Sample_011901",0.1997258959897,15045.3676155378,24,FALSE,17769.1960115318
"DiHETrE","QC_S_3",0.276129464490701,20750.3789270907,25,TRUE,24760.8342047743
"DiHETrE","Sample_011822",0.343750378398563,28179.5080692177,27,FALSE,30014.4915679053
"DiHETrE","Sample_011862",0.207139659991633,17655.5573545211,28,FALSE,17846.8944177485
"DiHETrE","Sample_011867",0.188550624923439,16960.551009046,29,FALSE,16313.0136403421
"DiHETrE","Sample_011872",0.138418128318778,13089.867512261,30,FALSE,12007.8400433874
"DiHETrE","Sample_011832",0.228595544091867,23128.7898394265,31,FALSE,20279.0617228545
"DiHETrE","Sample_011837",0.108468613450988,11412.036944625,32,FALSE,9582.36812038946
"DiHETrE","Sample_011842",0.16334113537978,18034.1775957784,33,FALSE,14527.7959577896
"DiHETrE","Sample_011892",0.0923597673607754,10704.2203953739,34,FALSE,8286.46065087631
"DiHETrE","Sample_011897",0.146453769789099,17918.1188329093,35,FALSE,13349.9335833666
"DiHETrE","Sample_011902",0.160241939594913,20583.1037225437,36,FALSE,14780.3053158721
"DiHETrE","QC_S_4",0.276129464490701,35730.3536036149,37,TRUE,24760.8342047743
"DiHETrE","Sample_011823",0.200815970241477,24203.0435452099,39,FALSE,18402.5854395179
"DiHETrE","Sample_011863",0.178923870867615,20505.9896632714,40,FALSE,16387.9120408204
"DiHETrE","Sample_011868",0.251779310833171,27336.3269309709,41,FALSE,23022.4489890554
"DiHETrE","Sample_011873",0.199505234857505,20175.5501499968,42,FALSE,17958.3009681819
"DiHETrE","Sample_011833",0.263686739248209,25305.7046531666,43,FALSE,23883.3091913333
"DiHETrE","Sample_011838",0.253633024677609,22778.435197236,44,FALSE,22878.0563709006
"DiHETrE","Sample_011843",0.706607862101173,59057.7393166747,45,FALSE,63384.6908243883
"DiHETrE","Sample_011893",0.445681774667327,34896.7653591014,46,FALSE,40211.7733330415
"DiHETrE","Sample_011898",0.292327860048332,20922.3547639111,47,FALSE,26025.6101268899
"DiHETrE","Sample_011903",0.403891886236409,26863.9954304892,48,FALSE,36302.5196789476
"DiHETrE","QC_S_5",0.276129464490701,16740.6295698072,49,TRUE,24760.8342047743
"DiHETrE","Sample_011824",0.201922127009312,12260.1717351735,51,FALSE,17885.5757344572
"DiHETrE","Sample_011864",0.243076693524911,14745.8883319882,52,FALSE,21365.5670740109
"DiHETrE","Sample_011869",0.276382124688019,16796.5155950098,53,FALSE,24172.4054481453
"DiHETrE","Sample_011874",0.272045289274459,16813.4550516185,54,FALSE,24034.474757861
"DiHETrE","Sample_011834",0.600280712542378,37085.6560832495,55,FALSE,52659.9172712003
"DiHETrE","Sample_011839",0.277338830328077,17048.6577672147,56,FALSE,24048.0695091744
"DiHETrE","Sample_011844",0.27209026924912,17421.3880621827,57,FALSE,24412.2398311089
"DiHETrE","Sample_011894",0.341693811629813,21176.0601390362,58,FALSE,29479.7407929081
"DiHETrE","Sample_011899",0.352335453266477,21979.8085158848,59,FALSE,30400.0685617688
"DiHETrE","Sample_011904",0.290518667884409,18068.0915385091,60,FALSE,24828.6664504444
"DiHETrE","QC_S_6",0.276129464490701,18134.9201551758,61,TRUE,24760.8342047743
"Dihexose","QC_S_1",42.000724525659,107471.005262108,1,TRUE,311327.751907953
"Dihexose","Sample_011820",49.9395719733812,222840.786712454,3,FALSE,448989.903261738
"Dihexose","Sample_011860",33.2210676229785,173303.761257629,4,FALSE,303046.077012291
"Dihexose","Sample_011865",63.3420158933222,330238.519949091,5,FALSE,510076.433722761
"Dihexose","Sample_011870",37.8131856667334,229414.062094628,6,FALSE,317314.529094569
"Dihexose","Sample_011830",37.170648345393,243895.574988739,7,FALSE,305425.667723525
"Dihexose","Sample_011835",53.7827135944164,365873.561898808,8,FALSE,418571.751123594
"Dihexose","Sample_011840",33.8964147514699,254868.82318511,9,FALSE,268379.921378734
"Dihexose","Sample_011890",53.3636964496103,421313.582572697,10,FALSE,410951.980114091
"Dihexose","Sample_011895",31.4567972311475,265336.690729972,11,FALSE,241046.332910643
"Dihexose","Sample_011900",29.9341510517642,265691.630320296,12,FALSE,225865.389542252
"Dihexose","QC_S_2",42.000724525659,389746.282515262,13,TRUE,311327.751907953
"Dihexose","Sample_011821",38.6822936438938,354677.839303037,15,FALSE,289087.924381717
"Dihexose","Sample_011861",17.1319521162386,151511.557958754,16,FALSE,124763.872722633
"Dihexose","Sample_011866",27.9983877091363,242594.53486939,17,FALSE,201844.673347766
"Dihexose","Sample_011871",50.3046135675468,432058.77818828,18,FALSE,363261.425661356
"Dihexose","Sample_011831",52.5810773210761,449871.777875552,19,FALSE,382255.140341584
"Dihexose","Sample_011836",29.5467681779997,247776.753042781,20,FALSE,212795.415691256
"Dihexose","Sample_011841",30.0353643926123,246781.483965897,21,FALSE,214240.441023635
"Dihexose","Sample_011891",36.4894179461696,310272.94270296,22,FALSE,272314.707776913
"Dihexose","Sample_011896",43.9097025083674,354637.383558133,23,FALSE,314704.017191587
"Dihexose","Sample_011901",44.5510470680306,365122.051191972,24,FALSE,327642.210590811
"Dihexose","QC_S_3",42.000724525659,343049.980879254,25,TRUE,311327.751907953
"Dihexose","Sample_011822",35.83800198173,288203.611029232,27,FALSE,258666.464529071
"Dihexose","Sample_011862",25.9398107011192,206977.898482149,28,FALSE,184745.8662469
"Dihexose","Sample_011867",30.3515274794513,244523.961625471,29,FALSE,217067.751427006
"Dihexose","Sample_011872",28.1678079918753,228782.897393511,30,FALSE,201991.691101708
"Dihexose","Sample_011832",50.3738198317719,420663.373710474,31,FALSE,369397.126575885
"Dihexose","Sample_011837",25.8019926626396,215729.832605502,32,FALSE,188421.536763754
"Dihexose","Sample_011842",24.4540333638716,206951.611148012,33,FALSE,179789.031882938
"Dihexose","Sample_011892",25.0685161180151,215150.609963904,34,FALSE,185918.840198362
"Dihexose","Sample_011897",39.1899866065566,343544.24671751,35,FALSE,295299.150038029
"Dihexose","Sample_011902",21.9230087287165,195490.454552272,36,FALSE,167153.664077722
"Dihexose","QC_S_4",42.000724525659,366019.86847916,37,TRUE,311327.751907953
"Dihexose","Sample_011823",39.4036603683634,338999.037873867,39,FALSE,298487.18752066
"Dihexose","Sample_011863",29.3683013726677,248089.968524333,40,FALSE,222352.8493908
"Dihexose","Sample_011868",25.7030070995104,212884.954138792,41,FALSE,194278.144510478
"Dihexose","Sample_011873",37.7793095921267,302415.953149438,42,FALSE,281108.190101118
"Dihexose","Sample_011833",48.5692325146788,383943.756485196,43,FALSE,363643.629710349
"Dihexose","Sample_011838",30.3293398806936,234250.96937401,44,FALSE,226143.867288126
"Dihexose","Sample_011843",36.7178172704739,276586.711988115,45,FALSE,272264.676037186
"Dihexose","Sample_011893",49.3014267379597,366194.546043207,46,FALSE,367702.320413159
"Dihexose","Sample_011898",26.6343676419915,191292.470913435,47,FALSE,196011.537061892
"Dihexose","Sample_011903",59.9900481647602,426083.181438418,48,FALSE,445717.189437243
"Dihexose","QC_S_5",42.000724525659,291394.901364829,49,TRUE,311327.751907953
"Dihexose","Sample_011824",35.1721512809879,251917.011393755,51,FALSE,257529.198738122
"Dihexose","Sample_011864",30.8524622078282,224014.320582804,52,FALSE,224165.85676481
"Dihexose","Sample_011869",31.6060411404802,233171.898806486,53,FALSE,228501.235159195
"Dihexose","Sample_011874",45.3128684463358,344672.391107747,54,FALSE,330920.378744085
"Dihexose","Sample_011834",46.8178719834217,360782.738449417,55,FALSE,339504.851592066
"Dihexose","Sample_011839",28.9779667126615,225108.041099771,56,FALSE,207704.53552329
"Dihexose","Sample_011844",44.7287394756477,366534.789039162,57,FALSE,331733.865010991
"Dihexose","Sample_011894",27.7025936804501,222465.470632652,58,FALSE,197567.5031339
"Dihexose","Sample_011899",28.5399707172041,233505.074815178,59,FALSE,203554.295976733
"Dihexose","Sample_011904",25.4281054007315,209864.847246238,60,FALSE,179639.519573864
"Dihexose","QC_S_6",42.000724525659,370284.472947106,61,TRUE,311327.751907953
"Erythrose-4P","QC_S_1",1.68526670423323,42134.9601795328,1,TRUE,50046.6663474352
"Erythrose-4P","Sample_011820",3.7186584177684,114104.972541237,3,FALSE,133944.07477221
"Erythrose-4P","Sample_011860",2.13097669440846,66732.0885357787,4,FALSE,77878.798240975
"Erythrose-4P","Sample_011865",1.73456700873458,48229.7603264995,5,FALSE,55960.2853050995
"Erythrose-4P","Sample_011870",2.15817773814864,62895.5205631114,6,FALSE,72557.0069356532
"Erythrose-4P","Sample_011830",2.2589250771386,64831.1677490285,7,FALSE,74362.2774991226
"Erythrose-4P","Sample_011835",3.40233104995052,93015.8578514279,8,FALSE,106083.840279928
"Erythrose-4P","Sample_011840",2.40311107434387,67218.0457594429,9,FALSE,76228.1818271568
"Erythrose-4P","Sample_011890",2.82664560782309,77335.8723094851,10,FALSE,87209.1381061639
"Erythrose-4P","Sample_011895",3.18646591287539,87235.790653325,11,FALSE,97822.9516888796
"Erythrose-4P","Sample_011900",3.31105614092053,89757.3564003874,12,FALSE,100090.934880212
"Erythrose-4P","QC_S_2",1.68526670423323,45129.2799800968,13,TRUE,50046.6663474351
"Erythrose-4P","Sample_011821",4.39160643803116,128306.360195758,15,FALSE,131488.147473813
"Erythrose-4P","Sample_011861",2.49350511717713,73684.2263200455,16,FALSE,72750.7908874806
"Erythrose-4P","Sample_011866",2.42958154225477,73670.2891725422,17,FALSE,70171.5725782165
"Erythrose-4P","Sample_011871",2.66321075343077,83742.7824595047,18,FALSE,77048.1937011066
"Erythrose-4P","Sample_011831",2.25342548324847,73764.4031234015,19,FALSE,65631.5280316225
"Erythrose-4P","Sample_011836",1.47295325905219,49339.9555430743,20,FALSE,42499.7826101726
"Erythrose-4P","Sample_011841",1.80152918385664,61674.1316199122,21,FALSE,51481.9881603247
"Erythrose-4P","Sample_011891",1.92568022310552,71105.3191030453,22,FALSE,57574.9795933787
"Erythrose-4P","Sample_011896",2.70624332862656,98844.4669845396,23,FALSE,77705.9179386605
"Erythrose-4P","Sample_011901",2.11612511389156,81618.5358942418,24,FALSE,62348.8910319214
"Erythrose-4P","QC_S_3",1.68526670423323,67367.3380982104,25,TRUE,50046.6663474352
"Erythrose-4P","Sample_011822",4.63337371513437,170847.721612877,27,FALSE,133979.739387427
"Erythrose-4P","Sample_011862",1.79670184551023,63555.4035871335,28,FALSE,51265.9962243117
"Erythrose-4P","Sample_011867",2.04564862242444,70584.922358878,29,FALSE,58612.635928233
"Erythrose-4P","Sample_011872",1.80685036681492,60672.2002544729,30,FALSE,51909.6501347718
"Erythrose-4P","Sample_011832",1.67912363311113,55908.7131179851,31,FALSE,49330.641446704
"Erythrose-4P","Sample_011837",1.94811622856258,62574.3222315474,32,FALSE,56995.1129219984
"Erythrose-4P","Sample_011842",2.17532601139347,68074.3696615274,33,FALSE,64074.0987853652
"Erythrose-4P","Sample_011892",2.53681005457478,77408.3666665075,34,FALSE,75375.1491283478
"Erythrose-4P","Sample_011897",1.81205326293059,54238.0180122322,35,FALSE,54702.0372582613
"Erythrose-4P","Sample_011902",2.99975012413276,87605.5141773621,36,FALSE,91631.8140002417
"Erythrose-4P","QC_S_4",1.68526670423324,46073.0968636268,37,TRUE,50046.6663474352
"Erythrose-4P","Sample_011823",4.00063036552375,113871.135900406,39,FALSE,121412.391561758
"Erythrose-4P","Sample_011863",2.42561387033318,69641.027667542,40,FALSE,73575.1232774703
"Erythrose-4P","Sample_011868",2.69285561308529,77889.701306066,41,FALSE,81545.2256250084
"Erythrose-4P","Sample_011873",1.05605228679229,30341.9602735619,42,FALSE,31481.1336667044
"Erythrose-4P","Sample_011833",2.94133961145956,85797.6711171751,43,FALSE,88227.7847414313
"Erythrose-4P","Sample_011838",1.59376743261948,46709.4700929646,44,FALSE,47609.3514013863
"Erythrose-4P","Sample_011843",2.09314775841644,61543.3759659475,45,FALSE,62181.2989162794
"Erythrose-4P","Sample_011893",1.17656194624789,35098.9725206857,46,FALSE,35155.8126069413
"Erythrose-4P","Sample_011898",2.80437396340446,83264.7315014252,47,FALSE,82683.8385990878
"Erythrose-4P","Sample_011903",1.79967105681992,54408.960194539,48,FALSE,53569.644577856
"Erythrose-4P","QC_S_5",1.68526670423323,51263.3019221368,49,TRUE,50046.6663474352
"Erythrose-4P","Sample_011824",3.5826278937791,106615.13923537,51,FALSE,105093.222019943
"Erythrose-4P","Sample_011864",1.9972995001043,58695.3366521845,52,FALSE,58139.0979489553
"Erythrose-4P","Sample_011869",2.76193971489713,80370.0542902057,53,FALSE,79997.811458032
"Erythrose-4P","Sample_011874",2.08955485449638,61120.6277124514,54,FALSE,61136.587553234
"Erythrose-4P","Sample_011834",2.28736461448232,66109.1765034533,55,FALSE,66453.0889886568
"Erythrose-4P","Sample_011839",1.94125330121695,55182.5387532691,56,FALSE,55744.9766922159
"Erythrose-4P","Sample_011844",1.62404072068553,47531.3472588288,57,FALSE,48255.3559939498
"Erythrose-4P","Sample_011894",2.5474686074735,71336.5056789824,58,FALSE,72786.2559042678
"Erythrose-4P","Sample_011899",1.89121487311754,52697.7980899753,59,FALSE,54039.7192450144
"Erythrose-4P","Sample_011904",1.5946047497405,43789.671210963,60,FALSE,45132.1887134894
"Erythrose-4P","QC_S_6",1.68526670423323,48312.0210410073,61,TRUE,50046.6663474352
"F6P","QC_S_1",0.197931690866086,10862.0294800723,1,TRUE,17617.4569958457
"F6P","Sample_011820",0.816370998891757,61830.0013293006,3,FALSE,88134.5434719156
"F6P","Sample_011860",0.195275864134058,15914.9399246774,4,FALSE,21389.985065377
"F6P","Sample_011865",0.192977230862705,14676.8607454225,5,FALSE,18660.199394808
"F6P","Sample_011870",0.190891147147092,15946.6307508438,6,FALSE,19235.3153416607
"F6P","Sample_011830",0.190930738431838,16418.2853042379,7,FALSE,18838.5763578556
"F6P","Sample_011835",0.244662655249151,20898.6258632941,8,FALSE,22864.5006442495
"F6P","Sample_011840",0.258635834641892,23520.3773506838,9,FALSE,24589.6181990315
"F6P","Sample_011890",0.256200505888741,23668.0733244937,10,FALSE,23691.4688339698
"F6P","Sample_011895",0.335157193250284,32119.1603876476,11,FALSE,30839.0792225622
"F6P","Sample_011900",0.29105125378336,28585.7811251237,12,FALSE,26370.5414798761
"F6P","QC_S_2",0.197931690866086,19846.069666955,13,TRUE,17617.4569958457
"F6P","Sample_011821",0.511729068682145,53626.0464731881,15,FALSE,45922.4080372217
"F6P","Sample_011861",0.160970690226869,16728.2665159815,16,FALSE,14076.530746543
"F6P","Sample_011866",0.235018694345711,24596.9999182672,17,FALSE,20344.8040285388
"F6P","Sample_011871",0.252440437782057,26916.137989894,18,FALSE,21889.5696012874
"F6P","Sample_011831",0.179112555398973,19548.6563940194,19,FALSE,15635.6779324294
"F6P","Sample_011836",0.1252688680493,13767.9384736528,20,FALSE,10833.3373639442
"F6P","Sample_011841",0.164648094130605,18213.3894504159,21,FALSE,14102.3694588247
"F6P","Sample_011891",0.187477997824922,22044.5498622826,22,FALSE,16800.4649596324
"F6P","Sample_011896",0.231034037141126,26499.5464387647,23,FALSE,19883.1226279073
"F6P","Sample_011901",0.220795158143017,26388.9456652629,24,FALSE,19498.3700864214
"F6P","QC_S_3",0.197931690866086,24206.7197082851,25,TRUE,17617.4569958457
"F6P","Sample_011822",0.828338275341051,92284.1706834568,27,FALSE,71791.1482012219
"F6P","Sample_011862",0.155574706020604,16513.7308386888,28,FALSE,13304.965358418
"F6P","Sample_011867",0.223457940176241,22968.4024095339,29,FALSE,19190.1061982855
"F6P","Sample_011872",0.179657508566464,17830.8942186568,30,FALSE,15470.0835110803
"F6P","Sample_011832",0.150156101630275,14654.2784413826,31,FALSE,13222.039333953
"F6P","Sample_011837",0.21998286837427,20525.3538853418,32,FALSE,19290.0337113165
"F6P","Sample_011842",0.210969542030544,18993.0959738037,33,FALSE,18625.1288310994
"F6P","Sample_011892",0.325069674176634,28239.2799113803,34,FALSE,28949.2996654716
"F6P","Sample_011897",0.164921997569787,13895.405058472,35,FALSE,14922.1877584476
"F6P","Sample_011902",0.353731592366833,28723.3460213632,36,FALSE,32385.9339033725
"F6P","QC_S_4",0.197931690866086,14844.9142682147,37,TRUE,17617.4569958457
"F6P","Sample_011823",0.53464295838814,42311.6828154012,39,FALSE,48631.7401585955
"F6P","Sample_011863",0.318862672236761,25619.1308832299,40,FALSE,28989.0767645433
"F6P","Sample_011868",0.303539553631265,24725.0483683993,41,FALSE,27550.0336640209
"F6P","Sample_011873",0.151178146349956,12307.618068356,42,FALSE,13507.5109987008
"F6P","Sample_011833",0.317099342387472,26367.0137694135,43,FALSE,28508.6673457206
"F6P","Sample_011838",0.161223536763544,13548.4960186324,44,FALSE,14435.0114510081
"F6P","Sample_011843",0.168089102499666,14252.5331097824,45,FALSE,14966.5200933892
"F6P","Sample_011893",0.183662537055488,15889.2274873134,46,FALSE,16448.424060559
"F6P","Sample_011898",0.316903334653225,27436.6553054365,47,FALSE,28004.8264204372
"F6P","Sample_011903",0.112792222530094,9996.75836788412,48,FALSE,10062.9695594428
"F6P","QC_S_5",0.197931690866086,17743.051037799,49,TRUE,17617.4569958457
"F6P","Sample_011824",0.622113245231586,55324.4344414378,51,FALSE,54697.0399181566
"F6P","Sample_011864",0.193856740301962,17143.9766563978,52,FALSE,16913.2618861227
"F6P","Sample_011869",0.329048607109795,29017.4052502063,53,FALSE,28565.7308261934
"F6P","Sample_011874",0.252743794679182,22562.6229432697,54,FALSE,22164.058666415
"F6P","Sample_011834",0.178419599895908,15849.2635529202,55,FALSE,15536.1608179088
"F6P","Sample_011839",0.217261688708799,19116.8596162522,56,FALSE,18699.4164426896
"F6P","Sample_011844",0.237126492412674,21635.1403101356,57,FALSE,21117.867397946
"F6P","Sample_011894",0.227195275442802,19975.1511786637,58,FALSE,19456.342684268
"F6P","Sample_011899",0.182488362881911,16079.5871318714,59,FALSE,15628.9123775994
"F6P","Sample_011904",0.14064230743857,12300.766362098,60,FALSE,11930.8310800661
"F6P","QC_S_6",0.197931690866086,18201.9578137482,61,TRUE,17617.4569958457
"FBP","QC_S_1",25.8355497256424,134238.090556446,1,TRUE,194144.580212965
"FBP","Sample_011820",41.4071006855791,275779.581671854,3,FALSE,377409.729866494
"FBP","Sample_011860",35.9618657722782,249547.048835275,4,FALSE,332570.564587379
"FBP","Sample_011865",23.2799897553246,146340.064137735,5,FALSE,190052.100457317
"FBP","Sample_011870",27.9873941217487,188011.965399359,6,FALSE,238097.954977414
"FBP","Sample_011830",43.0973759506177,290538.057209718,7,FALSE,359006.849751781
"FBP","Sample_011835",60.5820111104252,396216.236779994,8,FALSE,477988.448862202
"FBP","Sample_011840",44.6540256462585,304150.768048032,9,FALSE,358429.201472187
"FBP","Sample_011890",45.2880811291905,306972.206966742,10,FALSE,353570.158359183
"FBP","Sample_011895",49.1451637629452,338963.056555897,11,FALSE,381780.131669461
"FBP","Sample_011900",51.8372410949199,359843.088429513,12,FALSE,396525.508983062
"FBP","QC_S_2",25.8355497256424,179997.636098189,13,TRUE,194144.580212965
"FBP","Sample_011821",40.5329010515818,301312.700139531,15,FALSE,307094.42542845
"FBP","Sample_011861",37.088002613764,276061.433956726,16,FALSE,273817.972815195
"FBP","Sample_011866",43.8564642431362,331813.773279655,17,FALSE,320526.835683264
"FBP","Sample_011871",52.0221715543875,404544.88528202,18,FALSE,380843.41755036
"FBP","Sample_011831",42.5002057122667,341185.684414251,19,FALSE,313228.591280794
"FBP","Sample_011836",29.1989084399325,237977.899965242,20,FALSE,213189.30314768
"FBP","Sample_011841",42.2669834412551,349441.761809058,21,FALSE,305644.308487488
"FBP","Sample_011891",30.4378194051291,269505.313290007,22,FALSE,230284.23585274
"FBP","Sample_011896",43.615132465919,379438.751007498,23,FALSE,316902.378433237
"FBP","Sample_011901",37.6888397448631,344040.225073027,24,FALSE,280996.694170139
"FBP","QC_S_3",25.8355497256424,242948.118658263,25,TRUE,194144.580212965
"FBP","Sample_011822",41.1739029264415,379760.012174068,27,FALSE,301276.241776144
"FBP","Sample_011862",24.7594430801814,226156.532665819,28,FALSE,178770.275693634
"FBP","Sample_011867",34.0604657125384,313537.508771513,29,FALSE,246951.601991756
"FBP","Sample_011872",25.5634280110151,236800.125815616,30,FALSE,185842.935126293
"FBP","Sample_011832",25.8684281045563,245919.914020145,31,FALSE,192311.466138424
"FBP","Sample_011837",33.1565082983492,315012.820266084,32,FALSE,245466.705563192
"FBP","Sample_011842",35.6492371961191,342205.278669036,33,FALSE,265710.94613596
"FBP","Sample_011892",32.0784698288956,311722.648900809,34,FALSE,241187.573774495
"FBP","Sample_011897",24.3110556574649,240869.380571406,35,FALSE,185710.906696794
"FBP","Sample_011902",41.337563718016,415888.294964652,36,FALSE,319526.684015268
"FBP","QC_S_4",25.8355497256425,253579.92963901,37,TRUE,194144.580212965
"FBP","Sample_011823",36.1556775626935,342850.150136358,39,FALSE,277659.247529978
"FBP","Sample_011863",28.2928326071021,260403.203019822,40,FALSE,217163.489739268
"FBP","Sample_011868",37.2692971023222,332261.437174134,41,FALSE,285586.532728099
"FBP","Sample_011873",16.207539413249,137879.416736205,42,FALSE,122259.630589701
"FBP","Sample_011833",56.3872552705754,467409.867239285,43,FALSE,427998.462855446
"FBP","Sample_011838",34.1590306866579,272775.372799568,44,FALSE,258210.504436654
"FBP","Sample_011843",52.7572843414634,404813.167823852,45,FALSE,396591.485569222
"FBP","Sample_011893",20.904408640664,155697.505879851,46,FALSE,158059.746213965
"FBP","Sample_011898",46.6842627737716,330670.710651117,47,FALSE,348302.233950314
"FBP","Sample_011903",34.8970211609682,240170.624542394,48,FALSE,262854.272401522
"FBP","QC_S_5",25.8355497256425,170464.081440615,49,TRUE,194144.580212965
"FBP","Sample_011824",42.6987889101191,281874.69606538,51,FALSE,316949.165094452
"FBP","Sample_011864",41.4058823425078,272965.428629671,52,FALSE,304991.819235084
"FBP","Sample_011869",44.1553954925802,291476.692777485,53,FALSE,323629.975844062
"FBP","Sample_011874",40.5883474560447,272347.530908652,54,FALSE,300503.709789665
"FBP","Sample_011834",42.4222416077531,284413.131809551,55,FALSE,311870.602288492
"FBP","Sample_011839",46.070479667887,307190.245154209,56,FALSE,334770.603898335
"FBP","Sample_011844",30.649619262254,212766.50101616,57,FALSE,230448.955620487
"FBP","Sample_011894",30.1454134149839,202461.965549527,58,FALSE,217952.991423053
"FBP","Sample_011899",30.7801603387053,207998.768015679,59,FALSE,222558.47562409
"FBP","Sample_011904",23.8658854797274,160712.137233058,60,FALSE,170927.501794158
"FBP","QC_S_6",25.8355497256424,183639.624885267,61,TRUE,194144.580212965
"Folate","QC_S_1",0.419935408283613,16474.6501168,1,TRUE,33323.6706978057
"Folate","Sample_011820",0.252362823689917,13498.147986402,3,FALSE,24289.9389180594
"Folate","Sample_011860",0.243766085581433,13958.9070293083,4,FALSE,23805.5187706124
"Folate","Sample_011865",0.819526450285498,43593.9444262836,5,FALSE,70650.5648816064
"Folate","Sample_011870",0.632008854532899,36774.9925721512,6,FALSE,56777.8756222318
"Folate","Sample_011830",0.30185606571597,18012.6045039961,7,FALSE,26553.0607154126
"Folate","Sample_011835",0.359714529965446,21249.8858312237,8,FALSE,29970.5332707497
"Folate","Sample_011840",0.559958014174944,35108.3417130708,9,FALSE,47463.6361977782
"Folate","Sample_011890",0.652202734979003,41421.574566347,10,FALSE,53769.6331485763
"Folate","Sample_011895",0.45356996483506,29804.4229389653,11,FALSE,37208.2804157941
"Folate","Sample_011900",0.426486322721425,28651.8691642468,12,FALSE,34450.6273332229
"Folate","QC_S_2",0.419935408283613,28736.4166851953,13,TRUE,33323.6706978057
"Folate","Sample_011821",0.248821689815534,17439.9083356231,15,FALSE,19907.4326082334
"Folate","Sample_011861",0.427641449197331,29436.3877311656,16,FALSE,33340.4205180232
"Folate","Sample_011866",0.405028990274492,27813.2303081648,17,FALSE,31259.3299485223
"Folate","Sample_011871",0.495602885091315,34352.5436715263,18,FALSE,38313.7426052514
"Folate","Sample_011831",0.404935145246434,28472.7957437721,19,FALSE,31515.0943428087
"Folate","Sample_011836",0.336354988336058,23607.6700211108,20,FALSE,25933.3989585299
"Folate","Sample_011841",0.323563141181,22661.4725155618,21,FALSE,24707.9592780139
"Folate","Sample_011891",0.591060803833528,43634.5166512289,22,FALSE,47222.1338693666
"Folate","Sample_011896",0.351539160092022,25108.3843252015,23,FALSE,26972.7227438072
"Folate","Sample_011901",0.538601666670779,39764.7964789509,24,FALSE,42405.1799337595
"Folate","QC_S_3",0.419935408283613,31477.1469418388,25,TRUE,33323.6706978057
"Folate","Sample_011822",0.136518278041584,11397.2897151783,27,FALSE,10548.6388846352
"Folate","Sample_011862",0.277456294788682,24293.9672185357,28,FALSE,21154.9398607887
"Folate","Sample_011867",0.202559186937184,18863.477816887,29,FALSE,15508.7210912718
"Folate","Sample_011872",0.204428242099958,20154.8121548661,30,FALSE,15693.891042274
"Folate","Sample_011832",0.24816761641157,26343.6915112728,31,FALSE,19482.4254591159
"Folate","Sample_011837",0.157970965720266,17538.2170154885,32,FALSE,12349.9117093081
"Folate","Sample_011842",0.213055471132918,24953.3772135319,33,FALSE,16769.2897985026
"Folate","Sample_011892",0.209787604344418,25917.0504149622,34,FALSE,16656.5051368208
"Folate","Sample_011897",0.121657620245819,15936.6053368286,35,FALSE,9813.7656812479
"Folate","Sample_011902",0.238989580760774,33003.6459967925,36,FALSE,19507.6069713461
"Folate","QC_S_4",0.419935408283613,58641.8685501956,37,TRUE,33323.6706978057
"Folate","Sample_011823",0.238258369835609,31655.7224941954,39,FALSE,19321.7553272116
"Folate","Sample_011863",0.131355489106332,16796.864063935,40,FALSE,10646.8560529819
"Folate","Sample_011868",0.125445142085526,15398.1145602393,41,FALSE,10150.8671525606
"Folate","Sample_011873",0.195689390174724,22699.7901333139,42,FALSE,15588.2028017898
"Folate","Sample_011833",0.321715593808354,35985.5241710058,43,FALSE,25786.7221430288
"Folate","Sample_011838",0.141374113043457,15063.1535568694,44,FALSE,11284.9862835732
"Folate","Sample_011843",0.143414522855196,14504.927466792,45,FALSE,11384.5760014942
"Folate","Sample_011893",0.397697714313065,38529.6093258822,46,FALSE,31754.060175462
"Folate","Sample_011898",0.231346254765378,21009.4367793235,47,FALSE,18226.8241171913
"Folate","Sample_011903",0.2319418688657,20145.2960604392,48,FALSE,18448.820712067
"Folate","QC_S_5",0.419935408283613,34364.8928916971,49,TRUE,33323.6706978057
"Folate","Sample_011824",0.137874443518472,10922.4888970061,51,FALSE,10807.3844840199
"Folate","Sample_011864",0.311078800178534,24205.4181210591,52,FALSE,24196.8781003834
"Folate","Sample_011869",0.278453261838771,21337.3027035421,53,FALSE,21551.6262089109
"Folate","Sample_011874",0.337324073901731,25839.094299083,54,FALSE,26372.9420006557
"Folate","Sample_011834",0.263810302523164,19854.7908459915,55,FALSE,20480.2546570516
"Folate","Sample_011839",0.36061761713749,26541.5641877941,56,FALSE,27671.6015614548
"Folate","Sample_011844",0.307096811554544,23136.2066002695,57,FALSE,24383.0338909897
"Folate","Sample_011894",0.237865396519415,17045.1600642125,58,FALSE,18160.8274531857
"Folate","Sample_011899",0.151997236516793,10773.2301268712,59,FALSE,11605.7103351393
"Folate","Sample_011904",0.250211879147978,17371.3916582936,60,FALSE,18923.6580627807
"Folate","QC_S_6",0.419935408283613,30247.0490011076,61,TRUE,33323.6706978057
"Fumarate","QC_S_1",3212.07010462647,1297648.42093621,1,TRUE,2138086.24122838
"Fumarate","Sample_011820",6258.94514612936,3118385.52696609,3,FALSE,5053264.77497832
"Fumarate","Sample_011860",7123.9799721833,3630973.2197511,4,FALSE,5835753.25553591
"Fumarate","Sample_011865",4471.47697504567,2028331.54101925,5,FALSE,3233504.92550042
"Fumarate","Sample_011870",6732.08914557955,3208128.81573275,6,FALSE,5073126.58479937
"Fumarate","Sample_011830",5800.45678535405,2728383.22489359,7,FALSE,4280029.29180654
"Fumarate","Sample_011835",6426.61722455862,2886039.32106289,8,FALSE,4491472.94538023
"Fumarate","Sample_011840",6629.26004625382,3052681.37923046,9,FALSE,4713466.90172471
"Fumarate","Sample_011890",7412.08715843303,3345850.84108629,10,FALSE,5125837.56856056
"Fumarate","Sample_011895",6191.73193381529,2802808.04859072,11,FALSE,4260664.34246956
"Fumarate","Sample_011900",5779.87921891707,2596240.80683619,12,FALSE,3916342.39772008
"Fumarate","QC_S_2",3212.07010462647,1428276.21005203,13,TRUE,2138086.24122838
"Fumarate","Sample_011821",7883.3099069552,4255473.42326032,15,FALSE,5290606.76991976
"Fumarate","Sample_011861",6624.9049759409,3780166.79110271,16,FALSE,4332522.21735226
"Fumarate","Sample_011866",4512.06888169767,2747756.55536005,17,FALSE,2921051.00801038
"Fumarate","Sample_011871",4479.9492598671,2930794.08141839,18,FALSE,2905117.55734123
"Fumarate","Sample_011831",4714.15324194143,3314542.09446348,19,FALSE,3077561.21531991
"Fumarate","Sample_011836",4418.63937605624,3272569.7550718,20,FALSE,2857722.08577999
"Fumarate","Sample_011841",3267.38127318423,2539376.2644946,21,FALSE,2092895.3546704
"Fumarate","Sample_011891",2742.18779656142,2355037.38610818,22,FALSE,1837724.92733657
"Fumarate","Sample_011896",3742.71142932179,3251111.36235384,23,FALSE,2408836.29018333
"Fumarate","Sample_011901",3194.78647688869,2991476.20087036,24,FALSE,2109905.08751176
"Fumarate","QC_S_3",3212.07010462647,3177173.59407674,25,TRUE,2138086.24122838
"Fumarate","Sample_011822",3820.54530824494,3267676.3732582,27,FALSE,2476286.22853875
"Fumarate","Sample_011862",4077.08956501981,3223974.49170299,28,FALSE,2607578.12648672
"Fumarate","Sample_011867",3759.34214692167,2784229.02920397,29,FALSE,2414380.74456696
"Fumarate","Sample_011872",3949.07819906261,2721027.07488588,30,FALSE,2543052.56506634
"Fumarate","Sample_011832",4501.75664996007,2925308.87086987,31,FALSE,2964488.65825396
"Fumarate","Sample_011837",4676.58975701609,2771108.97496881,32,FALSE,3066801.86212356
"Fumarate","Sample_011842",4542.07218083917,2460151.38502656,33,FALSE,2998788.76465943
"Fumarate","Sample_011892",5653.98276531124,2775890.75566314,34,FALSE,3765549.87567578
"Fumarate","Sample_011897",7013.21064355413,3103469.01422216,35,FALSE,4745512.42814458
"Fumarate","Sample_011902",5735.09615852139,2241317.66532989,36,FALSE,3926771.20948659
"Fumarate","QC_S_4",3212.07010462647,1042483.39852855,37,TRUE,2138086.24122838
"Fumarate","Sample_011823",7395.43783511639,3160337.80141394,39,FALSE,5030743.41736663
"Fumarate","Sample_011863",5945.7417861253,2823754.72459316,40,FALSE,4042491.03629166
"Fumarate","Sample_011868",4893.37938601062,2553639.14553045,41,FALSE,3321452.52264188
"Fumarate","Sample_011873",3866.12889955229,2167765.43780377,42,FALSE,2583300.69970715
"Fumarate","Sample_011833",4561.29746437354,2789109.04847472,43,FALSE,3066777.64460892
"Fumarate","Sample_011838",4859.0511480878,3187702.80671398,44,FALSE,3253512.48341661
"Fumarate","Sample_011843",3839.27622405427,2684528.01598087,45,FALSE,2556483.25400295
"Fumarate","Sample_011893",5256.78659661121,3944658.59988219,46,FALSE,3520759.66236227
"Fumarate","Sample_011898",3341.46908951597,2629438.92249741,47,FALSE,2208288.65941992
"Fumarate","Sample_011903",3962.08503265673,3333553.96684706,48,FALSE,2643523.1297215
"Fumarate","QC_S_5",3212.07010462647,2846520.87428683,49,TRUE,2138086.24122838
"Fumarate","Sample_011824",3427.47445218271,3033696.4732195,51,FALSE,2253621.2053204
"Fumarate","Sample_011864",3373.01721104166,2978858.05787801,52,FALSE,2200783.61013205
"Fumarate","Sample_011869",2788.41959083929,2463749.03820717,53,FALSE,1810321.5707338
"Fumarate","Sample_011874",3765.92524771692,3379472.9493242,54,FALSE,2469748.91118651
"Fumarate","Sample_011834",3457.67061195801,3097675.92199232,55,FALSE,2251630.29718188
"Fumarate","Sample_011839",2855.55657513642,2542242.88691025,56,FALSE,1838010.50751488
"Fumarate","Sample_011844",3144.19293505831,2911912.07448546,57,FALSE,2094071.40734434
"Fumarate","Sample_011894",3471.67710396267,3108176.9861756,58,FALSE,2223379.28110973
"Fumarate","Sample_011899",3503.69914885622,3153683.71498464,59,FALSE,2244050.91833055
"Fumarate","Sample_011904",3732.70963293396,3345475.58446057,60,FALSE,2368052.02557297
"Fumarate","QC_S_6",3212.07010462647,3036414.94948995,61,TRUE,2138086.24122838
"G1P","QC_S_1",264.794434794165,300817.694082252,1,TRUE,679169.056131107
"G1P","Sample_011820",132.514007680953,239989.15138167,3,FALSE,412250.82341774
"G1P","Sample_011860",139.046743389122,286054.242149489,4,FALSE,438898.287965107
"G1P","Sample_011865",281.605662414441,566042.365436003,5,FALSE,784680.29222622
"G1P","Sample_011870",160.774702470781,369264.100414367,6,FALSE,466844.653267215
"G1P","Sample_011830",415.565730920127,1016832.70062193,7,FALSE,1181552.72591576
"G1P","Sample_011835",634.756705496167,1590082.63287568,8,FALSE,1709395.22184116
"G1P","Sample_011840",486.517330752474,1332666.76944721,9,FALSE,1332915.30777114
"G1P","Sample_011890",616.196299056645,1755992.50316706,10,FALSE,1641996.55561919
"G1P","Sample_011895",399.126873242682,1205432.12901384,11,FALSE,1058290.70010667
"G1P","Sample_011900",491.958772403094,1552456.59198262,12,FALSE,1284456.59860325
"G1P","QC_S_2",264.794434794165,868154.778118496,13,TRUE,679169.056131107
"G1P","Sample_011821",96.5318391139768,300436.274279503,15,FALSE,249629.724746927
"G1P","Sample_011861",112.550874467473,330748.208407355,16,FALSE,283621.306090696
"G1P","Sample_011866",615.823169868824,1734057.0685425,17,FALSE,1536201.83153402
"G1P","Sample_011871",825.079692606847,2250146.30270188,18,FALSE,2061651.94421958
"G1P","Sample_011831",370.187335655812,981566.58332108,19,FALSE,931222.359732723
"G1P","Sample_011836",247.943611676045,628209.362702024,20,FALSE,617892.878590874
"G1P","Sample_011841",397.519551076765,960868.736293069,21,FALSE,981149.135810094
"G1P","Sample_011891",646.412983074468,1572375.8692637,22,FALSE,1669253.19804941
"G1P","Sample_011896",221.634419172476,497212.812764432,23,FALSE,549650.948631672
"G1P","Sample_011901",304.581458168745,672184.08322478,24,FALSE,775092.219341936
"G1P","QC_S_3",264.794434794165,563618.509875476,25,TRUE,679169.056131107
"G1P","Sample_011822",117.15516527588,298466.954197511,27,FALSE,292594.2336741
"G1P","Sample_011862",333.603980969123,916832.348979365,28,FALSE,822142.568909256
"G1P","Sample_011867",342.086028564615,1024573.38529824,29,FALSE,846560.647114709
"G1P","Sample_011872",437.018918556691,1415552.2113492,30,FALSE,1084397.91885222
"G1P","Sample_011832",358.063948814794,1272434.26384304,31,FALSE,908567.523741028
"G1P","Sample_011837",114.335274624947,432093.018927726,32,FALSE,288911.957853649
"G1P","Sample_011842",383.610031129058,1552373.72671151,33,FALSE,975911.942292516
"G1P","Sample_011892",321.239017905621,1389746.01725926,34,FALSE,824386.834439148
"G1P","Sample_011897",272.250121034521,1264159.54927672,35,FALSE,709844.37841382
"G1P","Sample_011902",126.181493382267,624528.429443972,36,FALSE,332904.289532823
"G1P","QC_S_4",264.794434794165,1338712.25890398,37,TRUE,679169.056131107
"G1P","Sample_011823",80.9301196296406,371439.351316744,39,FALSE,212132.540485217
"G1P","Sample_011863",123.138577611129,529361.160735098,40,FALSE,322601.206758768
"G1P","Sample_011868",64.0117604170317,256295.543651222,41,FALSE,167420.165090198
"G1P","Sample_011873",190.207614029579,695801.126448815,42,FALSE,489728.483011337
"G1P","Sample_011833",117.258972345639,398181.44047094,43,FALSE,303786.738189511
"G1P","Sample_011838",406.663705105676,1259757.05833506,44,FALSE,1049216.84355171
"G1P","Sample_011843",751.137538941697,2101880.219481,45,FALSE,1927267.03773515
"G1P","Sample_011893",217.057119767173,549267.189766361,46,FALSE,560168.782866461
"G1P","Sample_011898",209.614404549856,464649.169377787,47,FALSE,533787.441438129
"G1P","Sample_011903",781.949090210189,1528679.16461604,48,FALSE,2010326.67483619
"G1P","QC_S_5",264.794434794165,441698.003277177,49,TRUE,679169.056131107
"G1P","Sample_011824",142.282439472787,245084.774122256,51,FALSE,360484.695022552
"G1P","Sample_011864",386.621838944926,675200.366219928,52,FALSE,972017.316560961
"G1P","Sample_011869",147.654545958888,262038.374249615,53,FALSE,369379.89823519
"G1P","Sample_011874",373.522037733286,683538.010708365,54,FALSE,943900.403172627
"G1P","Sample_011834",260.599746162389,483189.097217552,55,FALSE,653907.452973645
"G1P","Sample_011839",416.097317752658,777808.658531057,56,FALSE,1032003.02677947
"G1P","Sample_011844",366.921476652776,723603.037936061,57,FALSE,941638.628214003
"G1P","Sample_011894",119.465427266925,230900.793182671,58,FALSE,294812.099550276
"G1P","Sample_011899",234.648260359602,462106.288304409,59,FALSE,579098.009339663
"G1P","Sample_011904",139.201996864944,276561.779208369,60,FALSE,340283.844841558
"G1P","QC_S_6",264.794434794165,562013.09252926,61,TRUE,679169.056131107
"G6P","QC_S_1",3.03255495566825,52222.048272514,1,TRUE,84029.464046783
"G6P","Sample_011820",2.56548580740147,63582.6645000284,3,FALSE,86223.0211177392
"G6P","Sample_011860",1.46003264756978,39600.6513933206,4,FALSE,49787.4070326072
"G6P","Sample_011865",3.3956562435061,87229.9783434493,5,FALSE,102218.371256565
"G6P","Sample_011870",1.74310298932067,49832.581977059,6,FALSE,54680.3894001815
"G6P","Sample_011830",2.2238436082335,66212.0816837775,7,FALSE,68307.9887443347
"G6P","Sample_011835",4.20232759137799,125595.001113257,8,FALSE,122258.473595349
"G6P","Sample_011840",2.5638831367147,82355.3902689767,9,FALSE,75885.0705968457
"G6P","Sample_011890",3.57864518037621,117777.568476698,10,FALSE,103020.979118123
"G6P","Sample_011895",2.21095199103879,76075.8988509475,11,FALSE,63332.5826464019
"G6P","Sample_011900",2.51898521087152,89466.4720466316,12,FALSE,71051.0039850395
"G6P","QC_S_2",3.03255495566825,110680.295643185,13,TRUE,84029.464046783
"G6P","Sample_011821",2.0700442162863,71168.5902252893,15,FALSE,57830.802098353
"G6P","Sample_011861",1.12022033740844,36210.4576156786,16,FALSE,30496.3110281116
"G6P","Sample_011866",2.93734908179294,90566.7981373262,17,FALSE,79159.2539069186
"G6P","Sample_011871",3.53931813488018,105176.674711876,18,FALSE,95541.6918487372
"G6P","Sample_011831",2.88665231979328,82964.9423296336,19,FALSE,78447.6960701955
"G6P","Sample_011836",2.11081598940641,57642.059795574,20,FALSE,56828.2808884267
"G6P","Sample_011841",2.83243009117437,73338.8914694204,21,FALSE,75524.8042477971
"G6P","Sample_011891",3.64534164370571,94353.0311179062,22,FALSE,101696.090955571
"G6P","Sample_011896",2.92176271578987,69240.7432151767,23,FALSE,78279.5995016529
"G6P","Sample_011901",3.22990674227244,74701.3148222917,24,FALSE,88796.0761902918
"G6P","QC_S_3",3.03255495566825,67055.9538036627,25,TRUE,84029.464046783
"G6P","Sample_011822",3.67714313915824,89166.0223264936,27,FALSE,99213.0347473124
"G6P","Sample_011862",2.95809472497683,74746.7587866536,28,FALSE,78755.6761548048
"G6P","Sample_011867",2.84624275179105,76052.6308447619,29,FALSE,76093.6739173084
"G6P","Sample_011872",2.62724243153425,73936.5451753569,30,FALSE,70427.5309844303
"G6P","Sample_011832",2.78528287645845,84001.4579148199,31,FALSE,76351.8910224123
"G6P","Sample_011837",1.80986482867764,56844.9127147307,32,FALSE,49406.6371605313
"G6P","Sample_011842",2.76104553858129,91129.870361001,33,FALSE,75883.6344605399
"G6P","Sample_011892",2.74582925070272,95254.3039683833,34,FALSE,76125.5005704609
"G6P","Sample_011897",2.12452504465287,77893.8035986106,35,FALSE,59842.6472637793
"G6P","Sample_011902",1.86665079371609,71931.6117843896,36,FALSE,53203.5588477287
"G6P","QC_S_4",3.03255495566825,117840.514200221,37,TRUE,84029.464046783
"G6P","Sample_011823",2.10008107569059,79817.6624764162,39,FALSE,59468.5087944915
"G6P","Sample_011863",1.65454595885941,61442.3959063168,40,FALSE,46827.8875140717
"G6P","Sample_011868",1.43238802644073,51885.8848136507,41,FALSE,40472.734969325
"G6P","Sample_011873",2.17021997856135,75571.0563229241,42,FALSE,60364.98532415
"G6P","Sample_011833",2.15406877853883,73661.2785943098,43,FALSE,60288.734723787
"G6P","Sample_011838",2.77867781506866,92298.3916153311,44,FALSE,77450.0871399574
"G6P","Sample_011843",3.76140439831112,121112.971078018,45,FALSE,104262.067143937
"G6P","Sample_011893",2.6392217923397,83260.5900057065,46,FALSE,73582.5157054383
"G6P","Sample_011898",2.59116501678107,78515.2925185746,47,FALSE,71284.6753491364
"G6P","Sample_011903",3.5508401736173,105657.451390419,48,FALSE,98621.8528894082
"G6P","QC_S_5",3.03255495566825,87495.2849217489,49,TRUE,84029.464046783
"G6P","Sample_011824",2.49713509672185,68644.7343525764,51,FALSE,68348.8863934898
"G6P","Sample_011864",2.32860880080905,62353.0530254351,52,FALSE,63246.7233316634
"G6P","Sample_011869",2.09678999012819,54820.9524331978,53,FALSE,56667.6556030008
"G6P","Sample_011874",3.09478553843255,80175.0445979464,54,FALSE,84487.8729420574
"G6P","Sample_011834",3.38316482502606,85336.2040399349,55,FALSE,91710.5571966821
"G6P","Sample_011839",3.32689027030123,81300.0132873261,56,FALSE,89141.1860143682
"G6P","Sample_011844",2.95685075342135,73253.2533300231,57,FALSE,81977.4516658661
"G6P","Sample_011894",2.41448092824,56331.091179061,58,FALSE,64369.5863988003
"G6P","Sample_011899",2.68101216719504,61234.5492064758,59,FALSE,71480.4691934948
"G6P","Sample_011904",2.28240133228803,50523.2050993463,60,FALSE,60275.6294556196
"G6P","QC_S_6",3.03255495566825,68882.687439367,61,TRUE,84029.464046783
"GABA","QC_S_1",6.59927598382622,54564.741342579,1,TRUE,85744.842888573
"GABA","Sample_011820",17.5377172087095,184583.186369984,3,FALSE,276385.647309397
"GABA","Sample_011860",16.7324593005175,182894.436507344,4,FALSE,267550.349628488
"GABA","Sample_011865",8.66050652722203,85490.9700897924,5,FALSE,122246.753886652
"GABA","Sample_011870",12.9809815378159,136538.65168205,6,FALSE,190943.503720379
"GABA","Sample_011830",17.1455941003998,180474.811662542,7,FALSE,246949.754217275
"GABA","Sample_011835",8.18642929918589,83375.0481615397,8,FALSE,111679.223121982
"GABA","Sample_011840",16.2928247062094,172373.136738425,9,FALSE,226122.25391395
"GABA","Sample_011890",18.669300270158,196077.368383444,10,FALSE,252013.541509858
"GABA","Sample_011895",18.7522941532255,199937.460678684,11,FALSE,251878.499346427
"GABA","Sample_011900",15.6716290576718,167795.095013563,12,FALSE,207275.298384077
"GABA","QC_S_2",6.59927598382622,70762.6510283743,13,TRUE,85744.842888573
"GABA","Sample_011821",13.8504812682113,168799.393548977,15,FALSE,181440.093992471
"GABA","Sample_011861",16.3490612696626,205124.706848973,16,FALSE,208701.456945764
"GABA","Sample_011866",13.9892210758785,183034.720017557,17,FALSE,176778.102385447
"GABA","Sample_011871",11.5827608065808,159504.308021434,18,FALSE,146613.586660856
"GABA","Sample_011831",8.85292228905601,128658.603685915,19,FALSE,112813.525291664
"GABA","Sample_011836",10.5974310247008,159601.982652046,20,FALSE,133783.805641762
"GABA","Sample_011841",12.0962185804686,188372.619563041,21,FALSE,151240.755742067
"GABA","Sample_011891",5.80223646364608,98523.5792091358,22,FALSE,75901.4811522206
"GABA","Sample_011896",9.2694648171849,157277.353760773,23,FALSE,116452.044258171
"GABA","Sample_011901",6.10364604374742,110400.910264438,24,FALSE,78683.185991738
"GABA","QC_S_3",6.59927598382622,124813.397690796,25,TRUE,85744.842888573
"GABA","Sample_011822",9.09239952187433,151456.961161791,27,FALSE,115033.812303189
"GABA","Sample_011862",11.8077355137851,183838.140640749,28,FALSE,147409.410113654
"GABA","Sample_011867",12.6513640067512,186770.752091598,29,FALSE,158599.849541794
"GABA","Sample_011872",10.8924002794859,151719.369417812,30,FALSE,136916.160087615
"GABA","Sample_011832",6.80822168925369,90892.4064905817,31,FALSE,87513.0825289925
"GABA","Sample_011837",12.7209212885546,157804.798947477,32,FALSE,162834.537126845
"GABA","Sample_011842",15.092530418142,174976.027341642,33,FALSE,194502.602943455
"GABA","Sample_011892",17.4025733370362,187798.179017896,34,FALSE,226234.540068121
"GABA","Sample_011897",16.9878131483914,170659.968116635,35,FALSE,224375.390489466
"GABA","Sample_011902",19.7379191543527,182308.308221342,36,FALSE,263795.737843147
"GABA","QC_S_4",6.59927598382622,53298.3746083297,37,TRUE,85744.842888573
"GABA","Sample_011823",12.2241741236747,111476.772607986,39,FALSE,162315.247623532
"GABA","Sample_011863",19.0553320899917,181926.598574188,40,FALSE,252889.651136379
"GABA","Sample_011868",16.7197912929325,166584.277756651,41,FALSE,221524.378716464
"GABA","Sample_011873",8.30981195464508,85036.2749969026,42,FALSE,108383.043549917
"GABA","Sample_011833",11.5743198382067,124132.004969745,43,FALSE,151901.088794468
"GABA","Sample_011838",15.4850395848342,171987.166454459,44,FALSE,202388.038380883
"GABA","Sample_011843",15.0547005293884,172662.153465099,45,FALSE,195675.849600039
"GABA","Sample_011893",12.9715232335669,155165.083820663,46,FALSE,169581.520627878
"GABA","Sample_011898",15.6097209924005,190811.453918765,47,FALSE,201365.49271729
"GABA","Sample_011903",12.9786003053054,165679.087526447,48,FALSE,169028.016437869
"GABA","QC_S_5",6.59927598382622,86841.2300257874,49,TRUE,85744.842888573
"GABA","Sample_011824",12.9154568901731,179916.129077844,51,FALSE,165763.146808521
"GABA","Sample_011864",11.2926166549486,161321.784303809,52,FALSE,143821.854973874
"GABA","Sample_011869",12.346712970095,181183.900964678,53,FALSE,156466.175525904
"GABA","Sample_011874",10.679882277285,163275.986966043,54,FALSE,136715.919406958
"GABA","Sample_011834",8.4468493186953,132125.21282001,55,FALSE,107369.202267953
"GABA","Sample_011839",10.9563697823859,174391.824961306,56,FALSE,137656.085905269
"GABA","Sample_011844",6.2810859921622,106411.199677538,57,FALSE,81656.0848475672
"GABA","Sample_011894",11.0671431578396,185315.218174846,58,FALSE,138350.671448078
"GABA","Sample_011899",10.0400828592677,172685.759718511,59,FALSE,125520.514498412
"GABA","Sample_011904",10.1402220232785,177311.70954176,60,FALSE,125570.033608658
"GABA","QC_S_6",6.59927598382622,124188.662635572,61,TRUE,85744.842888573
"GlcN6P","QC_S_1",12.9102930404789,42671.1087423405,1,TRUE,145927.505119652
"GlcN6P","Sample_011820",30.3916286247211,174668.35480596,3,FALSE,416663.767772063
"GlcN6P","Sample_011860",28.0332012496608,188190.902824135,4,FALSE,389948.972154155
"GlcN6P","Sample_011865",16.8024646020291,112654.801966011,5,FALSE,206327.146139315
"GlcN6P","Sample_011870",21.4367506767878,167165.461654298,6,FALSE,274312.533739053
"GlcN6P","Sample_011830",22.2689333749552,187727.297369161,7,FALSE,279026.091462371
"GlcN6P","Sample_011835",27.6558613376673,241626.928029288,8,FALSE,328211.95602877
"GlcN6P","Sample_011840",23.0097461937533,222133.841691534,9,FALSE,277810.136971645
"GlcN6P","Sample_011890",23.7647406090365,240836.230879582,10,FALSE,279073.278633809
"GlcN6P","Sample_011895",17.9818329430661,194648.191260125,11,FALSE,210116.418034137
"GlcN6P","Sample_011900",18.8840839197686,215058.761065339,12,FALSE,217279.456793163
"GlcN6P","QC_S_2",12.9102930404789,153687.418192271,13,TRUE,145927.505119652
"GlcN6P","Sample_011821",13.5174983608185,164343.666792253,15,FALSE,154047.290176226
"GlcN6P","Sample_011861",16.0621618031632,191512.42474398,16,FALSE,178371.718124492
"GlcN6P","Sample_011866",17.1113089988632,203251.114365554,17,FALSE,188108.104705853
"GlcN6P","Sample_011871",20.2779503056713,242794.061674443,18,FALSE,223293.213721067
"GlcN6P","Sample_011831",16.0266190730777,194396.425489178,19,FALSE,177666.592415248
"GlcN6P","Sample_011836",14.4749359691413,175022.739507254,20,FALSE,158967.717340275
"GlcN6P","Sample_011841",15.2384601305197,183620.637999079,21,FALSE,165748.510976379
"GlcN6P","Sample_011891",17.1256714720557,217236.818988186,22,FALSE,194890.995950625
"GlcN6P","Sample_011896",14.03854203677,172067.541506602,23,FALSE,153427.709914694
"GlcN6P","Sample_011901",14.7454069741638,186582.637206944,24,FALSE,165363.135875833
"GlcN6P","QC_S_3",12.9102930404789,165649.886476826,25,TRUE,145927.505119652
"GlcN6P","Sample_011822",12.7548680361274,166607.666985986,27,FALSE,140382.286471531
"GlcN6P","Sample_011862",13.7315668551766,180843.014845273,28,FALSE,149131.033273821
"GlcN6P","Sample_011867",14.6774451549246,198240.722250678,29,FALSE,160068.260474376
"GlcN6P","Sample_011872",13.5168166706595,186873.402661055,30,FALSE,147806.958699115
"GlcN6P","Sample_011832",14.6265548865748,211011.89272433,31,FALSE,163557.580541102
"GlcN6P","Sample_011837",11.8122033901964,173098.768879414,32,FALSE,131537.085388306
"GlcN6P","Sample_011842",13.638932081508,205173.36171276,33,FALSE,152909.005653273
"GlcN6P","Sample_011892",13.3609193742057,206652.277723419,34,FALSE,151102.316097444
"GlcN6P","Sample_011897",13.4343562491415,215099.4157894,35,FALSE,154363.261648227
"GlcN6P","Sample_011902",11.5726170678498,190967.543329633,36,FALSE,134551.124264975
"GlcN6P","QC_S_4",12.9102930404789,210883.429239459,37,TRUE,145927.505119652
"GlcN6P","Sample_011823",9.89255744708187,155069.170379375,39,FALSE,114271.443028976
"GlcN6P","Sample_011863",11.6634007134481,176801.295325199,40,FALSE,134657.042492036
"GlcN6P","Sample_011868",10.8487737949343,158670.630713148,41,FALSE,125043.36972869
"GlcN6P","Sample_011873",9.26634687555427,128783.358885451,42,FALSE,105140.016164974
"GlcN6P","Sample_011833",13.8010009411231,186059.060292199,43,FALSE,157567.024060544
"GlcN6P","Sample_011838",17.4315373450606,225305.623212819,44,FALSE,198197.216743404
"GlcN6P","Sample_011843",19.0047452627463,234815.823857776,45,FALSE,214890.145343624
"GlcN6P","Sample_011893",14.3603618971054,171270.744027774,46,FALSE,163321.090749927
"GlcN6P","Sample_011898",17.0990265281676,192776.740022465,47,FALSE,191889.245058095
"GlcN6P","Sample_011903",20.7997922923547,226365.631884769,48,FALSE,235656.365208916
"GlcN6P","QC_S_5",12.9102930404789,133746.224525086,49,TRUE,145927.505119652
"GlcN6P","Sample_011824",15.2774234188115,163190.938814893,51,FALSE,170575.896915294
"GlcN6P","Sample_011864",15.4562781847098,167274.005388901,52,FALSE,171247.628329144
"GlcN6P","Sample_011869",14.2004109929495,156064.820477921,53,FALSE,156552.26989576
"GlcN6P","Sample_011874",16.8828089882935,191204.298414241,54,FALSE,188012.475795172
"GlcN6P","Sample_011834",15.8498915709178,181763.807954618,55,FALSE,175267.186269515
"GlcN6P","Sample_011839",17.0531188440634,197043.218426265,56,FALSE,186389.693229352
"GlcN6P","Sample_011844",13.2426480801973,161336.828373466,57,FALSE,149767.641728705
"GlcN6P","Sample_011894",12.2595497152654,146301.902134549,58,FALSE,133324.389039957
"GlcN6P","Sample_011899",13.49184179019,163967.439271547,59,FALSE,146736.445009822
"GlcN6P","Sample_011904",12.6879837257829,155481.586580951,60,FALSE,136684.887262534
"GlcN6P","QC_S_6",12.9102930404789,168926.96354193,61,TRUE,145927.505119652
"Glutamate","QC_S_1",277067.209525851,10119101.0846014,1,TRUE,17646969.9916568
"Glutamate","Sample_011820",753661.919494506,35635943.1993232,3,FALSE,58222693.6700668
"Glutamate","Sample_011860",853611.54677883,42244821.6687617,4,FALSE,66908196.7407307
"Glutamate","Sample_011865",423755.209780309,19079536.5511453,5,FALSE,29321243.9756469
"Glutamate","Sample_011870",695780.43610526,33615259.6335817,6,FALSE,50169857.4294396
"Glutamate","Sample_011830",757797.839748997,36882740.5477979,7,FALSE,53503565.135139
"Glutamate","Sample_011835",339070.306676959,16068928.2485742,8,FALSE,22674667.4525099
"Glutamate","Sample_011840",689249.397109124,34136984.3513632,9,FALSE,46891768.7131421
"Glutamate","Sample_011890",736549.610464345,36423039.5256907,10,FALSE,48738385.5803021
"Glutamate","Sample_011895",791415.060850023,39948955.7806337,11,FALSE,52109187.271033
"Glutamate","Sample_011900",720663.178738139,36723181.1293899,12,FALSE,46723894.7601799
"Glutamate","QC_S_2",277067.209525851,14210814.6514096,13,TRUE,17646969.9916568
"Glutamate","Sample_011821",615272.540584879,35767845.4269746,15,FALSE,39510200.1398138
"Glutamate","Sample_011861",730631.456240488,43675218.9087591,16,FALSE,45719800.2466546
"Glutamate","Sample_011866",584656.663933866,36407911.7997,17,FALSE,36216721.7858777
"Glutamate","Sample_011871",525761.125931083,34426332.2494131,18,FALSE,32623000.3428223
"Glutamate","Sample_011831",454508.15073012,31380549.8668815,19,FALSE,28391575.5070939
"Glutamate","Sample_011836",474691.134458914,33936964.7907945,20,FALSE,29375641.9829053
"Glutamate","Sample_011841",447946.672779249,33090613.2083918,21,FALSE,27454834.2769868
"Glutamate","Sample_011891",200199.091507572,16114935.2525572,22,FALSE,12837788.8337961
"Glutamate","Sample_011896",396271.28735129,31853670.629136,23,FALSE,24403850.7770867
"Glutamate","Sample_011901",278593.929538039,23859632.3966523,24,FALSE,17605061.3942406
"Glutamate","QC_S_3",277067.209525851,24798758.5710545,25,TRUE,17646969.9916568
"Glutamate","Sample_011822",454284.422505827,36941029.058085,27,FALSE,28173976.3707392
"Glutamate","Sample_011862",479181.566721053,37070047.9201314,28,FALSE,29324593.0121399
"Glutamate","Sample_011867",500482.366230996,37432341.8088688,29,FALSE,30755833.3081296
"Glutamate","Sample_011872",451293.569316061,32535835.7710325,30,FALSE,27807603.4523257
"Glutamate","Sample_011832",360527.130232792,25510859.6945869,31,FALSE,22716977.2424357
"Glutamate","Sample_011837",508689.466230811,34343279.7655278,32,FALSE,31919347.2651434
"Glutamate","Sample_011842",539001.855063668,35034564.3479183,33,FALSE,34050768.3645389
"Glutamate","Sample_011892",679361.487984026,42507199.8569585,34,FALSE,43293197.3063722
"Glutamate","Sample_011897",500180.295586427,30272980.3680759,35,FALSE,32384531.8829714
"Glutamate","Sample_011902",609713.550195906,35461440.2039191,36,FALSE,39945287.7500887
"Glutamate","QC_S_4",277067.209525851,14835861.0077144,37,TRUE,17646969.9916568
"Glutamate","Sample_011823",474291.102435531,27176240.5407976,39,FALSE,30871523.8524384
"Glutamate","Sample_011863",646635.346667098,37865020.8348601,40,FALSE,42067555.3202482
"Glutamate","Sample_011868",606790.811964401,36252947.90468,41,FALSE,39409685.571657
"Glutamate","Sample_011873",338614.473593502,20344054.9267063,42,FALSE,21649554.4224999
"Glutamate","Sample_011833",462046.326672978,28521223.1556206,43,FALSE,29725161.8549332
"Glutamate","Sample_011838",565113.478053066,35456495.1848684,44,FALSE,36206078.2084933
"Glutamate","Sample_011843",566056.927117623,36033436.1485934,45,FALSE,36066044.5910443
"Glutamate","Sample_011893",503613.888106236,32884251.7383917,46,FALSE,32274427.2612699
"Glutamate","Sample_011898",603842.496597647,39661993.3769284,47,FALSE,38184480.0441181
"Glutamate","Sample_011903",479713.185622939,32417077.4143372,48,FALSE,30625683.6075948
"Glutamate","QC_S_5",277067.209525851,19028591.7147898,49,TRUE,17646969.9916568
"Glutamate","Sample_011824",584831.145246428,41016546.0625435,51,FALSE,36794423.2769773
"Glutamate","Sample_011864",512722.93046006,36266660.0379226,52,FALSE,32010049.0505921
"Glutamate","Sample_011869",462883.318722108,33102962.97409,53,FALSE,28755037.8741496
"Glutamate","Sample_011874",447126.596250185,32811958.3145441,54,FALSE,28057981.4685188
"Glutamate","Sample_011834",405255.204664064,29990235.632237,55,FALSE,25251482.430275
"Glutamate","Sample_011839",433334.430751011,32183493.5733423,56,FALSE,26688565.5020276
"Glutamate","Sample_011844",296836.481462873,23156240.5066134,57,FALSE,18916656.9236441
"Glutamate","Sample_011894",515746.700316104,39264363.5442206,58,FALSE,31604978.566936
"Glutamate","Sample_011899",476366.679912668,36801120.5606992,59,FALSE,29193898.1738609
"Glutamate","Sample_011904",492172.51077814,38206145.3093332,60,FALSE,29876464.1899629
"Glutamate","QC_S_6",277067.209525851,22888692.9203714,61,TRUE,17646969.9916568
"Glutamine","QC_S_1",37940101.3227113,207261015.055115,1,TRUE,276689943.23642
"Glutamine","Sample_011820",38111857.0961751,270009255.055033,3,FALSE,337120921.131394
"Glutamine","Sample_011860",46623167.5772251,345986770.656944,4,FALSE,418437589.618449
"Glutamine","Sample_011865",43132568.9440161,291420422.900642,5,FALSE,341729552.331921
"Glutamine","Sample_011870",36357688.30086,263767486.958955,6,FALSE,300176567.557035
"Glutamine","Sample_011830",40334238.2542325,294975764.448509,7,FALSE,326071686.313467
"Glutamine","Sample_011835",43858718.7015638,312508705.079579,8,FALSE,335828058.510034
"Glutamine","Sample_011840",41261430.3123599,307435592.237891,9,FALSE,321421089.848415
"Glutamine","Sample_011890",39544060.284853,294344184.501266,10,FALSE,299612733.065913
"Glutamine","Sample_011895",36583235.6844806,278105771.463166,11,FALSE,275804898.522598
"Glutamine","Sample_011900",36874567.1716815,283124300.85655,12,FALSE,273743305.335581
"Glutamine","QC_S_2",37940101.3227113,293345636.470684,13,TRUE,276689943.23642
"Glutamine","Sample_011821",37424685.5573309,290088674.348273,15,FALSE,275175477.047157
"Glutamine","Sample_011861",53434754.2381436,402460087.488101,16,FALSE,382859692.165934
"Glutamine","Sample_011866",39960818.0000302,297094240.780665,17,FALSE,283434344.596717
"Glutamine","Sample_011871",38896681.0917747,288838203.167893,18,FALSE,276348967.62464
"Glutamine","Sample_011831",41264879.0939421,307600122.156783,19,FALSE,295146926.882705
"Glutamine","Sample_011836",37087901.4157116,273095450.42515,20,FALSE,262795774.051346
"Glutamine","Sample_011841",41501139.6728673,301788525.692906,21,FALSE,291247634.029836
"Glutamine","Sample_011891",39774458.1227003,301733252.161806,22,FALSE,292039952.092786
"Glutamine","Sample_011896",39852652.0627586,289501410.595718,23,FALSE,281017168.762416
"Glutamine","Sample_011901",40381633.9103453,300130909.712159,24,FALSE,292186168.567974
"Glutamine","QC_S_3",37940101.3227113,283383121.900564,25,TRUE,276689943.23642
"Glutamine","Sample_011822",38308548.5567124,282247114.716392,27,FALSE,272035680.354689
"Glutamine","Sample_011862",38558173.9201648,282128077.778678,28,FALSE,270183124.424141
"Glutamine","Sample_011867",36627994.6124532,270842324.317562,29,FALSE,257728075.70433
"Glutamine","Sample_011872",38857148.3324315,289927366.565577,30,FALSE,274148082.845787
"Glutamine","Sample_011832",39946926.2315033,306719742.537659,31,FALSE,288207866.401175
"Glutamine","Sample_011837",36923794.3326017,284098001.025371,32,FALSE,265287906.084874
"Glutamine","Sample_011842",37777340.8454778,294460197.260291,33,FALSE,273261163.071925
"Glutamine","Sample_011892",35387807.1788162,279970485.183231,34,FALSE,258215471.681373
"Glutamine","Sample_011897",36284593.2793396,293452636.23978,35,FALSE,268994360.875167
"Glutamine","Sample_011902",34215092.3401654,281715493.914105,36,FALSE,256665380.994177
"Glutamine","QC_S_4",37940101.3227113,305540901.66584,37,TRUE,276689943.23642
"Glutamine","Sample_011823",36466009.25994,297345697.767444,39,FALSE,271776060.535044
"Glutamine","Sample_011863",35727289.2722489,289815355.036754,40,FALSE,266132413.047752
"Glutamine","Sample_011868",35026984.9648696,282334452.561688,41,FALSE,260481330.304634
"Glutamine","Sample_011873",36013276.3754342,284418138.358357,42,FALSE,263642821.198419
"Glutamine","Sample_011833",38489515.6672119,304422495.733431,43,FALSE,283524781.083157
"Glutamine","Sample_011838",36882004.5463439,289128251.413577,44,FALSE,270564122.9672
"Glutamine","Sample_011843",38143967.695531,295950581.964802,45,FALSE,278274969.11698
"Glutamine","Sample_011893",36986828.412114,287261639.264986,46,FALSE,271404978.566361
"Glutamine","Sample_011898",36310339.7481982,276928673.004315,47,FALSE,262907751.617183
"Glutamine","Sample_011903",38274875.7348273,293282993.949264,48,FALSE,279787170.653889
"Glutamine","QC_S_5",37940101.3227113,288626865.55778,49,TRUE,276689943.23642
"Glutamine","Sample_011824",37047901.7408998,277331235.009122,51,FALSE,266885509.643671
"Glutamine","Sample_011864",36840938.1376777,273137125.744493,52,FALSE,263356566.255956
"Glutamine","Sample_011869",36699045.5420796,270212113.612115,53,FALSE,261039996.366124
"Glutamine","Sample_011874",38162569.424322,283289652.517668,54,FALSE,274203755.915441
"Glutamine","Sample_011834",39345623.6033591,289454174.903726,55,FALSE,280714329.509596
"Glutamine","Sample_011839",40474058.0594511,293738030.240811,56,FALSE,285422795.647927
"Glutamine","Sample_011844",38284259.7278848,286934920.036571,57,FALSE,279355507.403058
"Glutamine","Sample_011894",36501659.7080358,262555239.300192,58,FALSE,256118839.607663
"Glutamine","Sample_011899",36193538.343313,259849646.830355,59,FALSE,253975384.411736
"Glutamine","Sample_011904",37033194.794014,262840981.280938,60,FALSE,257402580.207725
"Glutamine","QC_S_6",37940101.3227113,281982118.768538,61,TRUE,276689943.23642
"Glycerol-3P","QC_S_1",209.05666645873,251642.529597373,1,TRUE,525470.080635363
"Glycerol-3P","Sample_011820",421.167423696143,668412.404755655,3,FALSE,1284013.08606085
"Glycerol-3P","Sample_011860",652.914527314984,1093439.0717702,4,FALSE,2019641.71116079
"Glycerol-3P","Sample_011865",276.066249341205,423839.34697675,5,FALSE,753840.752437051
"Glycerol-3P","Sample_011870",614.591964825534,1019723.94351405,6,FALSE,1748865.80964024
"Glycerol-3P","Sample_011830",442.034410872949,743806.531386376,7,FALSE,1231641.72507254
"Glycerol-3P","Sample_011835",439.428102470233,724512.139262402,8,FALSE,1159679.4212767
"Glycerol-3P","Sample_011840",450.855929283237,781471.975399136,9,FALSE,1210478.16664258
"Glycerol-3P","Sample_011890",556.394676764372,968285.801840115,10,FALSE,1452951.29772105
"Glycerol-3P","Sample_011895",575.104041461851,1027020.5538425,11,FALSE,1494360.44719851
"Glycerol-3P","Sample_011900",484.268180302866,877378.959315562,12,FALSE,1239057.8789246
"Glycerol-3P","QC_S_2",209.05666645873,383035.672786018,13,TRUE,525470.080635363
"Glycerol-3P","Sample_011821",367.491891535833,801661.813305024,15,FALSE,931297.4488261
"Glycerol-3P","Sample_011861",431.163488449857,986736.201939389,16,FALSE,1064748.14169011
"Glycerol-3P","Sample_011866",361.379606182158,876945.628621059,17,FALSE,883427.326053011
"Glycerol-3P","Sample_011871",315.104038410963,816803.856528579,18,FALSE,771593.13267194
"Glycerol-3P","Sample_011831",278.725507727363,772667.410533971,19,FALSE,687105.599992834
"Glycerol-3P","Sample_011836",264.003621767215,767535.411231056,20,FALSE,644740.699856603
"Glycerol-3P","Sample_011841",220.163226081115,669051.677057579,21,FALSE,532520.397425544
"Glycerol-3P","Sample_011891",219.948373406153,736010.014189912,22,FALSE,556605.938600749
"Glycerol-3P","Sample_011896",294.469824903996,993511.394145506,23,FALSE,715657.96422368
"Glycerol-3P","Sample_011901",234.453127469192,850235.078571067,24,FALSE,584683.557615229
"Glycerol-3P","QC_S_3",209.05666645873,798772.790197946,25,TRUE,525470.080635363
"Glycerol-3P","Sample_011822",177.463643520697,591913.601922821,27,FALSE,434338.823305213
"Glycerol-3P","Sample_011862",292.34632262248,906647.540417099,28,FALSE,706038.658580091
"Glycerol-3P","Sample_011867",309.302145526931,904228.82509934,29,FALSE,750102.488550486
"Glycerol-3P","Sample_011872",251.80497073996,689953.882148323,30,FALSE,612304.810094755
"Glycerol-3P","Sample_011832",278.683941241859,726355.196228138,31,FALSE,692984.452078686
"Glycerol-3P","Sample_011837",287.244810180572,689601.731091994,32,FALSE,711299.336480683
"Glycerol-3P","Sample_011842",280.741337499427,623505.070847731,33,FALSE,699909.64246634
"Glycerol-3P","Sample_011892",472.513717962279,965123.567841796,34,FALSE,1188316.46333619
"Glycerol-3P","Sample_011897",448.413237877432,840425.380610075,35,FALSE,1145746.2003915
"Glycerol-3P","Sample_011902",592.460815429207,1003103.74647693,36,FALSE,1531786.70140296
"Glycerol-3P","QC_S_4",209.05666645873,302775.512616145,37,TRUE,525470.080635363
"Glycerol-3P","Sample_011823",363.485610373942,656657.550463319,39,FALSE,933682.605863544
"Glycerol-3P","Sample_011863",472.037389687971,929335.444802795,40,FALSE,1211889.96610315
"Glycerol-3P","Sample_011868",411.20983165519,875210.477351895,41,FALSE,1053965.55830094
"Glycerol-3P","Sample_011873",236.565720539682,533588.019595325,42,FALSE,596889.877898459
"Glycerol-3P","Sample_011833",254.427492467684,618499.003293868,43,FALSE,645954.160059197
"Glycerol-3P","Sample_011838",250.957359158214,647873.40183632,44,FALSE,634519.116739587
"Glycerol-3P","Sample_011843",212.55604913071,579667.269888423,45,FALSE,534454.613791356
"Glycerol-3P","Sample_011893",341.252240195275,990905.45459893,46,FALSE,863048.719724397
"Glycerol-3P","Sample_011898",312.061592809699,943617.101331085,47,FALSE,778757.932823592
"Glycerol-3P","Sample_011903",259.59081593134,834038.119281125,48,FALSE,654022.086487463
"Glycerol-3P","QC_S_5",209.05666645873,703496.267114899,49,TRUE,525470.080635363
"Glycerol-3P","Sample_011824",176.047761093748,586518.262940799,51,FALSE,437100.163583639
"Glycerol-3P","Sample_011864",265.107438797302,877440.31131746,52,FALSE,653167.351583956
"Glycerol-3P","Sample_011869",246.442220358684,812534.074432897,53,FALSE,604166.279908951
"Glycerol-3P","Sample_011874",229.325841435923,764635.400701204,54,FALSE,567907.849915994
"Glycerol-3P","Sample_011834",190.549604905617,631586.282542859,55,FALSE,468560.081189297
"Glycerol-3P","Sample_011839",164.081974570078,538170.124772945,56,FALSE,398806.164913703
"Glycerol-3P","Sample_011844",217.560687522694,739186.419156226,57,FALSE,547150.109682364
"Glycerol-3P","Sample_011894",288.280146828753,942908.249758301,58,FALSE,697160.435100665
"Glycerol-3P","Sample_011899",252.233540716266,825995.862281785,59,FALSE,610031.84155888
"Glycerol-3P","Sample_011904",263.617372925328,856048.382328599,60,FALSE,631516.683600736
"Glycerol-3P","QC_S_6",209.05666645873,713097.711499795,61,TRUE,525470.080635363
"Glycine","QC_S_1",3.14248779910869,48536.3500955815,1,TRUE,68132.2735704778
"Glycine","Sample_011820",4.95245612925715,100028.966283693,3,FALSE,130235.872566302
"Glycine","Sample_011860",5.765551980928,122436.693572796,4,FALSE,153834.661787598
"Glycine","Sample_011865",3.37796990714186,65539.8403376974,5,FALSE,79564.1417195137
"Glycine","Sample_011870",5.15073520201867,107660.516574679,6,FALSE,126425.34346437
"Glycine","Sample_011830",4.90331363046873,103634.792753955,7,FALSE,117845.579544328
"Glycine","Sample_011835",3.70763892369888,76571.9519342331,8,FALSE,84400.0813267967
"Glycine","Sample_011840",4.8088801459555,104138.369917351,9,FALSE,111367.491462265
"Glycine","Sample_011890",4.73696668855079,102744.001980961,10,FALSE,106699.830836404
"Glycine","Sample_011895",5.150707522191,114377.651689098,11,FALSE,115443.940808158
"Glycine","Sample_011900",5.65912415798593,127219.742412672,12,FALSE,124896.477865923
"Glycine","QC_S_2",3.14248779910869,71296.3000323986,13,TRUE,68132.2735704778
"Glycine","Sample_011821",4.61944442187587,106555.33081432,15,FALSE,100977.754262344
"Glycine","Sample_011861",4.240860540572,95721.6158894216,16,FALSE,90334.6183517807
"Glycine","Sample_011866",4.98742414466559,111900.869190365,17,FALSE,105166.834300521
"Glycine","Sample_011871",4.70652093591081,106212.536100566,18,FALSE,99409.9118515731
"Glycine","Sample_011831",4.21152406030646,96075.2516486457,19,FALSE,89553.2534540433
"Glycine","Sample_011836",4.50841318129936,102306.01236186,20,FALSE,94971.7021170746
"Glycine","Sample_011841",4.71345820199403,106366.019219972,21,FALSE,98339.1469337257
"Glycine","Sample_011891",3.21773982849181,76280.2554812579,22,FALSE,70238.1908119238
"Glycine","Sample_011896",4.18230125607873,95602.529898145,23,FALSE,87674.9107085188
"Glycine","Sample_011901",3.78750844973063,89198.1789468314,24,FALSE,81473.0116302741
"Glycine","QC_S_3",3.14248779910869,74892.1426250689,25,TRUE,68132.2735704778
"Glycine","Sample_011822",4.35481949964447,98815.3889608918,27,FALSE,91935.8138232793
"Glycine","Sample_011862",4.73485453766703,104813.609980747,28,FALSE,98635.3969020643
"Glycine","Sample_011867",5.23407289838704,115012.612927576,29,FALSE,109489.569977946
"Glycine","Sample_011872",4.79721719380009,104469.640296591,30,FALSE,100620.868830614
"Glycine","Sample_011832",4.03392505832399,88778.1581961637,31,FALSE,86523.6201360647
"Glycine","Sample_011837",4.83076456843752,104614.267781662,32,FALSE,103183.770675628
"Glycine","Sample_011842",5.60791928211547,120797.363801652,33,FALSE,120595.936755965
"Glycine","Sample_011892",5.11169175917357,109719.378133094,34,FALSE,110886.240514018
"Glycine","Sample_011897",5.48058401820758,118046.405982739,35,FALSE,120790.324987893
"Glycine","Sample_011902",4.72530673182235,101702.569697378,36,FALSE,105381.403184084
"Glycine","QC_S_4",3.14248779910869,64923.0373637531,37,TRUE,68132.2735704778
"Glycine","Sample_011823",3.37505927774372,73911.8863507053,39,FALSE,74780.5680225208
"Glycine","Sample_011863",5.28228247873086,117694.58479661,40,FALSE,116977.873183725
"Glycine","Sample_011868",4.75578322041353,107652.766495716,41,FALSE,105142.9817474
"Glycine","Sample_011873",2.81545145107603,63825.2256788479,42,FALSE,61275.343251644
"Glycine","Sample_011833",4.48907102017466,104143.391245392,43,FALSE,98308.1327798636
"Glycine","Sample_011838",4.5179499868832,106129.857869266,44,FALSE,98532.9541572538
"Glycine","Sample_011843",4.55725201722199,108215.068076677,45,FALSE,98840.6781948139
"Glycine","Sample_011893",4.27604904620017,103784.302621565,46,FALSE,93281.9870863631
"Glycine","Sample_011898",4.31410540039188,104967.172601941,47,FALSE,92864.1789829772
"Glycine","Sample_011903",4.34093152926111,108305.616139035,48,FALSE,94336.8425349496
"Glycine","QC_S_5",3.14248779910869,79429.7404227405,49,TRUE,68132.2735704778
"Glycine","Sample_011824",4.3179327396792,105610.869673167,51,FALSE,92474.426182086
"Glycine","Sample_011864",4.01812554253645,96508.7457043556,52,FALSE,85392.8219004445
"Glycine","Sample_011869",4.47020330345876,105710.857185334,53,FALSE,94528.7584780648
"Glycine","Sample_011874",4.52199226805934,106872.742329245,54,FALSE,96593.9666499882
"Glycine","Sample_011834",3.73909788743523,86805.5636700338,55,FALSE,79308.4346065813
"Glycine","Sample_011839",4.54453813004152,103151.20147281,56,FALSE,95276.5560631063
"Glycine","Sample_011844",3.29770494846943,76600.0700509917,57,FALSE,71537.4035353832
"Glycine","Sample_011894",4.51248738487595,99673.4712763623,58,FALSE,94130.2707349811
"Glycine","Sample_011899",4.19755122112015,91683.4319876795,59,FALSE,87567.102907832
"Glycine","Sample_011904",4.32723539816316,92557.1961959106,60,FALSE,89416.2868238069
"Glycine","QC_S_6",3.14248779910869,69716.070883324,61,TRUE,68132.2735704778
"Glyco_Bile_3OH","QC_S_1",0.497037034093776,11532.7171612232,1,TRUE,19737.9229017835
"Glyco_Bile_3OH","Sample_011820",1.91375784084481,57028.1735241904,3,FALSE,92178.6594363436
"Glyco_Bile_3OH","Sample_011860",2.09365845552227,65059.8854456908,4,FALSE,102318.122463398
"Glyco_Bile_3OH","Sample_011865",0.919165179525668,25896.048399124,5,FALSE,39654.1447414043
"Glyco_Bile_3OH","Sample_011870",1.48777358274245,44829.4373636474,6,FALSE,66885.9930610716
"Glyco_Bile_3OH","Sample_011830",2.36937506170841,71699.5493363388,7,FALSE,104301.572109218
"Glyco_Bile_3OH","Sample_011835",0.8324390971824,24455.8483906136,8,FALSE,34708.1383214591
"Glyco_Bile_3OH","Sample_011840",2.16733357433072,66357.8629424068,9,FALSE,91933.4716998482
"Glyco_Bile_3OH","Sample_011890",1.88952506537908,57608.8447347328,10,FALSE,77955.987154261
"Glyco_Bile_3OH","Sample_011895",1.57182226984539,48794.0351358618,11,FALSE,64526.9457664587
"Glyco_Bile_3OH","Sample_011900",2.46585857991541,77088.5101777258,12,FALSE,99678.7429477096
"Glyco_Bile_3OH","QC_S_2",0.497037034093776,15603.9817067742,13,TRUE,19737.9229017835
"Glyco_Bile_3OH","Sample_011821",1.5870510305614,58749.3292269094,15,FALSE,63541.9108118701
"Glyco_Bile_3OH","Sample_011861",1.92942075125516,74643.2382711941,16,FALSE,75276.7023917365
"Glyco_Bile_3OH","Sample_011866",1.92432127433146,78676.0931664791,17,FALSE,74321.3340758424
"Glyco_Bile_3OH","Sample_011871",1.41155532955934,61467.5712186108,18,FALSE,54608.5968577735
"Glyco_Bile_3OH","Sample_011831",1.56470440799223,72678.6269976398,19,FALSE,60940.7515673438
"Glyco_Bile_3OH","Sample_011836",1.38334250788522,67231.5653572157,20,FALSE,53374.479253035
"Glyco_Bile_3OH","Sample_011841",1.23921011930994,62822.4097256203,21,FALSE,47354.9241509413
"Glyco_Bile_3OH","Sample_011891",0.431134850343085,24022.534034643,22,FALSE,17237.2880120928
"Glyco_Bile_3OH","Sample_011896",1.03666598515882,58140.3180468979,23,FALSE,39804.5104045145
"Glyco_Bile_3OH","Sample_011901",0.427428499244963,25726.6015349993,24,FALSE,16840.5803337261
"Glyco_Bile_3OH","QC_S_3",0.497037034093776,31475.3568111187,25,TRUE,19737.9229017835
"Glyco_Bile_3OH","Sample_011822",0.828569256118995,45975.4184995569,27,FALSE,32038.8411030205
"Glyco_Bile_3OH","Sample_011862",1.10884511437713,57334.8665060969,28,FALSE,42308.7758954325
"Glyco_Bile_3OH","Sample_011867",1.15955874126109,56660.052685243,29,FALSE,44428.2446735311
"Glyco_Bile_3OH","Sample_011872",1.35153685557497,62072.8877891287,30,FALSE,51923.0257299114
"Glyco_Bile_3OH","Sample_011832",0.987646520434367,43287.9150875258,31,FALSE,38800.9011379586
"Glyco_Bile_3OH","Sample_011837",1.73398336221156,70267.0732350246,32,FALSE,67838.1297031345
"Glyco_Bile_3OH","Sample_011842",1.47963058736572,55713.5694512166,33,FALSE,58279.7445815735
"Glyco_Bile_3OH","Sample_011892",1.34384329721107,46780.4157710176,34,FALSE,53394.3186746133
"Glyco_Bile_3OH","Sample_011897",1.9397373637353,62352.6726863183,35,FALSE,78303.5873392841
"Glyco_Bile_3OH","Sample_011902",2.38423947265876,69776.2063521013,36,FALSE,97390.6498218815
"Glyco_Bile_3OH","QC_S_4",0.497037034093776,12565.554895474,37,TRUE,19737.9229017835
"Glyco_Bile_3OH","Sample_011823",1.07460504664805,31073.6073022761,39,FALSE,43610.3576437759
"Glyco_Bile_3OH","Sample_011863",1.66461283125506,50672.1329376161,40,FALSE,67519.4280328171
"Glyco_Bile_3OH","Sample_011868",1.73056532708372,55251.7841101936,41,FALSE,70077.6701632689
"Glyco_Bile_3OH","Sample_011873",0.668116729714142,22009.429388021,42,FALSE,26633.2075990829
"Glyco_Bile_3OH","Sample_011833",1.65717197448183,57454.0822762024,43,FALSE,66471.2688409945
"Glyco_Bile_3OH","Sample_011838",1.90169746024673,68543.3406309339,44,FALSE,75965.2425723404
"Glyco_Bile_3OH","Sample_011843",1.15769382113779,43241.868492148,45,FALSE,45989.6181801147
"Glyco_Bile_3OH","Sample_011893",0.76504662957238,29902.4776561461,46,FALSE,30568.6623474507
"Glyco_Bile_3OH","Sample_011898",1.42972735805917,57280.4818948073,47,FALSE,56369.49153199
"Glyco_Bile_3OH","Sample_011903",1.38937816348263,58296.2138082562,48,FALSE,55303.4579585841
"Glyco_Bile_3OH","QC_S_5",0.497037034093776,21555.1792542863,49,TRUE,19737.9229017835
"Glyco_Bile_3OH","Sample_011824",1.25281667338001,55385.9706670438,51,FALSE,49143.5713789681
"Glyco_Bile_3OH","Sample_011864",1.1190992390337,49855.8397936603,52,FALSE,43561.2047171931
"Glyco_Bile_3OH","Sample_011869",1.38560735883937,62360.3068684774,53,FALSE,53667.3656523881
"Glyco_Bile_3OH","Sample_011874",1.34858860821365,62232.1214893102,54,FALSE,52763.4384929551
"Glyco_Bile_3OH","Sample_011834",0.840688264526489,39092.2477212211,55,FALSE,32660.3583643726
"Glyco_Bile_3OH","Sample_011839",1.21412575741297,56618.5392516824,56,FALSE,46622.2672183386
"Glyco_Bile_3OH","Sample_011844",0.7921403367802,38772.8576776512,57,FALSE,31474.3611495975
"Glyco_Bile_3OH","Sample_011894",0.74346816115376,35489.3609068198,58,FALSE,28405.9356882315
"Glyco_Bile_3OH","Sample_011899",0.959795514713666,46460.0194438809,59,FALSE,36673.9012373145
"Glyco_Bile_3OH","Sample_011904",1.18431747124107,57567.9111084157,60,FALSE,44823.6959747767
"Glyco_Bile_3OH","QC_S_6",0.497037034093776,25694.7475818245,61,TRUE,19737.9229017835
"Glyco_BileOH","QC_S_1",48.148499987468,111250.048039136,1,TRUE,159141.010960299
"Glyco_BileOH","Sample_011820",199.10259784959,566798.115364796,3,FALSE,798191.287870429
"Glyco_BileOH","Sample_011860",212.377466480125,618194.782806086,4,FALSE,863856.915432922
"Glyco_BileOH","Sample_011865",70.5804162041248,182761.911117878,5,FALSE,253434.590751921
"Glyco_BileOH","Sample_011870",232.257623242306,631517.821095441,6,FALSE,869070.414651387
"Glyco_BileOH","Sample_011830",289.739771908975,777263.452430657,7,FALSE,1061577.74916731
"Glyco_BileOH","Sample_011835",75.0112406498546,192030.146258205,8,FALSE,260310.598297398
"Glyco_BileOH","Sample_011840",280.457204281195,735894.459799413,9,FALSE,990150.370464475
"Glyco_BileOH","Sample_011890",357.443933189672,919006.641576581,10,FALSE,1227414.92547939
"Glyco_BileOH","Sample_011895",262.363054560467,676150.741654579,11,FALSE,896451.920459436
"Glyco_BileOH","Sample_011900",264.132753592476,675189.766139359,12,FALSE,888675.684755991
"Glyco_BileOH","QC_S_2",48.148499987468,121788.920042724,13,TRUE,159141.010960299
"Glyco_BileOH","Sample_011821",323.348187118994,947216.461095171,15,FALSE,1077522.7824722
"Glyco_BileOH","Sample_011861",168.706701570034,512754.056084939,16,FALSE,547838.59778785
"Glyco_BileOH","Sample_011866",184.174846334143,587808.144555948,17,FALSE,592042.499422345
"Glyco_BileOH","Sample_011871",251.325919324991,849508.56979318,18,FALSE,809258.07795224
"Glyco_BileOH","Sample_011831",323.294805537387,1159744.18219532,19,FALSE,1047999.02464408
"Glyco_BileOH","Sample_011836",153.91434244992,575098.622843164,20,FALSE,494276.168659945
"Glyco_BileOH","Sample_011841",176.882340687402,686587.36869656,21,FALSE,562589.111633649
"Glyco_BileOH","Sample_011891",42.3062367089168,179820.180379874,22,FALSE,140781.910619907
"Glyco_BileOH","Sample_011896",297.94093155016,1270359.2150016,23,FALSE,952160.718752391
"Glyco_BileOH","Sample_011901",50.9800090021315,232557.734245919,24,FALSE,167178.389496837
"Glyco_BileOH","QC_S_3",48.148499987468,230430.609307637,25,TRUE,159141.010960299
"Glyco_BileOH","Sample_011822",171.700659044099,726399.793473111,27,FALSE,552594.550338227
"Glyco_BileOH","Sample_011862",162.564644964281,644198.14358217,28,FALSE,516264.573710484
"Glyco_BileOH","Sample_011867",151.185314548784,569435.335923788,29,FALSE,482128.33987395
"Glyco_BileOH","Sample_011872",187.967059204633,669774.729648672,30,FALSE,601036.016970218
"Glyco_BileOH","Sample_011832",180.139599420787,617093.941131696,31,FALSE,589028.242241937
"Glyco_BileOH","Sample_011837",195.60234379933,624779.428324292,32,FALSE,636926.980316635
"Glyco_BileOH","Sample_011842",205.91292953447,617134.410233472,33,FALSE,675047.927582438
"Glyco_BileOH","Sample_011892",210.717976593996,590566.185275439,34,FALSE,696842.545974409
"Glyco_BileOH","Sample_011897",423.625482895831,1111296.84941806,35,FALSE,1423336.07302254
"Glyco_BileOH","Sample_011902",289.08940510398,701801.926250816,36,FALSE,982847.680466099
"Glyco_BileOH","QC_S_4",48.148499987468,103016.742131368,37,TRUE,159141.010960299
"Glyco_BileOH","Sample_011823",84.6940134270778,204031.038740131,39,FALSE,286075.152216037
"Glyco_BileOH","Sample_011863",300.299057765857,756450.306086922,40,FALSE,1013808.9899595
"Glyco_BileOH","Sample_011868",206.07269578435,541108.05885644,41,FALSE,694542.39571325
"Glyco_BileOH","Sample_011873",75.8892765353015,204459.553828564,42,FALSE,251789.834324032
"Glyco_BileOH","Sample_011833",307.011897137461,866056.540582289,43,FALSE,1024963.13646031
"Glyco_BileOH","Sample_011838",214.835771960601,627065.716152944,44,FALSE,714277.139954355
"Glyco_BileOH","Sample_011843",188.132874819763,566578.687509683,45,FALSE,622038.738949186
"Glyco_BileOH","Sample_011893",179.206375007418,562470.307064197,46,FALSE,595975.813962796
"Glyco_BileOH","Sample_011898",245.740916700084,787634.652529448,47,FALSE,806408.349213093
"Glyco_BileOH","Sample_011903",276.728572677159,925650.195082719,48,FALSE,916795.500635497
"Glyco_BileOH","QC_S_5",48.148499987468,165919.980594137,49,TRUE,159141.010960299
"Glyco_BileOH","Sample_011824",201.093840853991,723374.7804121,51,FALSE,656545.170065196
"Glyco_BileOH","Sample_011864",178.606749607532,654676.326688051,52,FALSE,578649.790641038
"Glyco_BileOH","Sample_011869",155.089929706977,580451.548900239,53,FALSE,499965.857489909
"Glyco_BileOH","Sample_011874",287.938786190325,1116345.22012508,54,FALSE,937649.280015163
"Glyco_BileOH","Sample_011834",239.328491160275,944254.614054842,55,FALSE,773868.225732083
"Glyco_BileOH","Sample_011839",184.61572259285,737421.119952599,56,FALSE,590044.888965774
"Glyco_BileOH","Sample_011844",55.7324601861645,235800.63772109,57,FALSE,184310.32347771
"Glyco_BileOH","Sample_011894",128.473664722696,534779.953139998,58,FALSE,408552.13948061
"Glyco_BileOH","Sample_011899",133.076283302221,566504.772212114,59,FALSE,423219.538939414
"Glyco_BileOH","Sample_011904",151.852829179208,654462.542758642,60,FALSE,478353.622493737
"Glyco_BileOH","QC_S_6",48.148499987468,222439.765646791,61,TRUE,159141.010960299
"Glycolate","QC_S_1",2995.34431028571,10521417.7034134,1,TRUE,4237819.4331827
"Glycolate","Sample_011820",243.463777625635,926720.597790721,3,FALSE,417792.615024228
"Glycolate","Sample_011860",62.8311866129231,228183.483990634,4,FALSE,109396.892702405
"Glycolate","Sample_011865",1043.01274844114,3131750.69148221,5,FALSE,1603125.92871605
"Glycolate","Sample_011870",138.347294069715,403566.661175807,6,FALSE,221590.94193933
"Glycolate","Sample_011830",127.349540008456,337323.364760131,7,FALSE,199727.294886514
"Glycolate","Sample_011835",1415.61103323406,3273310.5925158,8,FALSE,2102837.85643874
"Glycolate","Sample_011840",155.905151127532,335580.296239536,9,FALSE,235608.722532871
"Glycolate","Sample_011890",451.081480294079,856643.2370147,10,FALSE,663032.493967688
"Glycolate","Sample_011895",205.373951796855,348347.889472127,11,FALSE,300376.553161069
"Glycolate","Sample_011900",257.440790832943,380920.491876067,12,FALSE,370761.59824571
"Glycolate","QC_S_2",2995.34431028571,3793255.82440179,13,TRUE,4237819.4331827
"Glycolate","Sample_011821",1148.81008071963,1385379.70683043,15,FALSE,1638704.38174096
"Glycolate","Sample_011861",147.742131298592,168514.115468815,16,FALSE,205362.431852001
"Glycolate","Sample_011866",352.029559683785,385444.791146914,17,FALSE,484393.208934886
"Glycolate","Sample_011871",888.531128928335,944078.79714527,18,FALSE,1224669.09122968
"Glycolate","Sample_011831",855.762701454651,885881.11648275,19,FALSE,1187440.48448732
"Glycolate","Sample_011836",321.14951320113,318383.151883752,20,FALSE,441462.882379027
"Glycolate","Sample_011841",372.579657376957,353227.823301961,21,FALSE,507250.32162725
"Glycolate","Sample_011891",3166.14780218725,3028490.30774326,22,FALSE,4509931.97009261
"Glycolate","Sample_011896",1204.3962319787,1065444.59520882,23,FALSE,1647577.39115531
"Glycolate","Sample_011901",3129.83536588952,2731936.38851034,24,FALSE,4393372.92313657
"Glycolate","QC_S_3",2995.34431028571,2529931.33312732,25,TRUE,4237819.4331827
"Glycolate","Sample_011822",1574.74467377503,1415852.73793612,27,FALSE,2169407.46255066
"Glycolate","Sample_011862",412.01281109122,381122.090182933,28,FALSE,560084.160860813
"Glycolate","Sample_011867",356.006273402509,344211.067918314,29,FALSE,485967.302794309
"Glycolate","Sample_011872",312.880804031901,315244.75034851,30,FALSE,428246.691191473
"Glycolate","Sample_011832",1312.35780835365,1403280.07982155,31,FALSE,1836857.77792897
"Glycolate","Sample_011837",303.239932793204,334661.311158565,32,FALSE,422666.988504607
"Glycolate","Sample_011842",284.706046025147,327455.86164289,33,FALSE,399525.061491065
"Glycolate","Sample_011892",252.966563461849,303460.318547881,34,FALSE,358090.284829888
"Glycolate","Sample_011897",763.61623737601,961254.358140231,35,FALSE,1098239.04557013
"Glycolate","Sample_011902",266.350034692629,350055.927291241,36,FALSE,387617.2941068
"Glycolate","QC_S_4",2995.34431028571,3945091.02725475,37,TRUE,4237819.4331827
"Glycolate","Sample_011823",2458.5631689142,3178989.21717672,39,FALSE,3554717.90477654
"Glycolate","Sample_011863",218.191725243896,276207.714979207,40,FALSE,315309.30763934
"Glycolate","Sample_011868",393.027268879414,486319.445364486,41,FALSE,567018.642540433
"Glycolate","Sample_011873",2723.58896747735,3246738.12142827,42,FALSE,3868082.17547924
"Glycolate","Sample_011833",888.466230902065,1042467.21228628,43,FALSE,1269668.40472993
"Glycolate","Sample_011838",331.387748282932,378590.305726863,44,FALSE,471620.797707879
"Glycolate","Sample_011843",531.268215811973,589817.782479757,45,FALSE,751904.909721629
"Glycolate","Sample_011893",897.46895249754,978785.606832201,46,FALSE,1277588.39996305
"Glycolate","Sample_011898",357.121945935484,375128.907360285,47,FALSE,501637.999386444
"Glycolate","Sample_011903",1169.50932369554,1209878.08586204,48,FALSE,1658511.56713909
"Glycolate","QC_S_5",2995.34431028571,3013872.10709574,49,TRUE,4237819.4331827
"Glycolate","Sample_011824",886.913540168264,813723.016740902,51,FALSE,1239491.27183594
"Glycolate","Sample_011864",417.803069214173,364538.076350509,52,FALSE,579409.892088373
"Glycolate","Sample_011869",490.00953409273,406927.82989607,53,FALSE,676172.687925285
"Glycolate","Sample_011874",1113.53511456988,891672.93669353,54,FALSE,1552174.40540509
"Glycolate","Sample_011834",1003.78927134106,760145.679207534,55,FALSE,1389349.49713493
"Glycolate","Sample_011839",478.095737165718,339975.071801975,56,FALSE,654075.054269314
"Glycolate","Sample_011844",2309.0369784965,1609603.12474979,57,FALSE,3268651.967046
"Glycolate","Sample_011894",512.649036085808,324555.910435346,58,FALSE,697830.372469419
"Glycolate","Sample_011899",594.756406895943,354426.339592756,59,FALSE,809655.969166209
"Glycolate","Sample_011904",583.867133171026,323109.714914803,60,FALSE,787293.29795383
"Glycolate","QC_S_6",2995.34431028571,1623348.60380317,61,TRUE,4237819.4331827
"Glyoxylate","QC_S_1",25.1769303716014,73519.7778953325,1,TRUE,204846.136468365
"Glyoxylate","Sample_011820",62.5499976191404,250776.418936695,3,FALSE,617281.130876067
"Glyoxylate","Sample_011860",73.4736203769209,316298.085436128,4,FALSE,735682.5690184
"Glyoxylate","Sample_011865",35.4919500285645,142307.039031655,5,FALSE,313716.372358095
"Glyoxylate","Sample_011870",56.4744735675778,248284.808212339,6,FALSE,520190.991622224
"Glyoxylate","Sample_011830",42.7812781462927,193302.894959498,7,FALSE,385854.079499808
"Glyoxylate","Sample_011835",47.1072559881805,211130.445492771,8,FALSE,402419.443862307
"Glyoxylate","Sample_011840",49.5445591575982,236101.751455958,9,FALSE,430582.296576929
"Glyoxylate","Sample_011890",55.2385136980893,267088.171568214,10,FALSE,466929.272968744
"Glyoxylate","Sample_011895",43.7355129153094,219130.800081351,11,FALSE,367861.379461341
"Glyoxylate","Sample_011900",39.9957846794733,205167.732498381,12,FALSE,331253.829567022
"Glyoxylate","QC_S_2",25.1769303716014,131725.434242554,13,TRUE,204846.136468365
"Glyoxylate","Sample_011821",58.7717395058886,377599.286230307,15,FALSE,482114.533404743
"Glyoxylate","Sample_011861",53.3392610011716,363826.574240125,16,FALSE,426376.180154052
"Glyoxylate","Sample_011866",26.116919089409,190832.585600127,17,FALSE,206666.535138889
"Glyoxylate","Sample_011871",27.8442066073214,219262.532159287,18,FALSE,220704.027543112
"Glyoxylate","Sample_011831",29.674103851566,251839.960976411,19,FALSE,236791.119899576
"Glyoxylate","Sample_011836",29.0911331766909,260706.098776676,20,FALSE,229973.008333828
"Glyoxylate","Sample_011841",20.2717812861525,191051.629944103,21,FALSE,158717.350602777
"Glyoxylate","Sample_011891",21.5158498171647,224507.18087656,22,FALSE,176248.97974451
"Glyoxylate","Sample_011896",24.1494729849721,255315.759364229,23,FALSE,189982.410865088
"Glyoxylate","Sample_011901",23.6282837052406,269699.497355004,24,FALSE,190738.364171652
"Glyoxylate","QC_S_3",25.1769303716014,304004.106934839,25,TRUE,204846.136468365
"Glyoxylate","Sample_011822",24.9288383263105,277632.209263859,27,FALSE,197497.828112524
"Glyoxylate","Sample_011862",22.4591924798784,239941.21050452,28,FALSE,175576.347179181
"Glyoxylate","Sample_011867",22.5966983642155,235470.84826343,29,FALSE,177387.775883176
"Glyoxylate","Sample_011872",19.8433161485577,201218.85975153,30,FALSE,156191.951180929
"Glyoxylate","Sample_011832",22.8277793169246,229520.48587981,31,FALSE,183745.299858559
"Glyoxylate","Sample_011837",25.7165392719478,249417.658981361,32,FALSE,206135.961555553
"Glyoxylate","Sample_011842",20.2331587433469,191173.161695379,33,FALSE,163282.757976252
"Glyoxylate","Sample_011892",21.6084474987663,199065.508048108,34,FALSE,175906.660679662
"Glyoxylate","Sample_011897",28.6018475452174,258443.565704895,35,FALSE,236562.071385677
"Glyoxylate","Sample_011902",20.3355583337132,179268.932500211,36,FALSE,170190.686492059
"Glyoxylate","QC_S_4",25.1769303716014,207751.94678749,37,TRUE,204846.136468365
"Glyoxylate","Sample_011823",29.3314980031844,257717.509708188,39,FALSE,243886.249652885
"Glyoxylate","Sample_011863",23.6140105637273,211546.746718448,40,FALSE,196244.534008776
"Glyoxylate","Sample_011868",23.5556361508181,214827.926078349,41,FALSE,195433.402539341
"Glyoxylate","Sample_011873",28.7610110829848,263208.64311914,42,FALSE,234902.466210754
"Glyoxylate","Sample_011833",25.7333051219106,241463.244919344,43,FALSE,211482.413312828
"Glyoxylate","Sample_011838",27.2488865251423,259373.076123212,44,FALSE,223015.250307063
"Glyoxylate","Sample_011843",20.1195067829683,193934.204855315,45,FALSE,163755.433084581
"Glyoxylate","Sample_011893",34.5539755834004,341024.741706684,46,FALSE,282877.789756522
"Glyoxylate","Sample_011898",22.1090696398809,219105.819203913,47,FALSE,178596.793266112
"Glyoxylate","Sample_011903",30.7189830092552,312675.563678768,48,FALSE,250524.931140189
"Glyoxylate","QC_S_5",25.1769303716014,260020.404076278,49,TRUE,204846.136468365
"Glyoxylate","Sample_011824",26.2539240096811,266466.354575735,51,FALSE,211001.582757931
"Glyoxylate","Sample_011864",23.6806318994462,237890.862998308,52,FALSE,188858.644326781
"Glyoxylate","Sample_011869",17.4446884029457,173927.341483977,53,FALSE,138434.906717152
"Glyoxylate","Sample_011874",25.7101505852701,258268.376600985,54,FALSE,206096.455530016
"Glyoxylate","Sample_011834",26.142680627506,260090.594341348,55,FALSE,208088.642684298
"Glyoxylate","Sample_011839",22.9836608632719,225429.179973403,56,FALSE,180826.143706961
"Glyoxylate","Sample_011844",26.3750329231757,266979.996042382,57,FALSE,214713.872534235
"Glyoxylate","Sample_011894",21.7854556445526,211500.328697074,58,FALSE,170539.769533899
"Glyoxylate","Sample_011899",24.2013090558745,234357.426132513,59,FALSE,189465.243380479
"Glyoxylate","Sample_011904",25.2736683930492,241785.409474863,60,FALSE,195983.771052028
"Glyoxylate","QC_S_6",25.1769303716014,252055.148873699,61,TRUE,204846.136468365
"GMP","QC_S_1",0.962100068583274,40945.4548343949,1,TRUE,47330.139729167
"GMP","Sample_011820",0.811831597062963,47204.8851063267,3,FALSE,48441.1223601845
"GMP","Sample_011860",0.592462690514214,36914.6505453098,4,FALSE,35868.4471454363
"GMP","Sample_011865",0.711117957305958,41192.0204510953,5,FALSE,38005.0677676889
"GMP","Sample_011870",0.71545945348168,45366.7948427998,6,FALSE,39846.3187492081
"GMP","Sample_011830",0.573785662496773,37336.7584879182,7,FALSE,31290.4331687755
"GMP","Sample_011835",1.68506291030364,108614.23896675,8,FALSE,87036.1779380624
"GMP","Sample_011840",0.907287483784234,62102.8698696243,9,FALSE,47675.7642547775
"GMP","Sample_011890",1.11513314738763,77357.6509404415,10,FALSE,56993.9012078205
"GMP","Sample_011895",0.684594636739888,49159.3520267184,11,FALSE,34815.7701035318
"GMP","Sample_011900",0.638024819647534,46860.8559620016,12,FALSE,31950.4369650506
"GMP","QC_S_2",0.962100068583274,72006.2570665294,13,TRUE,47330.139729167
"GMP","Sample_011821",0.877732703679202,62133.2783546442,15,FALSE,43534.7947465361
"GMP","Sample_011861",0.599998053753882,40022.9842752471,16,FALSE,28999.3540521964
"GMP","Sample_011866",0.868949644997485,55422.2691721031,17,FALSE,41575.2976784176
"GMP","Sample_011871",1.18177726137839,72834.7047955049,18,FALSE,56637.4357966261
"GMP","Sample_011831",0.786565672118769,47016.8554853744,19,FALSE,37950.3102325099
"GMP","Sample_011836",0.765338329457109,43598.9913713981,20,FALSE,36581.5610713749
"GMP","Sample_011841",0.717720259605248,38894.868527507,21,FALSE,33976.6253635062
"GMP","Sample_011891",0.926519129083324,50372.0816634061,22,FALSE,45889.6811634021
"GMP","Sample_011896",0.993617233823774,49654.1462215472,23,FALSE,47262.5766876623
"GMP","Sample_011901",1.33376333931872,65328.9573829981,24,FALSE,65099.4314080185
"GMP","QC_S_3",0.962100068583274,45268.9022728806,25,TRUE,47330.139729167
"GMP","Sample_011822",0.789241619943631,37885.1117905835,27,FALSE,37806.1806207664
"GMP","Sample_011862",0.970958095689522,47038.0455889996,28,FALSE,45894.9500949544
"GMP","Sample_011867",0.890922039055205,44305.5951158874,29,FALSE,42287.3962235633
"GMP","Sample_011872",0.500800123507095,25515.6246307854,30,FALSE,23834.2433026858
"GMP","Sample_011832",0.678715281796788,36115.8152879059,31,FALSE,33031.8382840968
"GMP","Sample_011837",0.578831789374504,31312.7686851434,32,FALSE,28053.4421206791
"GMP","Sample_011842",0.594720060778465,33052.6409700417,33,FALSE,29018.9550074504
"GMP","Sample_011892",0.622411847183683,35593.2991823349,34,FALSE,30635.7919896966
"GMP","Sample_011897",0.471800960583658,27950.4429168255,35,FALSE,23594.0442829256
"GMP","Sample_011902",0.502515473529658,30703.9305956392,36,FALSE,25428.5543656401
"GMP","QC_S_4",0.962100068583274,58229.2178927384,37,TRUE,47330.139729167
"GMP","Sample_011823",0.981531466514135,57515.6402135893,39,FALSE,49345.7599099395
"GMP","Sample_011863",0.72839975231692,41476.245024715,40,FALSE,36600.7637555897
"GMP","Sample_011868",0.6071991402445,33531.7232894432,41,FALSE,30459.8420052095
"GMP","Sample_011873",0.656529057051429,34641.9022485525,42,FALSE,32421.2624348839
"GMP","Sample_011833",0.965244298209876,49696.4560298826,43,FALSE,47963.235895785
"GMP","Sample_011838",0.570356896742845,28331.0964412044,44,FALSE,28224.4210147608
"GMP","Sample_011843",0.744270199674343,35580.3150367307,45,FALSE,36627.017905312
"GMP","Sample_011893",0.677985129585363,31514.4367285077,46,FALSE,33559.3498826653
"GMP","Sample_011898",0.652369988777922,28890.6674928006,47,FALSE,31863.2231801165
"GMP","Sample_011903",0.912666271837393,39349.1148287297,48,FALSE,45003.7456442522
"GMP","QC_S_5",0.962100068583274,39851.7461627105,49,TRUE,47330.139729167
"GMP","Sample_011824",0.755308684065911,29330.987072537,51,FALSE,36703.587019589
"GMP","Sample_011864",0.680639600521078,25524.9641400909,52,FALSE,32821.115446227
"GMP","Sample_011869",1.21628023524099,44135.0962793353,53,FALSE,58359.1002965403
"GMP","Sample_011874",1.34737255633105,47988.4140468494,54,FALSE,65304.9561658429
"GMP","Sample_011834",1.04676708133979,35939.853145854,55,FALSE,50377.9926947703
"GMP","Sample_011839",1.03458972255652,34055.8097915936,56,FALSE,49215.5925465207
"GMP","Sample_011844",1.10132553810058,36349.6376688981,57,FALSE,54209.4931790054
"GMP","Sample_011894",1.21791633001015,37418.4775645934,58,FALSE,57645.9791353952
"GMP","Sample_011899",1.04861249085504,31155.4484182487,59,FALSE,49636.1700229529
"GMP","Sample_011904",0.786106002905138,22344.6342202224,60,FALSE,36857.4667314412
"GMP","QC_S_6",0.962100068583274,27679.2601457483,61,TRUE,47330.139729167
"GSH","QC_S_1",0.285703745724566,17148.5614619005,1,TRUE,24751.2488254854
"GSH","Sample_011820",0.131896944939992,11184.6246680621,3,FALSE,13859.4700370991
"GSH","Sample_011860",0.204171082793509,18809.0173227839,4,FALSE,21767.5445320929
"GSH","Sample_011865",0.234238472416027,20307.7024649537,5,FALSE,22045.5903776301
"GSH","Sample_011870",0.365871885086852,35103.1740776255,6,FALSE,35883.5876363986
"GSH","Sample_011830",0.312646496738791,31085.6397889516,7,FALSE,30024.7286320745
"GSH","Sample_011835",0.726656732272722,72204.67856799,8,FALSE,66096.2216988162
"GSH","Sample_011840",0.374351847949456,39820.3989673434,9,FALSE,34641.4742473553
"GSH","Sample_011890",0.315642084638228,34278.174128262,10,FALSE,28409.2784673192
"GSH","Sample_011895",0.200187270004494,22655.5805511374,11,FALSE,17928.444513843
"GSH","Sample_011900",0.260212794901288,30307.6385287782,12,FALSE,22947.2959630411
"GSH","QC_S_2",0.285703745724566,34103.0861212731,13,TRUE,24751.2488254854
"GSH","Sample_011821",0.217502664148864,25984.4019853224,15,FALSE,18997.762013119
"GSH","Sample_011861",0.105769423523941,12267.9103525622,16,FALSE,9002.48198344321
"GSH","Sample_011866",0.167887516707422,19205.3954965217,17,FALSE,14145.6465886211
"GSH","Sample_011871",0.236271623963608,26973.0312650832,18,FALSE,19940.8267695594
"GSH","Sample_011831",0.437229372773099,50063.3643672497,19,FALSE,37149.5290556515
"GSH","Sample_011836",0.272238146183578,30765.3718634796,20,FALSE,22915.0806500575
"GSH","Sample_011841",0.255253708164194,28462.2654629451,21,FALSE,21279.4665675161
"GSH","Sample_011891",0.206696179741758,24023.0011386016,22,FALSE,18028.3815480182
"GSH","Sample_011896",0.277615122032175,30869.6105618861,23,FALSE,23254.3946941622
"GSH","Sample_011901",0.372474290980836,42338.338787028,24,FALSE,32015.3579963434
"GSH","QC_S_3",0.285703745724566,32607.3578597782,25,TRUE,24751.2488254854
"GSH","Sample_011822",0.199067943254857,20998.0055792459,27,FALSE,16792.5943035171
"GSH","Sample_011862",0.251527194714838,25479.1442171014,28,FALSE,20936.930088043
"GSH","Sample_011867",0.263075669236759,26023.7604611015,29,FALSE,21989.5107852376
"GSH","Sample_011872",0.216047592408664,20822.8098322818,30,FALSE,18107.146399873
"GSH","Sample_011832",0.208587747356225,19959.6687562836,31,FALSE,17877.119812195
"GSH","Sample_011837",0.260326649098486,24062.8728033818,32,FALSE,22218.567278232
"GSH","Sample_011842",0.222788631998613,20091.7401920413,33,FALSE,19143.69862739
"GSH","Sample_011892",0.166197936087222,14636.9371401256,34,FALSE,14405.9044101494
"GSH","Sample_011897",0.139930353824696,12108.0676619379,35,FALSE,12323.0764461374
"GSH","Sample_011902",0.142524136980236,12053.7259931644,36,FALSE,12700.6015864269
"GSH","QC_S_4",0.285703745724566,22661.8055234686,37,TRUE,24751.2488254854
"GSH","Sample_011823",0.514919670648815,41372.8748886938,39,FALSE,45587.8108925189
"GSH","Sample_011863",0.298526092634724,23867.410287346,40,FALSE,26415.9537815337
"GSH","Sample_011868",0.166941798118311,13265.6236782902,41,FALSE,14747.7316387906
"GSH","Sample_011873",0.317989210781052,24763.33951439,42,FALSE,27653.6202887246
"GSH","Sample_011833",0.394704171192897,30790.009466364,43,FALSE,34538.7477557068
"GSH","Sample_011838",0.35224222224034,27241.0484916845,44,FALSE,30696.1138964779
"GSH","Sample_011843",0.482457028916471,36937.0244280667,45,FALSE,41811.2555692829
"GSH","Sample_011893",0.200088376072796,15337.9335243828,46,FALSE,17441.3007501455
"GSH","Sample_011898",0.15996849377376,12044.589870424,47,FALSE,13759.2204265194
"GSH","Sample_011903",0.16935755270684,12814.5720765202,48,FALSE,14706.349080193
"GSH","QC_S_5",0.285703745724566,21467.8306191798,49,TRUE,24751.2488254854
"GSH","Sample_011824",0.151485032992957,11160.841840817,51,FALSE,12963.3545274094
"GSH","Sample_011864",0.183735503194978,13383.1303789104,52,FALSE,15602.4517220522
"GSH","Sample_011869",0.349076945595632,25205.9974734403,53,FALSE,29495.7705799435
"GSH","Sample_011874",0.322817941258285,23458.3304930408,54,FALSE,27553.6888260168
"GSH","Sample_011834",0.468192706541085,33656.0800054273,55,FALSE,39680.6783147464
"GSH","Sample_011839",0.310118854387916,21951.8812246016,56,FALSE,25979.2357106065
"GSH","Sample_011844",0.296902794072588,21663.9506138605,57,FALSE,25735.7934609505
"GSH","Sample_011894",0.289398010167135,20228.296303169,58,FALSE,24121.8575384655
"GSH","Sample_011899",0.227741502707526,15859.1452771743,59,FALSE,18984.0583355442
"GSH","Sample_011904",0.183663179832413,12619.9209345184,60,FALSE,15164.5703303514
"GSH","QC_S_6",0.285703745724566,20518.8513673124,61,TRUE,24751.2488254854
"Heptose_3","QC_S_1",2.19936241972486,18942.4498528511,1,TRUE,58023.6896221581
"Heptose_3","Sample_011820",4.06173151428675,63447.2477208986,3,FALSE,129972.19682182
"Heptose_3","Sample_011860",3.93427514819225,72682.0447953463,4,FALSE,127734.231230968
"Heptose_3","Sample_011865",3.25641433821113,60652.697560551,5,FALSE,93331.9896498137
"Heptose_3","Sample_011870",3.67953925313586,80303.106202468,6,FALSE,109897.450892464
"Heptose_3","Sample_011830",3.6599400843018,86865.4501806596,7,FALSE,107035.257776434
"Heptose_3","Sample_011835",2.62662229997454,64928.6321046464,8,FALSE,72756.5871863819
"Heptose_3","Sample_011840",3.40369491547965,93351.7980512974,9,FALSE,95916.7312708741
"Heptose_3","Sample_011890",3.47336817219394,100352.640161094,10,FALSE,95201.4318914846
"Heptose_3","Sample_011895",2.96850119317015,91886.2737972382,11,FALSE,80960.0451372361
"Heptose_3","Sample_011900",3.27113360194856,106805.47734061,12,FALSE,87847.3188714174
"Heptose_3","QC_S_2",2.19936241972486,75236.8705856397,13,TRUE,58023.6896221581
"Heptose_3","Sample_011821",2.00988726391262,68519.2296444305,15,FALSE,53460.9804916382
"Heptose_3","Sample_011861",2.4031535252406,79366.9051020001,16,FALSE,62288.9484866392
"Heptose_3","Sample_011866",2.87833616225805,93549.0937509145,17,FALSE,73853.872388178
"Heptose_3","Sample_011871",2.96933023388591,96096.2475016296,18,FALSE,76316.3259212007
"Heptose_3","Sample_011831",2.5928160382825,83972.9280529673,19,FALSE,67087.7221719925
"Heptose_3","Sample_011836",2.88778162445849,92098.3974706094,20,FALSE,74022.5631720427
"Heptose_3","Sample_011841",2.96229505526851,93005.4178525777,21,FALSE,75204.5903526407
"Heptose_3","Sample_011891",1.62385192511497,53017.8321744336,22,FALSE,43131.8488718229
"Heptose_3","Sample_011896",2.38099324386006,74201.9264450048,23,FALSE,60736.1757226206
"Heptose_3","Sample_011901",1.99470074078622,63396.0804485589,24,FALSE,52211.6200201206
"Heptose_3","QC_S_3",2.19936241972486,70018.2955241228,25,TRUE,58023.6896221581
"Heptose_3","Sample_011822",2.35837101300706,70992.6010296173,27,FALSE,60583.7224385166
"Heptose_3","Sample_011862",2.74692666800191,80378.8771334905,28,FALSE,69630.9757002139
"Heptose_3","Sample_011867",2.73557446246117,79165.0064908302,29,FALSE,69632.3069433786
"Heptose_3","Sample_011872",3.46529259398787,99008.1519176876,30,FALSE,88443.8932591676
"Heptose_3","Sample_011832",2.84668417235096,81875.4202484775,31,FALSE,74297.7056745079
"Heptose_3","Sample_011837",3.28374202151855,92563.1273730159,32,FALSE,85348.091203355
"Heptose_3","Sample_011842",3.48516848312859,97315.4349378926,33,FALSE,91197.7154816427
"Heptose_3","Sample_011892",3.72459703827294,103194.528051788,34,FALSE,98315.4011192063
"Heptose_3","Sample_011897",2.83774651780422,78552.5907703748,35,FALSE,76104.1201112757
"Heptose_3","Sample_011902",4.04437200114047,111367.812547063,36,FALSE,109752.4761342
"Heptose_3","QC_S_4",2.19936241972486,57864.8989581913,37,TRUE,58023.6896221581
"Heptose_3","Sample_011823",1.73044225271565,45730.0867135352,39,FALSE,46654.5199908268
"Heptose_3","Sample_011863",2.72324585511482,71302.7982256877,40,FALSE,73383.4643007063
"Heptose_3","Sample_011868",3.78706430663182,98121.7000939437,41,FALSE,101880.291395677
"Heptose_3","Sample_011873",2.25853111826106,57095.2944970379,42,FALSE,59812.6505846122
"Heptose_3","Sample_011833",3.31150869992924,83482.0356324938,43,FALSE,88244.5984824751
"Heptose_3","Sample_011838",3.65048351791488,90821.126138563,44,FALSE,96876.7892185468
"Heptose_3","Sample_011843",3.5697117755026,87516.1985965418,45,FALSE,94209.5832441035
"Heptose_3","Sample_011893",3.30841391354644,80832.7012835101,46,FALSE,87822.1792081057
"Heptose_3","Sample_011898",3.58159284508851,85545.657586913,47,FALSE,93812.9830476214
"Heptose_3","Sample_011903",3.52034729539715,84093.4656649509,48,FALSE,93092.1736428021
"Heptose_3","QC_S_5",2.19936241972486,51919.4007692927,49,TRUE,58023.6896221581
"Heptose_3","Sample_011824",3.43629282334089,85849.7989397998,51,FALSE,89549.9189484443
"Heptose_3","Sample_011864",2.98199124244172,76390.9532206594,52,FALSE,77114.0455078068
"Heptose_3","Sample_011869",3.47737508658213,91497.3468498386,53,FALSE,89478.2490607942
"Heptose_3","Sample_011874",2.62722618491507,72010.617962202,54,FALSE,68288.3955960426
"Heptose_3","Sample_011834",2.97191238753073,83334.9864162087,55,FALSE,76703.9633943943
"Heptose_3","Sample_011839",3.35857969732327,95824.1894658904,56,FALSE,85680.3470732477
"Heptose_3","Sample_011844",2.21699845199953,67319.3526641698,57,FALSE,58521.5778714627
"Heptose_3","Sample_011894",2.80588475041847,84203.7195108036,58,FALSE,71221.7098364634
"Heptose_3","Sample_011899",2.4569255673799,75729.129747065,59,FALSE,62368.6346741409
"Heptose_3","Sample_011904",2.72302856463826,85322.0908089223,60,FALSE,68467.9881720757
"Heptose_3","QC_S_6",2.19936241972486,74160.222042851,61,TRUE,58023.6896221581
"Hexose","QC_S_1",1273763.05152731,23628932.4883554,1,TRUE,42926196.2837883
"Hexose","Sample_011820",2194127.29257253,56599837.3984835,3,FALSE,89686336.7056291
"Hexose","Sample_011860",2374270.36217478,66112079.0542307,4,FALSE,98468644.3848373
"Hexose","Sample_011865",1897147.23453632,49433935.1925607,5,FALSE,69457176.0064932
"Hexose","Sample_011870",2140154.44689567,61404754.7142626,6,FALSE,81651565.0139316
"Hexose","Sample_011830",2335013.32723644,69116931.6011142,7,FALSE,87230320.0687697
"Hexose","Sample_011835",1954820.0957038,57594017.9374312,8,FALSE,69168236.9456365
"Hexose","Sample_011840",2265759.21686265,71201275.4042415,9,FALSE,81561033.1250361
"Hexose","Sample_011890",1728859.31232465,55282762.5556527,10,FALSE,60530955.9223624
"Hexose","Sample_011895",1914778.49081077,63613534.6344832,11,FALSE,66707900.5867897
"Hexose","Sample_011900",2019795.6064888,68868123.4953209,12,FALSE,69288773.0354279
"Hexose","QC_S_2",1273763.05152731,44396198.4547288,13,TRUE,42926196.2837883
"Hexose","Sample_011821",1529882.86311474,55055857.6287112,15,FALSE,51981477.5659436
"Hexose","Sample_011861",1916446.56767445,67995687.2421837,16,FALSE,63452891.4419089
"Hexose","Sample_011866",2040275.20820832,72492336.3713488,17,FALSE,66872218.1225623
"Hexose","Sample_011871",1986251.63149894,71502947.1962596,18,FALSE,65210636.5331328
"Hexose","Sample_011831",1867046.29801513,68432167.8551796,19,FALSE,61709446.1176155
"Hexose","Sample_011836",1846652.42180729,67805856.6273144,20,FALSE,60465848.1989191
"Hexose","Sample_011841",2061961.41376895,75818244.4786097,21,FALSE,66868531.9983197
"Hexose","Sample_011891",1058544.01849742,41169940.9334923,22,FALSE,35915820.4291192
"Hexose","Sample_011896",1583164.21183123,59775910.8183924,23,FALSE,51587022.559077
"Hexose","Sample_011901",1390451.28461158,54449927.8646675,24,FALSE,46491163.6162252
"Hexose","QC_S_3",1273763.05152731,50809085.4779054,25,TRUE,42926196.2837883
"Hexose","Sample_011822",1549563.31813622,58375191.1521276,27,FALSE,50848526.4209902
"Hexose","Sample_011862",1681353.0454504,61531823.778211,28,FALSE,54442686.6514186
"Hexose","Sample_011867",1855811.20534982,67124946.1870068,29,FALSE,60342215.8988952
"Hexose","Sample_011872",2121601.05145468,75713045.76004,30,FALSE,69169857.6790721
"Hexose","Sample_011832",1841096.84661571,66094903.4769149,31,FALSE,61381566.6980953
"Hexose","Sample_011837",2133371.30445223,75007349.0507309,32,FALSE,70829870.8628252
"Hexose","Sample_011842",2256509.742586,78531611.1531817,33,FALSE,75426266.8104144
"Hexose","Sample_011892",1724960.212433,59521780.12349,34,FALSE,58162968.3695123
"Hexose","Sample_011897",1829194.03940695,63012227.5526892,35,FALSE,62664209.5798966
"Hexose","Sample_011902",2268498.35449103,77673319.804865,36,FALSE,78636996.8431093
"Hexose","QC_S_4",1273763.05152731,41635697.3007047,37,TRUE,42926196.2837883
"Hexose","Sample_011823",1378638.73661042,46765071.5085186,39,FALSE,47480174.9400739
"Hexose","Sample_011863",1979309.60745742,67616790.4761729,40,FALSE,68131870.1975901
"Hexose","Sample_011868",2054170.36373828,70586810.474084,41,FALSE,70590974.3925852
"Hexose","Sample_011873",1397418.68872623,47625419.8620382,42,FALSE,47273606.4807601
"Hexose","Sample_011833",2081229.5903306,71903353.6082989,43,FALSE,70844712.4262668
"Hexose","Sample_011838",2096851.84526985,72677823.8738151,44,FALSE,71082437.122946
"Hexose","Sample_011843",2081384.5960119,72269261.4395402,45,FALSE,70168062.6241938
"Hexose","Sample_011893",1500975.44855699,52801808.5343967,46,FALSE,50895944.4976618
"Hexose","Sample_011898",1853599.46284378,64807049.5822717,47,FALSE,62019440.7444021
"Hexose","Sample_011903",1975689.79181566,70238049.8167953,48,FALSE,66737761.4464669
"Hexose","QC_S_5",1273763.05152731,45499598.044445,49,TRUE,42926196.2837883
"Hexose","Sample_011824",1600993.91876998,57750239.7757511,51,FALSE,53295425.4009896
"Hexose","Sample_011864",1777818.20739781,64330188.8797201,52,FALSE,58727253.7065646
"Hexose","Sample_011869",1883384.84676723,68543468.7818991,53,FALSE,61905641.6511442
"Hexose","Sample_011874",1843535.60534348,68497271.4537785,54,FALSE,61210537.6107828
"Hexose","Sample_011834",1859590.72819866,69332083.8296828,55,FALSE,61309022.7739526
"Hexose","Sample_011839",2071145.52933708,77123475.9489754,56,FALSE,67493413.4926779
"Hexose","Sample_011844",1511469.31734422,58839540.4552142,57,FALSE,50965371.1804909
"Hexose","Sample_011894",1416635.41209237,53572673.791112,58,FALSE,45933112.9868846
"Hexose","Sample_011899",1568508.33748619,59921474.8071514,59,FALSE,50861163.1074017
"Hexose","Sample_011904",1830884.50050287,69976593.6701493,60,FALSE,58805986.0767148
"Hexose","QC_S_6",1273763.05152731,51587665.9365906,61,TRUE,42926196.2837883
"Hypoxanthine","QC_S_1",5013.36130872016,1248995.00998191,1,TRUE,2493751.85875044
"Hypoxanthine","Sample_011820",15796.6742391458,5978288.0777972,3,FALSE,9530607.83479588
"Hypoxanthine","Sample_011860",5156.81746467436,2179684.04398447,4,FALSE,3156748.7592478
"Hypoxanthine","Sample_011865",8316.47230489188,3387204.84261196,5,FALSE,4494130.73481331
"Hypoxanthine","Sample_011870",12278.9326759794,5648626.81201668,6,FALSE,6914654.53771434
"Hypoxanthine","Sample_011830",12529.2472094129,6080431.91725815,7,FALSE,6908655.73998329
"Hypoxanthine","Sample_011835",9071.69537675969,4469327.41435723,8,FALSE,4737823.09955827
"Hypoxanthine","Sample_011840",12992.4414445083,6948347.56807176,9,FALSE,6903195.97616399
"Hypoxanthine","Sample_011890",2419.2371103415,1337426.46178377,10,FALSE,1250220.99113025
"Hypoxanthine","Sample_011895",4262.96436707832,2483572.20662749,11,FALSE,2192102.74937618
"Hypoxanthine","Sample_011900",10952.5163065633,6633679.23598241,12,FALSE,5545744.12591875
"Hypoxanthine","QC_S_2",5013.36130872016,3140596.53035578,13,TRUE,2493751.85875044
"Hypoxanthine","Sample_011821",9202.59321625626,5895097.46052597,15,FALSE,4615206.49465073
"Hypoxanthine","Sample_011861",3991.75267158705,2509266.93112537,16,FALSE,1950782.26215855
"Hypoxanthine","Sample_011866",8271.85648646952,5183291.21963938,17,FALSE,4001754.47301996
"Hypoxanthine","Sample_011871",8529.72110868469,5390895.79186883,18,FALSE,4133419.42130837
"Hypoxanthine","Sample_011831",7854.03767266549,5031613.03277993,19,FALSE,3831598.6593142
"Hypoxanthine","Sample_011836",9714.40702658953,6207467.96006076,20,FALSE,4694958.49503754
"Hypoxanthine","Sample_011841",9996.63240545345,6369476.0647382,21,FALSE,4785038.64254475
"Hypoxanthine","Sample_011891",2343.77087685308,1572956.01011998,22,FALSE,1173768.61878128
"Hypoxanthine","Sample_011896",3847.71976012004,2496541.92099536,23,FALSE,1850582.29973154
"Hypoxanthine","Sample_011901",6155.52745417538,4125513.66044217,24,FALSE,3037878.37802508
"Hypoxanthine","QC_S_3",5013.36130872016,3408938.25586514,25,TRUE,2493751.85875044
"Hypoxanthine","Sample_011822",9857.47228903319,6094162.24505,27,FALSE,4774469.03652406
"Hypoxanthine","Sample_011862",5529.88712818466,3253759.7119838,28,FALSE,2642940.41725798
"Hypoxanthine","Sample_011867",8793.39999519389,5004420.81213874,29,FALSE,4220216.80231362
"Hypoxanthine","Sample_011872",11947.9678157568,6557580.70148684,30,FALSE,5749600.58304017
"Hypoxanthine","Sample_011832",8762.89399198708,4722878.75847029,31,FALSE,4312204.65996743
"Hypoxanthine","Sample_011837",12409.3910092269,6384934.98711225,32,FALSE,6081223.16962491
"Hypoxanthine","Sample_011842",12747.244673601,6318396.85060648,33,FALSE,6289153.48377611
"Hypoxanthine","Sample_011892",1474.65005401304,704088.420042895,34,FALSE,733916.959140087
"Hypoxanthine","Sample_011897",2958.21099403849,1367275.91660966,35,FALSE,1495820.24541076
"Hypoxanthine","Sample_011902",13896.2682552456,6177072.73653388,36,FALSE,7110122.9656042
"Hypoxanthine","QC_S_4",5013.36130872016,2053551.86754067,37,TRUE,2493751.85875044
"Hypoxanthine","Sample_011823",8725.96686918487,3720514.47595677,39,FALSE,4435737.78038501
"Hypoxanthine","Sample_011863",5975.65031826685,2569728.97438158,40,FALSE,3036073.10697576
"Hypoxanthine","Sample_011868",10272.60715122,4450015.68031808,41,FALSE,5210553.61626688
"Hypoxanthine","Sample_011873",7140.63341353676,3072308.97455098,42,FALSE,3565491.43938507
"Hypoxanthine","Sample_011833",13620.7257697141,5949183.14044253,43,FALSE,6843498.41037559
"Hypoxanthine","Sample_011838",14560.2150941893,6388988.76826383,44,FALSE,7285390.34476272
"Hypoxanthine","Sample_011843",14942.5003353499,6577295.61954848,45,FALSE,7435341.07684859
"Hypoxanthine","Sample_011893",1763.78057472235,787636.537099625,46,FALSE,882764.005336222
"Hypoxanthine","Sample_011898",3261.55371734366,1449476.31400688,47,FALSE,1610745.61655435
"Hypoxanthine","Sample_011903",10827.3211304798,4899143.44067184,48,FALSE,5398391.39732561
"Hypoxanthine","QC_S_5",5013.36130872016,2282179.83717705,49,TRUE,2493751.85875044
"Hypoxanthine","Sample_011824",13972.8798772494,6533654.87915758,51,FALSE,6865570.76633429
"Hypoxanthine","Sample_011864",4667.02009123139,2207042.85487384,52,FALSE,2275529.57646571
"Hypoxanthine","Sample_011869",11281.5232111802,5408447.70561072,53,FALSE,5473301.47888476
"Hypoxanthine","Sample_011874",11673.0016979208,5757285.9869415,54,FALSE,5720680.38632837
"Hypoxanthine","Sample_011834",10808.0374178766,5389128.02609009,55,FALSE,5259498.46746418
"Hypoxanthine","Sample_011839",12420.5948647821,6230517.21043025,56,FALSE,5974253.48191383
"Hypoxanthine","Sample_011844",7418.95945856121,3918168.27110052,57,FALSE,3692404.95914559
"Hypoxanthine","Sample_011894",2145.43887800095,1108288.98378152,58,FALSE,1026772.91426354
"Hypoxanthine","Sample_011899",3326.72246801825,1747695.73044098,59,FALSE,1592232.55379467
"Hypoxanthine","Sample_011904",11308.1947096661,5982246.85964855,60,FALSE,5360981.86437678
"Hypoxanthine","QC_S_6",5013.36130872016,2828249.65158212,61,TRUE,2493751.85875044
"Imidazole-4-acetic acid","QC_S_1",48.8864311004434,264657.278128148,1,TRUE,321097.117425941
"Imidazole-4-acetic acid","Sample_011820",40.0165524138292,274891.309153912,3,FALSE,318800.099979325
"Imidazole-4-acetic acid","Sample_011860",32.8764318896815,234198.996373563,4,FALSE,265746.025715821
"Imidazole-4-acetic acid","Sample_011865",41.8785813931713,269038.208744292,5,FALSE,298828.737504064
"Imidazole-4-acetic acid","Sample_011870",39.9758684358038,273276.756172404,6,FALSE,297256.676629902
"Imidazole-4-acetic acid","Sample_011830",32.3291570338892,220877.464551984,7,FALSE,235389.342916145
"Imidazole-4-acetic acid","Sample_011835",55.9388052411809,369323.620495844,8,FALSE,385769.07598444
"Imidazole-4-acetic acid","Sample_011840",32.0374823320091,219464.833382805,9,FALSE,224771.713398946
"Imidazole-4-acetic acid","Sample_011890",59.5055127154381,404195.479149992,10,FALSE,406059.236733106
"Imidazole-4-acetic acid","Sample_011895",31.0000337638351,213529.286802614,11,FALSE,210491.815001506
"Imidazole-4-acetic acid","Sample_011900",41.0020485655714,283312.038811744,12,FALSE,274141.835942702
"Imidazole-4-acetic acid","QC_S_2",48.8864311004434,337945.340098779,13,TRUE,321097.117425941
"Imidazole-4-acetic acid","Sample_011821",53.0521727576743,376152.697171471,15,FALSE,351324.089037934
"Imidazole-4-acetic acid","Sample_011861",33.0922758907753,230583.202153683,16,FALSE,213548.070436599
"Imidazole-4-acetic acid","Sample_011866",37.776460887187,262766.191071017,17,FALSE,241319.578571972
"Imidazole-4-acetic acid","Sample_011871",69.6353966488103,489237.84457008,18,FALSE,445582.924644579
"Imidazole-4-acetic acid","Sample_011831",60.9707665769605,434819.26290642,19,FALSE,392764.773608818
"Imidazole-4-acetic acid","Sample_011836",32.3304540620878,230294.065745652,20,FALSE,206324.64524172
"Imidazole-4-acetic acid","Sample_011841",37.6037898228145,267451.691687269,21,FALSE,237677.015389491
"Imidazole-4-acetic acid","Sample_011891",31.0320811342525,232786.809101478,22,FALSE,205211.684174071
"Imidazole-4-acetic acid","Sample_011896",66.3164154717005,481588.71962072,23,FALSE,421162.655992492
"Imidazole-4-acetic acid","Sample_011901",41.9032893814423,314735.823245752,24,FALSE,273071.935232308
"Imidazole-4-acetic acid","QC_S_3",48.8864311004434,373010.536303623,25,TRUE,321097.117425941
"Imidazole-4-acetic acid","Sample_011822",55.2109700775979,386914.934238304,27,FALSE,353108.958618338
"Imidazole-4-acetic acid","Sample_011862",34.0944787355338,228674.695755352,28,FALSE,215168.6536157
"Imidazole-4-acetic acid","Sample_011867",38.9455202572343,254163.165310166,29,FALSE,246808.029688651
"Imidazole-4-acetic acid","Sample_011872",38.4331028661095,243441.781507765,30,FALSE,244215.329844602
"Imidazole-4-acetic acid","Sample_011832",51.1266558624571,320212.876234335,31,FALSE,332217.905159232
"Imidazole-4-acetic acid","Sample_011837",37.8088910801355,227750.411517668,32,FALSE,244657.342556268
"Imidazole-4-acetic acid","Sample_011842",42.7286874662361,249954.103017771,33,FALSE,278367.972336851
"Imidazole-4-acetic acid","Sample_011892",35.071935740257,199359.420437491,34,FALSE,230484.397199784
"Imidazole-4-acetic acid","Sample_011897",56.0806296331814,311533.702246344,35,FALSE,374444.092239927
"Imidazole-4-acetic acid","Sample_011902",43.1201539146776,232777.748985363,36,FALSE,291328.563003322
"Imidazole-4-acetic acid","QC_S_4",48.8864311004434,245977.36245056,37,TRUE,321097.117425941
"Imidazole-4-acetic acid","Sample_011823",57.885046874809,309935.592010732,39,FALSE,388546.083990218
"Imidazole-4-acetic acid","Sample_011863",40.4674732175621,220857.127105724,40,FALSE,271491.963894759
"Imidazole-4-acetic acid","Sample_011868",60.3930321646415,335451.457910973,41,FALSE,404495.659589593
"Imidazole-4-acetic acid","Sample_011873",42.1102454095541,234646.200885819,42,FALSE,277647.824214804
"Imidazole-4-acetic acid","Sample_011833",98.9656213046144,565271.017293354,43,FALSE,656577.685668242
"Imidazole-4-acetic acid","Sample_011838",59.9453005247934,347247.730243754,44,FALSE,396062.768336145
"Imidazole-4-acetic acid","Sample_011843",76.203679087521,446906.103256698,45,FALSE,500699.782141269
"Imidazole-4-acetic acid","Sample_011893",53.1183478115905,318885.288600254,46,FALSE,351049.582942532
"Imidazole-4-acetic acid","Sample_011898",44.4308441017129,267776.431699908,47,FALSE,289741.582867423
"Imidazole-4-acetic acid","Sample_011903",75.8346226813134,469315.146311142,48,FALSE,499269.140093333
"Imidazole-4-acetic acid","QC_S_5",48.8864311004434,306910.431878283,49,TRUE,321097.117425941
"Imidazole-4-acetic acid","Sample_011824",53.8293822363106,350344.980304428,51,FALSE,349248.025926204
"Imidazole-4-acetic acid","Sample_011864",41.3183428665804,273146.97134048,52,FALSE,266017.09785183
"Imidazole-4-acetic acid","Sample_011869",41.6611080713933,280360.836083794,53,FALSE,266892.449653838
"Imidazole-4-acetic acid","Sample_011874",68.8418297408124,478515.775987983,54,FALSE,445493.510922737
"Imidazole-4-acetic acid","Sample_011834",71.4442001846286,503971.776507386,55,FALSE,459079.937487798
"Imidazole-4-acetic acid","Sample_011839",33.7456334179653,240359.7794357,56,FALSE,214329.857595458
"Imidazole-4-acetic acid","Sample_011844",46.7598561493352,351892.734667254,57,FALSE,307300.548890897
"Imidazole-4-acetic acid","Sample_011894",24.5825197367164,181567.384232188,58,FALSE,155349.012059551
"Imidazole-4-acetic acid","Sample_011899",45.2036381087307,340659.767642221,59,FALSE,285684.816249253
"Imidazole-4-acetic acid","Sample_011904",35.1132278927635,267308.43028729,60,FALSE,219809.094542864
"Imidazole-4-acetic acid","QC_S_6",48.8864311004434,398081.755696254,61,TRUE,321097.117425941
"IMP","QC_S_1",0.0331487623581249,4118.20196886066,1,TRUE,9311.28472554298
"IMP","Sample_011820",0.0258726697964023,4049.58071736585,3,FALSE,8814.83607111944
"IMP","Sample_011860",0.0339111600335704,5485.7303856986,4,FALSE,11722.4654871854
"IMP","Sample_011865",0.0962155991513887,13991.3578490714,5,FALSE,29360.9498971816
"IMP","Sample_011870",0.0411743406972387,6351.53035127167,6,FALSE,13093.4646427733
"IMP","Sample_011830",0.0233655274243883,3591.57326088196,7,FALSE,7275.4895232809
"IMP","Sample_011835",0.103402943663161,15315.5252153163,8,FALSE,30495.8920743918
"IMP","Sample_011840",0.0319709549490576,4899.65436154894,9,FALSE,9592.52854291338
"IMP","Sample_011890",0.0761159729257063,11535.9746569209,10,FALSE,22212.7439532675
"IMP","Sample_011895",0.0308446091232088,4728.24848462816,11,FALSE,8956.66915242853
"IMP","Sample_011900",0.0789267459685365,12106.799463776,12,FALSE,22567.7454311517
"IMP","QC_S_2",0.0331487623581249,5074.90074614071,13,TRUE,9311.28472554298
"IMP","Sample_011821",0.0622350089216972,11939.8806883391,15,FALSE,17625.1866537443
"IMP","Sample_011861",0.0286611655878481,5881.89669334176,16,FALSE,7909.6465779298
"IMP","Sample_011866",0.0266856316985154,5903.93521842926,17,FALSE,7290.25958993233
"IMP","Sample_011871",0.0479442349670244,11493.5429046654,18,FALSE,13119.8567819283
"IMP","Sample_011831",0.0396577457271282,10294.3007152611,19,FALSE,10925.2935148607
"IMP","Sample_011836",0.0158444676992539,4360.78397755073,20,FALSE,4324.25375903668
"IMP","Sample_011841",0.0146608467983736,4258.69145708397,21,FALSE,3962.86099824309
"IMP","Sample_011891",0.0249637116740501,8054.23900481365,22,FALSE,7059.83507562206
"IMP","Sample_011896",0.0344996031077403,11310.0569261335,23,FALSE,9369.94682193816
"IMP","Sample_011901",0.0230828031791502,8190.84476766191,24,FALSE,6432.97280738248
"IMP","QC_S_3",0.0331487623581249,12472.1179915758,25,TRUE,9311.28472554298
"IMP","Sample_011822",0.0138075299144225,5064.87046087333,27,FALSE,3776.53545300685
"IMP","Sample_011862",0.0200333770169795,7255.87736228195,28,FALSE,5406.83761871812
"IMP","Sample_011867",0.0179550320378984,6534.32065232214,29,FALSE,4866.11283116206
"IMP","Sample_011872",0.0127374960926974,4650.88403571653,30,FALSE,3461.35188618489
"IMP","Sample_011832",0.0149978551326325,5603.50930777554,31,FALSE,4167.72464375961
"IMP","Sample_011837",0.00999811425780044,3722.27843736936,32,FALSE,2766.79272436268
"IMP","Sample_011842",0.00662897088545751,2486.24117449911,33,FALSE,1846.88579205745
"IMP","Sample_011892",0.0113157885520164,4283.85596967113,34,FALSE,3180.24686259852
"IMP","Sample_011897",0.00771599024701232,2969.64585019906,35,FALSE,2203.23076451663
"IMP","Sample_011902",0.00536150895069873,2089.29210857608,36,FALSE,1549.11626833394
"IMP","QC_S_4",0.0331487623581249,12565.9423827111,37,TRUE,9311.28472554298
"IMP","Sample_011823",0.0321170269783148,12649.2730174333,39,FALSE,9219.46454660771
"IMP","Sample_011863",0.0132915762736464,5275.02723817503,40,FALSE,3813.48106282405
"IMP","Sample_011868",0.0092853067034227,3708.81510001143,41,FALSE,2659.60719765381
"IMP","Sample_011873",0.0132723152758985,5260.79581738681,42,FALSE,3742.37589171763
"IMP","Sample_011833",0.00988438497145262,3973.82064572032,43,FALSE,2804.4366245676
"IMP","Sample_011838",0.00608459368831372,2455.43573891989,44,FALSE,1719.23274656268
"IMP","Sample_011843",0.0141326550496779,5716.33541959319,45,FALSE,3971.17875974193
"IMP","Sample_011893",0.0119340478935354,4893.07702186691,46,FALSE,3372.91886678075
"IMP","Sample_011898",0.00858523374930275,3500.26222386081,47,FALSE,2394.26713141785
"IMP","Sample_011903",0.0118196629253001,4902.53413223486,48,FALSE,3327.87112455311
"IMP","QC_S_5",0.0331487623581249,13821.7999227496,49,TRUE,9311.28472554298
"IMP","Sample_011824",0.00597578856877189,2282.98766250622,51,FALSE,1658.07435633366
"IMP","Sample_011864",0.00316182553377537,1151.86386205214,52,FALSE,870.560130113762
"IMP","Sample_011869",0.0165637882759296,5760.32462105665,53,FALSE,4537.94634598202
"IMP","Sample_011874",0.0258591572957245,8699.42727077362,54,FALSE,7156.44866978599
"IMP","Sample_011834",0.00899007698292558,2870.29990042919,55,FALSE,2470.46645335748
"IMP","Sample_011839",0.00540891427354693,1627.9537095386,56,FALSE,1469.16104499487
"IMP","Sample_011844",0.0128364516095852,3803.67009450987,57,FALSE,3607.69132940206
"IMP","Sample_011894",0.0218728639532846,5914.60255167306,58,FALSE,5911.28592010675
"IMP","Sample_011899",0.0162816944447885,4166.44518771853,59,FALSE,4400.55633155071
"IMP","Sample_011904",0.00874913461049059,2091.72345501272,60,FALSE,2342.25522109143
"IMP","QC_S_6",0.0331487623581249,7814.74534122001,61,TRUE,9311.28472554298
"Indole-3-acetamide","QC_S_1",9952.61498983924,6600660.83390473,1,TRUE,4991146.25112921
"Indole-3-acetamide","Sample_011820",4377.49735362726,3408802.69316539,3,FALSE,2662684.37412904
"Indole-3-acetamide","Sample_011860",3727.38451789264,2896379.24079062,4,FALSE,2300389.18135316
"Indole-3-acetamide","Sample_011865",8817.66074845262,5947062.59163228,5,FALSE,4803953.57878716
"Indole-3-acetamide","Sample_011870",4900.13157555697,3385191.37496516,6,FALSE,2781995.80456651
"Indole-3-acetamide","Sample_011830",5015.43878173628,3333766.56423506,7,FALSE,2788151.4966878
"Indole-3-acetamide","Sample_011835",10613.6542433067,6564012.59440079,8,FALSE,5588486.14249154
"Indole-3-acetamide","Sample_011840",5157.74704040417,3186760.22768801,9,FALSE,2762856.52881493
"Indole-3-acetamide","Sample_011890",9620.86757019862,5675740.75738903,10,FALSE,5012581.50456153
"Indole-3-acetamide","Sample_011895",5323.31806595442,3066552.18194515,11,FALSE,2759754.690435
"Indole-3-acetamide","Sample_011900",5306.59077301579,2952853.83773429,12,FALSE,2708946.18142968
"Indole-3-acetamide","QC_S_2",9952.61498983924,5335072.57870827,13,TRUE,4991146.25112921
"Indole-3-acetamide","Sample_011821",10470.460475137,5659165.27454547,15,FALSE,5294019.70652535
"Indole-3-acetamide","Sample_011861",4464.57177321303,2351495.00126358,16,FALSE,2199701.96410877
"Indole-3-acetamide","Sample_011866",5811.15094339101,3029996.13524512,17,FALSE,2834317.27898463
"Indole-3-acetamide","Sample_011871",10600.3035787764,5536544.69128844,18,FALSE,5178831.81454166
"Indole-3-acetamide","Sample_011831",10859.7466704514,5710392.7821464,19,FALSE,5341282.97497288
"Indole-3-acetamide","Sample_011836",5561.91193151439,2897425.08234582,20,FALSE,2710057.02303438
"Indole-3-acetamide","Sample_011841",5751.90574330974,2967765.11100037,21,FALSE,2775762.77607008
"Indole-3-acetamide","Sample_011891",8815.39590579967,4758922.04429068,22,FALSE,4450901.90018834
"Indole-3-acetamide","Sample_011896",11390.6768451093,5905644.76875257,23,FALSE,5523232.9599185
"Indole-3-acetamide","Sample_011901",10056.6402609867,5350375.14685336,24,FALSE,5003764.77332082
"Indole-3-acetamide","QC_S_3",9952.61498983924,5337047.08266576,25,TRUE,4991146.25112921
"Indole-3-acetamide","Sample_011822",9475.65426752922,4739623.2976654,27,FALSE,4627086.12128544
"Indole-3-acetamide","Sample_011862",7391.28332701445,3567994.10768918,28,FALSE,3561474.30849656
"Indole-3-acetamide","Sample_011867",5949.78631395544,2819366.99007606,29,FALSE,2878844.19893532
"Indole-3-acetamide","Sample_011872",5089.88059914339,2362835.9157462,30,FALSE,2469392.28185739
"Indole-3-acetamide","Sample_011832",11776.9288883398,5459290.66030348,31,FALSE,5842822.85482821
"Indole-3-acetamide","Sample_011837",6194.93407767794,2790922.88031385,32,FALSE,3060666.5826108
"Indole-3-acetamide","Sample_011842",6308.47298501437,2790775.05424134,33,FALSE,3137899.13458197
"Indole-3-acetamide","Sample_011892",6349.25859531215,2761734.3531673,34,FALSE,3185809.68274205
"Indole-3-acetamide","Sample_011897",12507.1166690715,5383840.58701337,35,FALSE,6375970.82669884
"Indole-3-acetamide","Sample_011902",5849.54381968159,2480054.54882469,36,FALSE,3017447.90689169
"Indole-3-acetamide","QC_S_4",9952.61498983924,3989991.8469783,37,TRUE,4991146.25112921
"Indole-3-acetamide","Sample_011823",11277.3313755824,4668662.5508239,39,FALSE,5779596.33707985
"Indole-3-acetamide","Sample_011863",6763.16085014467,2812902.57608053,40,FALSE,3464301.05308269
"Indole-3-acetamide","Sample_011868",7830.37668137122,3268107.39796515,41,FALSE,4004282.44827929
"Indole-3-acetamide","Sample_011873",11515.5311171742,4755522.53031972,42,FALSE,5797029.27419737
"Indole-3-acetamide","Sample_011833",12739.9345424968,5320917.92321325,43,FALSE,6453331.54822333
"Indole-3-acetamide","Sample_011838",7504.76402125711,3137344.15627953,44,FALSE,3785828.49760359
"Indole-3-acetamide","Sample_011843",9864.91190592389,4121909.83915991,45,FALSE,4948911.55746053
"Indole-3-acetamide","Sample_011893",12546.1939822774,5299273.33126349,46,FALSE,6330688.1312615
"Indole-3-acetamide","Sample_011898",7127.06177022133,2985265.47197288,47,FALSE,3548557.16089188
"Indole-3-acetamide","Sample_011903",12864.3956216681,5467109.29177253,48,FALSE,6466534.4948797
"Indole-3-acetamide","QC_S_5",9952.61498983924,4240634.25569686,49,TRUE,4991146.25112921
"Indole-3-acetamide","Sample_011824",7764.0055468927,3293778.46692824,51,FALSE,3846054.37090619
"Indole-3-acetamide","Sample_011864",6468.20013333104,2733745.60709702,52,FALSE,3179546.07828911
"Indole-3-acetamide","Sample_011869",5949.9358265914,2512077.39938165,53,FALSE,2910266.57176386
"Indole-3-acetamide","Sample_011874",11540.238051507,4941053.92761982,54,FALSE,5701889.06274145
"Indole-3-acetamide","Sample_011834",9858.30847289701,4207591.21245256,55,FALSE,4836584.24407899
"Indole-3-acetamide","Sample_011839",6123.02326862137,2593153.18321929,56,FALSE,2969244.89896127
"Indole-3-acetamide","Sample_011844",10182.4604330932,4479410.99941635,57,FALSE,5109259.00381769
"Indole-3-acetamide","Sample_011894",5757.29531914024,2444854.27006643,58,FALSE,2777893.71048592
"Indole-3-acetamide","Sample_011899",6546.65935679631,2790961.29393252,59,FALSE,3158992.03934084
"Indole-3-acetamide","Sample_011904",5189.5858488351,2199831.67486128,60,FALSE,2480405.13062498
"Indole-3-acetamide","QC_S_6",9952.61498983924,4443470.90882131,61,TRUE,4991146.25112921
"Indole-3-lactic acid","QC_S_1",121.049215090779,316712.907140829,1,TRUE,387862.921203833
"Indole-3-lactic acid","Sample_011820",306.465409534803,1010890.57677748,3,FALSE,1191045.78128353
"Indole-3-lactic acid","Sample_011860",20.3244274978397,69310.8415080616,4,FALSE,80143.5609468902
"Indole-3-lactic acid","Sample_011865",185.475715943554,568754.265491496,5,FALSE,645632.92097211
"Indole-3-lactic acid","Sample_011870",166.552666500323,541943.536323718,6,FALSE,604162.149927795
"Indole-3-lactic acid","Sample_011830",209.85575375398,680618.551955598,7,FALSE,745386.477364258
"Indole-3-lactic acid","Sample_011835",306.46588309671,958018.052938839,8,FALSE,1031014.02123298
"Indole-3-lactic acid","Sample_011840",339.249959479874,1097582.05680921,9,FALSE,1161104.46106726
"Indole-3-lactic acid","Sample_011890",291.213055440621,931982.30635224,10,FALSE,969418.372333554
"Indole-3-lactic acid","Sample_011895",269.724304445285,873306.69529305,11,FALSE,893431.664912052
"Indole-3-lactic acid","Sample_011900",314.560632987836,1019387.03761552,12,FALSE,1025988.14830348
"Indole-3-lactic acid","QC_S_2",121.049215090779,391608.769744155,13,TRUE,387862.921203833
"Indole-3-lactic acid","Sample_011821",105.84453423052,368463.071816708,15,FALSE,341933.303826869
"Indole-3-lactic acid","Sample_011861",129.201578432753,452100.540441514,16,FALSE,406728.914221832
"Indole-3-lactic acid","Sample_011866",112.177921793768,400450.277879983,17,FALSE,349580.253246529
"Indole-3-lactic acid","Sample_011871",195.244012850975,718846.03986932,18,FALSE,609458.900553263
"Indole-3-lactic acid","Sample_011831",217.324118073092,828720.238305892,19,FALSE,682947.017853535
"Indole-3-lactic acid","Sample_011836",242.756991296029,942734.231643935,20,FALSE,755751.924861044
"Indole-3-lactic acid","Sample_011841",192.839610370789,761898.340188375,21,FALSE,594593.321173696
"Indole-3-lactic acid","Sample_011891",80.1686526446475,340175.259079617,22,FALSE,258621.115141668
"Indole-3-lactic acid","Sample_011896",166.568244919183,696305.852613803,23,FALSE,516046.972560975
"Indole-3-lactic acid","Sample_011901",102.443459120126,450493.99352639,24,FALSE,325672.733382138
"Indole-3-lactic acid","QC_S_3",121.049215090779,549693.685899612,25,TRUE,387862.921203833
"Indole-3-lactic acid","Sample_011822",56.8010065439134,224077.420269415,27,FALSE,177217.906787933
"Indole-3-lactic acid","Sample_011862",169.504647471969,619960.521962339,28,FALSE,521848.897492548
"Indole-3-lactic acid","Sample_011867",168.228763017379,578119.984903168,29,FALSE,520080.10358905
"Indole-3-lactic acid","Sample_011872",50.0148128307025,160492.096055415,30,FALSE,155036.635219494
"Indole-3-lactic acid","Sample_011832",192.590554587195,585325.043756865,31,FALSE,610490.408364314
"Indole-3-lactic acid","Sample_011837",177.890316133998,495490.029502563,32,FALSE,561545.348222569
"Indole-3-lactic acid","Sample_011842",340.301526518586,871655.211739867,33,FALSE,1081513.19786943
"Indole-3-lactic acid","Sample_011892",261.504521880983,611622.949482404,34,FALSE,838357.41493495
"Indole-3-lactic acid","Sample_011897",406.644457316866,865093.513469356,35,FALSE,1324515.88703731
"Indole-3-lactic acid","Sample_011902",95.1663580954061,180895.056652714,36,FALSE,313656.597311006
"Indole-3-lactic acid","QC_S_4",121.049215090779,194055.530189036,37,TRUE,387862.921203833
"Indole-3-lactic acid","Sample_011823",94.2091149712306,181136.417395201,39,FALSE,308487.295840328
"Indole-3-lactic acid","Sample_011863",114.501268647515,236312.359305761,40,FALSE,374739.439132898
"Indole-3-lactic acid","Sample_011868",325.835016753725,717585.954826273,41,FALSE,1064616.02442099
"Indole-3-lactic acid","Sample_011873",133.206117429392,307395.201826315,42,FALSE,428448.754699599
"Indole-3-lactic acid","Sample_011833",696.684406099471,1715644.83513022,43,FALSE,2254789.82241362
"Indole-3-lactic acid","Sample_011838",293.336089544741,760448.756200716,44,FALSE,945458.754957003
"Indole-3-lactic acid","Sample_011843",506.034746361245,1375040.40842933,45,FALSE,1621996.87814765
"Indole-3-lactic acid","Sample_011893",240.431056217441,690788.331871129,46,FALSE,775144.518341391
"Indole-3-lactic acid","Sample_011898",173.500314525898,515847.527233134,47,FALSE,551943.652788281
"Indole-3-lactic acid","Sample_011903",165.267113390084,519127.477125218,48,FALSE,530788.918308259
"Indole-3-lactic acid","QC_S_5",121.049215090779,396185.751625484,49,TRUE,387862.921203833
"Indole-3-lactic acid","Sample_011824",175.912195765104,588515.321287066,51,FALSE,556773.717968948
"Indole-3-lactic acid","Sample_011864",278.406904104199,939802.86116677,52,FALSE,874409.504725014
"Indole-3-lactic acid","Sample_011869",231.687031015661,791081.694570339,53,FALSE,724061.42058921
"Indole-3-lactic acid","Sample_011874",137.613038722061,482360.525180099,54,FALSE,434426.966022818
"Indole-3-lactic acid","Sample_011834",320.656566588976,1133919.96636241,55,FALSE,1005147.24343719
"Indole-3-lactic acid","Sample_011839",72.0084587277564,255658.022102439,56,FALSE,223108.861002793
"Indole-3-lactic acid","Sample_011844",275.744185431743,1028709.42090515,57,FALSE,884025.404410286
"Indole-3-lactic acid","Sample_011894",99.1589172900061,361155.365788819,58,FALSE,305690.602576091
"Indole-3-lactic acid","Sample_011899",123.517523315321,456676.039991519,59,FALSE,380811.940258003
"Indole-3-lactic acid","Sample_011904",101.638299776273,377736.044794052,60,FALSE,310384.843781654
"Indole-3-lactic acid","QC_S_6",121.049215090779,478920.882623883,61,TRUE,387862.921203833
"Inosine","QC_S_1",17593.7157931115,196748.865468918,1,TRUE,7435522.79914693
"Inosine","Sample_011820",3039.14752693208,690186.860184631,3,FALSE,1557888.69322132
"Inosine","Sample_011860",1612.33849323175,546175.373413433,4,FALSE,838579.39627774
"Inosine","Sample_011865",53322.9377600087,21044733.9387988,5,FALSE,24482193.7380566
"Inosine","Sample_011870",14384.8706332332,7349649.62901274,6,FALSE,6882489.14814808
"Inosine","Sample_011830",5924.33540183295,3541954.71131557,7,FALSE,2775478.81998989
"Inosine","Sample_011835",20330.0101382068,13391253.5512314,8,FALSE,9021062.33065335
"Inosine","Sample_011840",10279.4332636386,7854979.37631438,9,FALSE,4640430.91782076
"Inosine","Sample_011890",14106.1569143252,11774190.2935118,10,FALSE,6193651.52445015
"Inosine","Sample_011895",6495.02999955686,5985451.53057289,11,FALSE,2837658.12442385
"Inosine","Sample_011900",6362.70183079199,6343824.51744151,12,FALSE,2737267.22218484
"Inosine","QC_S_2",17593.7157931114,18781082.8656547,13,TRUE,7435522.79914693
"Inosine","Sample_011821",6735.06943249891,6836196.21845211,15,FALSE,2869807.02798458
"Inosine","Sample_011861",644.059556417546,617813.183873377,16,FALSE,267424.324641399
"Inosine","Sample_011866",5279.48776437447,4857346.45281636,17,FALSE,2170046.00749249
"Inosine","Sample_011871",10072.792170953,8984837.30731304,18,FALSE,4147192.77517919
"Inosine","Sample_011831",9246.17366121986,8027538.12105703,19,FALSE,3832470.17993644
"Inosine","Sample_011836",3794.25552091594,3151456.16270987,20,FALSE,1558015.38395691
"Inosine","Sample_011841",2835.49769480777,2249663.19570673,21,FALSE,1153163.08420144
"Inosine","Sample_011891",15455.8649478052,12357040.7985005,22,FALSE,6576432.40643622
"Inosine","Sample_011896",15325.9610021278,11317433.1408154,23,FALSE,6262711.30252664
"Inosine","Sample_011901",17777.8730309331,12935226.3611613,24,FALSE,7454433.00619731
"Inosine","QC_S_3",17593.7157931115,12367988.0560821,25,TRUE,7435522.79914693
"Inosine","Sample_011822",1717.23914733681,1091531.98027812,27,FALSE,706675.447212338
"Inosine","Sample_011862",6653.66432858815,4012845.46995396,28,FALSE,2701852.88772595
"Inosine","Sample_011867",6928.32884400311,4028156.6479393,29,FALSE,2825115.00511696
"Inosine","Sample_011872",4900.6295021641,2737921.47044609,30,FALSE,2003665.44155453
"Inosine","Sample_011832",5619.87039574108,3071200.84087944,31,FALSE,2349675.08834302
"Inosine","Sample_011837",4573.0045019342,2375634.03625679,32,FALSE,1904021.32041816
"Inosine","Sample_011842",4396.53578938259,2190011.55458309,33,FALSE,1842961.19243423
"Inosine","Sample_011892",4480.61953139364,2138910.29115688,34,FALSE,1894635.74087149
"Inosine","Sample_011897",2143.98712751301,985149.990898538,35,FALSE,921090.152913796
"Inosine","Sample_011902",2587.75391664043,1136382.16425706,36,FALSE,1124945.81079111
"Inosine","QC_S_4",17593.7157931115,7069579.27942746,37,TRUE,7435522.79914693
"Inosine","Sample_011823",18276.2074647901,6989327.59741213,39,FALSE,7893472.31644962
"Inosine","Sample_011863",11693.1862971737,4304603.29456179,40,FALSE,5047654.53680615
"Inosine","Sample_011868",4748.87146637027,1678438.44174072,41,FALSE,2046554.47859272
"Inosine","Sample_011873",19090.6907990091,6377717.36621839,42,FALSE,8099048.68580007
"Inosine","Sample_011833",7581.28633035141,2442772.70622672,43,FALSE,3236313.06578895
"Inosine","Sample_011838",4176.76471240219,1282255.25193403,44,FALSE,1775639.3131923
"Inosine","Sample_011843",7411.24704396059,2160310.10283773,45,FALSE,3133275.74665873
"Inosine","Sample_011893",13717.96928036,3831413.19418522,46,FALSE,5833370.92905433
"Inosine","Sample_011898",8637.86621271358,2262166.12660711,47,FALSE,3624420.69385239
"Inosine","Sample_011903",12790.0676362273,3204698.67108206,48,FALSE,5418086.04519068
"Inosine","QC_S_5",17593.7157931115,4155102.49953065,49,TRUE,7435522.79914693
"Inosine","Sample_011824",8006.64412737284,1709576.66555925,51,FALSE,3342496.44434491
"Inosine","Sample_011864",3345.90040983442,676113.895278857,52,FALSE,1386071.16878196
"Inosine","Sample_011869",19299.4130367472,3692174.19888484,53,FALSE,7955279.37171291
"Inosine","Sample_011874",29445.3575692845,5400068.17122271,54,FALSE,12260598.5923925
"Inosine","Sample_011834",7254.97348187271,1250128.67571792,55,FALSE,2999597.8138284
"Inosine","Sample_011839",10875.6200419134,1747096.99521475,56,FALSE,4444521.19147164
"Inosine","Sample_011844",26217.1959882984,4095400.49046912,57,FALSE,11086188.8937117
"Inosine","Sample_011894",21610.994707126,3038165.31010381,58,FALSE,8787447.02831381
"Inosine","Sample_011899",25734.9784580606,3370430.87146148,59,FALSE,10465101.4405407
"Inosine","Sample_011904",10642.4927363786,1279104.85020603,60,FALSE,4286710.24055079
"Inosine","QC_S_6",17593.7157931115,2042635.22871783,61,TRUE,7435522.79914693
"Itaconate","QC_S_1",34.7499997320417,238039.128273179,1,TRUE,255251.6812347
"Itaconate","Sample_011820",39.3528065225205,333110.530865289,3,FALSE,350606.708578716
"Itaconate","Sample_011860",44.1159340516284,382384.126869649,4,FALSE,398789.130182944
"Itaconate","Sample_011865",35.1717697112055,271580.762274967,5,FALSE,280666.352876406
"Itaconate","Sample_011870",36.0498733223361,292703.762694882,6,FALSE,299780.366333994
"Itaconate","Sample_011830",35.9242953843856,288172.802640215,7,FALSE,292513.831598426
"Itaconate","Sample_011835",36.3950258131424,278981.65940072,8,FALSE,280686.799355937
"Itaconate","Sample_011840",38.996891362366,306793.365680654,9,FALSE,305970.106177548
"Itaconate","Sample_011890",40.6052550346032,313420.388298924,10,FALSE,309870.45304193
"Itaconate","Sample_011895",38.0760831622558,294975.274669538,11,FALSE,289128.594398194
"Itaconate","Sample_011900",41.2339921118336,317249.450044982,12,FALSE,308312.318311899
"Itaconate","QC_S_2",34.7499997320417,264888.148417187,13,TRUE,255251.6812347
"Itaconate","Sample_011821",40.7438815606689,320236.915025725,15,FALSE,301740.000341366
"Itaconate","Sample_011861",53.998443994466,418163.392400358,16,FALSE,389687.067219245
"Itaconate","Sample_011866",37.5319049877972,290875.317758793,17,FALSE,268125.198013456
"Itaconate","Sample_011871",39.4866404348884,309864.417352672,18,FALSE,282562.421166433
"Itaconate","Sample_011831",32.9942515728241,263457.271971597,19,FALSE,237692.176799139
"Itaconate","Sample_011836",35.1262914306366,280815.857048482,20,FALSE,250690.187588553
"Itaconate","Sample_011841",35.8712016549518,287007.023931137,21,FALSE,253552.108326238
"Itaconate","Sample_011891",31.2916184826347,264669.719526613,22,FALSE,231411.502042496
"Itaconate","Sample_011896",32.7595757331509,268843.857243333,23,FALSE,232665.940711376
"Itaconate","Sample_011901",32.193007598286,273858.633017967,24,FALSE,234615.249115656
"Itaconate","QC_S_3",34.7499997320416,300952.196097688,25,TRUE,255251.6812347
"Itaconate","Sample_011822",35.9025020777111,294794.650702694,27,FALSE,256787.4569018
"Itaconate","Sample_011862",39.2445802527727,313672.65131288,28,FALSE,276974.870422809
"Itaconate","Sample_011867",37.7715467181305,299004.37030958,29,FALSE,267690.079442741
"Itaconate","Sample_011872",37.5834949564613,294171.63790515,30,FALSE,267073.236388311
"Itaconate","Sample_011832",38.3673245428528,302769.633449675,31,FALSE,278806.501150059
"Itaconate","Sample_011837",33.504412722066,259532.531837444,32,FALSE,242455.508900252
"Itaconate","Sample_011842",32.5435479182822,250120.43168945,33,FALSE,237099.33939706
"Itaconate","Sample_011892",38.6276502146292,295073.199785299,34,FALSE,283887.203249992
"Itaconate","Sample_011897",37.3799872514694,285779.634767551,35,FALSE,279112.304842124
"Itaconate","Sample_011902",34.9686498704015,266420.882644184,36,FALSE,264208.850197224
"Itaconate","QC_S_4",34.7499997320417,253428.405832743,37,TRUE,255251.6812347
"Itaconate","Sample_011823",31.7134636691751,232187.674264418,39,FALSE,238059.521469553
"Itaconate","Sample_011863",40.4094855946147,293045.297263957,40,FALSE,303179.578787224
"Itaconate","Sample_011868",38.4396506890151,275773.499105891,41,FALSE,287920.239927481
"Itaconate","Sample_011873",35.9331055956926,251452.817535154,42,FALSE,264951.869269304
"Itaconate","Sample_011833",36.6006268314881,255339.326595984,43,FALSE,271553.883928702
"Itaconate","Sample_011838",40.3588009635299,277785.146620933,44,FALSE,298203.587702201
"Itaconate","Sample_011843",40.7556888496905,276342.470817222,45,FALSE,299471.455300359
"Itaconate","Sample_011893",46.409324067446,313504.643463972,46,FALSE,343000.598927072
"Itaconate","Sample_011898",41.7630354756176,275708.492325416,47,FALSE,304567.847156536
"Itaconate","Sample_011903",44.3326464425679,292616.614192679,48,FALSE,326404.834245546
"Itaconate","QC_S_5",34.7499997320416,226592.660012689,49,TRUE,255251.6812347
"Itaconate","Sample_011824",39.5962820678361,258984.7381769,51,FALSE,287299.391217558
"Itaconate","Sample_011864",41.6741032019791,272540.657772488,52,FALSE,300053.468220759
"Itaconate","Sample_011869",39.6093065119559,259698.528708102,53,FALSE,283771.281803565
"Itaconate","Sample_011874",42.1124335931234,281002.433599507,54,FALSE,304764.971115605
"Itaconate","Sample_011834",38.0642203460989,254079.117105076,55,FALSE,273529.39571302
"Itaconate","Sample_011839",39.1114134209503,259953.41999449,56,FALSE,277801.338570359
"Itaconate","Sample_011844",37.0507056954365,256676.714693554,57,FALSE,272302.974866785
"Itaconate","Sample_011894",42.4659219243137,284952.417779557,58,FALSE,300115.473983001
"Itaconate","Sample_011899",37.7604853380862,255227.941708165,59,FALSE,266880.639286831
"Itaconate","Sample_011904",41.6812450614478,281058.872955594,60,FALSE,291797.332582863
"Itaconate","QC_S_6",34.7499997320417,247609.548774714,61,TRUE,255251.6812347
"Kynurenic Acid","QC_S_1",0.0871295286277085,15649.1859340033,1,TRUE,12961.5946482062
"Kynurenic Acid","Sample_011820",0.049320625138992,10428.771031417,3,FALSE,8899.22832120069
"Kynurenic Acid","Sample_011860",0.0786395389518982,16615.9344874588,4,FALSE,14396.8691458484
"Kynurenic Acid","Sample_011865",0.107392542713159,19723.2992928617,5,FALSE,17355.9951786139
"Kynurenic Acid","Sample_011870",0.0516438783489126,9729.60262860925,6,FALSE,8697.56249036809
"Kynurenic Acid","Sample_011830",0.0779241183502564,14147.0257986472,7,FALSE,12850.1829415696
"Kynurenic Acid","Sample_011835",0.118678367201996,20078.5408502806,8,FALSE,18536.630136074
"Kynurenic Acid","Sample_011840",0.042218685972377,7147.65192125256,9,FALSE,6708.61680815565
"Kynurenic Acid","Sample_011890",0.150278185566182,24333.92644286,10,FALSE,23225.9310625184
"Kynurenic Acid","Sample_011895",0.0723228460550115,11455.5712743612,11,FALSE,11122.2730235153
"Kynurenic Acid","Sample_011900",0.0601975996817156,9227.2532727675,12,FALSE,9115.78205366501
"Kynurenic Acid","QC_S_2",0.0871295286277085,12890.1764569546,13,TRUE,12961.5946482062
"Kynurenic Acid","Sample_011821",0.0469631100578163,7282.00130750094,15,FALSE,7043.79326159473
"Kynurenic Acid","Sample_011861",0.0855618681395832,13174.1158799653,16,FALSE,12505.3044952327
"Kynurenic Acid","Sample_011866",0.0426985481176498,6629.6151825084,17,FALSE,6177.73671231001
"Kynurenic Acid","Sample_011871",0.132850097771881,21040.2143891553,18,FALSE,19253.3081511407
"Kynurenic Acid","Sample_011831",0.0839576335064279,13627.1831316594,19,FALSE,12249.4350850645
"Kynurenic Acid","Sample_011836",0.0707033217036566,11569.7418990061,20,FALSE,10219.3698784951
"Kynurenic Acid","Sample_011841",0.0525827192304228,8670.05080369951,21,FALSE,7527.37595113327
"Kynurenic Acid","Sample_011891",0.137309154693872,24091.5970127121,22,FALSE,20565.3295634435
"Kynurenic Acid","Sample_011896",0.0761118263199812,13040.2333853347,23,FALSE,10947.7772544574
"Kynurenic Acid","Sample_011901",0.0695253715473301,12424.7539340885,24,FALSE,10261.6516545953
"Kynurenic Acid","QC_S_3",0.0871295286277085,15948.7083933033,25,TRUE,12961.5946482062
"Kynurenic Acid","Sample_011822",0.0628396084264037,10187.3748902066,27,FALSE,9102.523853996
"Kynurenic Acid","Sample_011862",0.0984435177064791,14965.1806286185,28,FALSE,14071.0682280639
"Kynurenic Acid","Sample_011867",0.070885185442056,10254.6624025965,29,FALSE,10174.2464312373
"Kynurenic Acid","Sample_011872",0.0646187495693467,8855.8225761377,30,FALSE,9299.74458293731
"Kynurenic Acid","Sample_011832",0.143904276644643,18989.1651232758,31,FALSE,21178.4585207654
"Kynurenic Acid","Sample_011837",0.146154704643151,18014.0655925128,32,FALSE,21420.1304489372
"Kynurenic Acid","Sample_011842",0.0732777666087821,8491.40576388558,33,FALSE,10812.2713210383
"Kynurenic Acid","Sample_011892",0.0771903504954333,8383.786714018,34,FALSE,11489.2003946896
"Kynurenic Acid","Sample_011897",0.141444910873555,14418.2439189182,35,FALSE,21389.7853207636
"Kynurenic Acid","Sample_011902",0.12698730644681,12017.1239020948,36,FALSE,19431.578129229
"Kynurenic Acid","QC_S_4",0.0871295286277085,7294.70762721824,37,TRUE,12961.5946482062
"Kynurenic Acid","Sample_011823",0.0863052279196659,7895.20724087957,39,FALSE,13120.7375388237
"Kynurenic Acid","Sample_011863",0.103369390119915,9757.15391048012,40,FALSE,15706.8046564969
"Kynurenic Acid","Sample_011868",0.117835079780092,11452.0994906962,41,FALSE,17875.0237937984
"Kynurenic Acid","Sample_011873",0.224237714210244,22105.5089072075,42,FALSE,33485.759771459
"Kynurenic Acid","Sample_011833",0.130333759192154,13309.6905435666,43,FALSE,19584.1029032737
"Kynurenic Acid","Sample_011838",0.0903400441618127,9450.73874304375,44,FALSE,13518.6764163662
"Kynurenic Acid","Sample_011843",0.120254181517177,12859.0394861737,45,FALSE,17895.6157929568
"Kynurenic Acid","Sample_011893",0.165539349668247,18287.0367487894,46,FALSE,24778.2223180518
"Kynurenic Acid","Sample_011898",0.094175222461212,10536.3465107479,47,FALSE,13909.3846245695
"Kynurenic Acid","Sample_011903",0.120047722159682,13908.1752595031,48,FALSE,17900.5392506898
"Kynurenic Acid","QC_S_5",0.0871295286277085,10323.1342081548,49,TRUE,12961.5946482062
"Kynurenic Acid","Sample_011824",0.0816837921306754,10384.0650808725,51,FALSE,12003.15607424
"Kynurenic Acid","Sample_011864",0.0569826811559026,7473.60260040632,52,FALSE,8309.11047594591
"Kynurenic Acid","Sample_011869",0.0639797884209811,8668.3994105149,53,FALSE,9283.10511306052
"Kynurenic Acid","Sample_011874",0.111893395090225,15876.9347581631,54,FALSE,16399.7952711947
"Kynurenic Acid","Sample_011834",0.0978433429530595,14274.5298179731,55,FALSE,14239.594271748
"Kynurenic Acid","Sample_011839",0.0786771728266957,11734.0840782244,56,FALSE,11317.7171016112
"Kynurenic Acid","Sample_011844",0.116887859576515,18635.6491710214,57,FALSE,17398.2101770666
"Kynurenic Acid","Sample_011894",0.0681596420988453,10784.4362695233,58,FALSE,9755.60927545594
"Kynurenic Acid","Sample_011899",0.0722349021633442,11785.0879599704,59,FALSE,10339.6504233513
"Kynurenic Acid","Sample_011904",0.0603554732174341,10047.3877713183,60,FALSE,8557.29608373347
"Kynurenic Acid","QC_S_6",0.0871295286277085,15663.6552696028,61,TRUE,12961.5946482062
"Kynurenine","QC_S_1",27.0402039095626,72079.8481326346,1,TRUE,180812.727598003
"Kynurenine","Sample_011820",39.8953200834312,162375.554255808,3,FALSE,323572.56737648
"Kynurenine","Sample_011860",100.429161816421,457361.713939196,4,FALSE,826442.99162609
"Kynurenine","Sample_011865",57.3643733513439,252114.598296046,5,FALSE,416719.298826427
"Kynurenine","Sample_011870",48.9003493184186,243057.567191017,6,FALSE,370183.139378877
"Kynurenine","Sample_011830",59.0483941159042,309965.050115492,7,FALSE,437694.882234572
"Kynurenine","Sample_011835",40.8946027603744,218137.516568732,8,FALSE,287111.891406431
"Kynurenine","Sample_011840",45.9779443613298,266448.903497188,9,FALSE,328400.484108014
"Kynurenine","Sample_011890",62.9444199289464,377348.083857763,10,FALSE,437280.780799042
"Kynurenine","Sample_011895",53.6104609552514,338915.943595262,11,FALSE,370589.874673411
"Kynurenine","Sample_011900",42.3210089243904,278309.293311661,12,FALSE,288069.139734633
"Kynurenine","QC_S_2",27.0402039095626,184014.652608626,13,TRUE,180812.727598003
"Kynurenine","Sample_011821",30.9215184791972,226073.215484083,15,FALSE,208466.621624592
"Kynurenine","Sample_011861",71.7133459899486,526643.302751522,16,FALSE,471129.136146425
"Kynurenine","Sample_011866",48.591010159417,363790.617523895,17,FALSE,316008.074312949
"Kynurenine","Sample_011871",46.7213390086739,360536.790990997,18,FALSE,304358.005003403
"Kynurenine","Sample_011831",41.0818075249832,328142.825620326,19,FALSE,269420.960247926
"Kynurenine","Sample_011836",37.5253375084183,305075.165650284,20,FALSE,243800.657110591
"Kynurenine","Sample_011841",35.5652454275649,294005.68396173,21,FALSE,228850.750175512
"Kynurenine","Sample_011891",26.1833600005486,232342.744996902,22,FALSE,176273.700353418
"Kynurenine","Sample_011896",40.0619528769933,350052.483517952,23,FALSE,259019.159433392
"Kynurenine","Sample_011901",24.8435060959258,228248.963642697,24,FALSE,164821.097025153
"Kynurenine","QC_S_3",27.0402039095626,256429.173940936,25,TRUE,180812.727598003
"Kynurenine","Sample_011822",22.1075134186937,187904.882310549,27,FALSE,143944.215529611
"Kynurenine","Sample_011862",38.8687494700932,311909.604714521,28,FALSE,249727.562040962
"Kynurenine","Sample_011867",46.2381855351652,355768.680518884,29,FALSE,298313.920904884
"Kynurenine","Sample_011872",44.095726448239,324107.15667585,30,FALSE,285256.097946151
"Kynurenine","Sample_011832",45.2761158949636,323412.986719067,31,FALSE,299513.066233779
"Kynurenine","Sample_011837",46.5547719907335,313864.828697055,32,FALSE,306689.904347178
"Kynurenine","Sample_011842",47.6623128359395,305681.638147497,33,FALSE,316115.497996374
"Kynurenine","Sample_011892",60.565367167569,368978.527710019,34,FALSE,405207.159618693
"Kynurenine","Sample_011897",71.4101067996178,414629.119120363,35,FALSE,485405.559795899
"Kynurenine","Sample_011902",57.9482877206596,317982.250845563,36,FALSE,398578.927182026
"Kynurenine","QC_S_4",27.0402039095626,134052.516922247,37,TRUE,180812.727598003
"Kynurenine","Sample_011823",30.8677906616247,161269.115395118,39,FALSE,210936.946545824
"Kynurenine","Sample_011863",75.0627881601244,397896.869003806,40,FALSE,512680.199807821
"Kynurenine","Sample_011868",64.6680343388785,347328.531980994,41,FALSE,440948.280107963
"Kynurenine","Sample_011873",36.2926646361195,194708.171839467,42,FALSE,243610.67744744
"Kynurenine","Sample_011833",56.1593348017607,307557.63255104,43,FALSE,379310.338571157
"Kynurenine","Sample_011838",58.8896631827358,325766.339141977,44,FALSE,396112.829803128
"Kynurenine","Sample_011843",49.455410995928,275894.460746857,45,FALSE,330815.797408965
"Kynurenine","Sample_011893",63.6953036187746,362363.799958541,46,FALSE,428550.767303377
"Kynurenine","Sample_011898",65.7688233864544,374252.08937847,47,FALSE,436633.746532433
"Kynurenine","Sample_011903",55.7979339413717,324884.070557269,48,FALSE,373986.799242896
"Kynurenine","QC_S_5",27.0402039095626,159165.614935795,49,TRUE,180812.727598003
"Kynurenine","Sample_011824",27.6361542196223,180874.046114433,51,FALSE,182542.138323018
"Kynurenine","Sample_011864",51.9401659633879,356152.768350647,52,FALSE,340440.289202625
"Kynurenine","Sample_011869",48.3361194915688,347225.01431768,53,FALSE,315245.005287699
"Kynurenine","Sample_011874",42.2358107578151,321866.072340334,54,FALSE,278253.588991839
"Kynurenine","Sample_011834",43.4273254341202,344324.582758278,55,FALSE,284089.629359361
"Kynurenine","Sample_011839",41.3753499519188,339050.084336711,56,FALSE,267533.22994354
"Kynurenine","Sample_011844",29.0314843214598,256899.061807159,57,FALSE,194236.289145581
"Kynurenine","Sample_011894",39.6290258981054,351305.517007029,58,FALSE,254956.717029662
"Kynurenine","Sample_011899",40.1700942743505,370418.437046803,59,FALSE,258456.573429375
"Kynurenine","Sample_011904",31.8951701271576,302562.732453403,60,FALSE,203268.829763546
"Kynurenine","QC_S_6",27.0402039095626,279134.559047781,61,TRUE,180812.727598003
"LA","QC_S_1",28.5768141538809,293291.674238254,1,TRUE,262950.018056309
"LA","Sample_011820",16.1962234993652,197316.299139147,3,FALSE,180760.636266259
"LA","Sample_011860",16.4706416186048,201373.561216895,4,FALSE,186510.780616928
"LA","Sample_011865",19.749600032352,210807.075067938,5,FALSE,197424.03499708
"LA","Sample_011870",22.5254949909821,247763.447899959,6,FALSE,234649.360572511
"LA","Sample_011830",17.5761865241546,187164.631912802,7,FALSE,179278.574196793
"LA","Sample_011835",24.2161188854394,241460.769778065,8,FALSE,233953.790224152
"LA","Sample_011840",20.3389836010939,203940.60202051,9,FALSE,199905.085983914
"LA","Sample_011890",21.9331239476919,211411.262748236,10,FALSE,209673.72280572
"LA","Sample_011895",20.8057517135627,197194.888005794,11,FALSE,197910.018104063
"LA","Sample_011900",23.9631558192874,220970.741373602,12,FALSE,224452.834334487
"LA","QC_S_2",28.5768141538809,255741.511254962,13,TRUE,262950.018056309
"LA","Sample_011821",23.144900274829,206983.076778865,15,FALSE,214719.451198293
"LA","Sample_011861",20.8917586716098,181248.127124027,16,FALSE,188866.675892294
"LA","Sample_011866",22.3096741081858,190739.226371362,17,FALSE,199652.998547669
"LA","Sample_011871",30.035736087998,256064.52965582,18,FALSE,269245.272572515
"LA","Sample_011831",34.1720079408869,291959.275126214,19,FALSE,308384.608276415
"LA","Sample_011836",26.8947858900032,226603.989093351,20,FALSE,240446.641397104
"LA","Sample_011841",23.2841209931958,193413.039620314,21,FALSE,206170.600995184
"LA","Sample_011891",28.7147671029449,248409.290180004,22,FALSE,266016.026283458
"LA","Sample_011896",32.3207795876596,267284.496022776,23,FALSE,287555.686687505
"LA","Sample_011901",25.207586938141,212914.775015233,24,FALSE,230129.104047803
"LA","QC_S_3",28.5768141538809,242147.777676949,25,TRUE,262950.018056309
"LA","Sample_011822",27.3208079009108,232647.195280307,27,FALSE,244786.924995326
"LA","Sample_011862",20.8682138044826,178071.136055606,28,FALSE,184497.950410674
"LA","Sample_011867",19.7811791634487,172090.965144954,29,FALSE,175616.481866518
"LA","Sample_011872",22.8333657071393,202177.960226627,30,FALSE,203258.505077802
"LA","Sample_011832",23.3761355334533,214803.537750829,31,FALSE,212794.150782339
"LA","Sample_011837",21.3711984272627,198422.111266889,32,FALSE,193733.405161087
"LA","Sample_011842",19.7952292435558,187702.796308135,33,FALSE,180663.978613346
"LA","Sample_011892",21.46112039745,208195.16931171,34,FALSE,197581.148711259
"LA","Sample_011897",24.1316350959272,241178.214252811,35,FALSE,225721.107522348
"LA","Sample_011902",20.5682152927813,210879.559608969,36,FALSE,194675.229244532
"LA","QC_S_4",28.5768141538809,288718.26278968,37,TRUE,262950.018056309
"LA","Sample_011823",19.8133181095908,201972.300246805,39,FALSE,186313.652656014
"LA","Sample_011863",18.3300393154271,185553.399987173,40,FALSE,172276.328862149
"LA","Sample_011868",21.9347045755925,220237.570057805,41,FALSE,205811.738630666
"LA","Sample_011873",22.8558184334429,224437.470457186,42,FALSE,211112.816785255
"LA","Sample_011833",29.1116323971112,285759.848385117,43,FALSE,270570.000763457
"LA","Sample_011838",23.7652766022533,230784.419420397,44,FALSE,219969.805728925
"LA","Sample_011843",30.3592904230006,291239.625686917,45,FALSE,279450.18450238
"LA","Sample_011893",28.1355478208034,269662.063230562,46,FALSE,260489.726455277
"LA","Sample_011898",25.3547254923599,238171.185826228,47,FALSE,231630.901886854
"LA","Sample_011903",25.5405913127263,240572.321346163,48,FALSE,235564.293602187
"LA","QC_S_5",28.5768141538809,266705.894216739,49,TRUE,262950.018056309
"LA","Sample_011824",22.9184405570003,206583.964949509,51,FALSE,208310.398035696
"LA","Sample_011864",21.8809545188679,193490.338659443,52,FALSE,197353.230751846
"LA","Sample_011869",25.1942016446754,219131.228055345,53,FALSE,226108.762425259
"LA","Sample_011874",24.9425138167768,216590.965577894,54,FALSE,226120.80349534
"LA","Sample_011834",30.8120178317092,262545.9105707,55,FALSE,277365.727418507
"LA","Sample_011839",21.1209283220914,175765.154409548,56,FALSE,187927.101150335
"LA","Sample_011844",26.1104965099077,222119.992905897,57,FALSE,240390.12363478
"LA","Sample_011894",26.5357717237778,214416.915371947,58,FALSE,234922.786014645
"LA","Sample_011899",25.3715419355419,202489.41182767,59,FALSE,224632.169911497
"LA","Sample_011904",28.9654811944692,226113.099534307,60,FALSE,254019.449646734
"LA","QC_S_6",28.5768141538809,231094.988161272,61,TRUE,262950.018056309
"Lactate","QC_S_1",225026.844075795,17095318.7118488,1,TRUE,23838358.754111
"Lactate","Sample_011820",164054.744516651,16302096.3025979,3,FALSE,21079559.0777763
"Lactate","Sample_011860",213995.183171112,22359857.4872987,4,FALSE,27898448.2292087
"Lactate","Sample_011865",244545.173924015,23347738.2029445,5,FALSE,28143845.8284144
"Lactate","Sample_011870",114054.593290807,11732084.4266485,6,FALSE,13678561.8807989
"Lactate","Sample_011830",125925.43128341,13099089.0160223,7,FALSE,14787672.0719706
"Lactate","Sample_011835",209665.088346445,21312994.2690555,8,FALSE,23320308.6609509
"Lactate","Sample_011840",128810.773345099,13730847.7153192,9,FALSE,14575699.7153209
"Lactate","Sample_011890",320233.055545782,34192515.9122934,10,FALSE,35244576.7945533
"Lactate","Sample_011895",184365.084447581,20155353.2279219,11,FALSE,20190434.7802623
"Lactate","Sample_011900",148786.523226441,16467719.6688522,12,FALSE,16044541.287325
"Lactate","QC_S_2",225026.844075795,25137262.8325921,13,TRUE,23838358.754111
"Lactate","Sample_011821",179744.333091068,19863711.8998831,15,FALSE,19197908.1303852
"Lactate","Sample_011861",188038.39044463,20055759.3974672,16,FALSE,19570841.0057774
"Lactate","Sample_011866",171488.738107735,17931351.6133191,17,FALSE,17668547.2775834
"Lactate","Sample_011871",193712.395718148,20091077.7546246,18,FALSE,19991705.5526469
"Lactate","Sample_011831",175997.793954611,18195519.6003034,19,FALSE,18285719.2255905
"Lactate","Sample_011836",123483.169412841,12521300.5823128,20,FALSE,12709867.389201
"Lactate","Sample_011841",121581.947219279,12087574.1324171,21,FALSE,12394203.1884515
"Lactate","Sample_011891",319929.845382635,32940315.7216162,22,FALSE,34122424.9402236
"Lactate","Sample_011896",252899.517588015,24750287.817938,23,FALSE,25904234.4115204
"Lactate","Sample_011901",209334.425985457,20804055.7306878,24,FALSE,22002070.7210298
"Lactate","QC_S_3",225026.844075795,22304275.4080764,25,TRUE,23838358.754111
"Lactate","Sample_011822",188677.308927385,19407306.5332114,27,FALSE,19462426.250332
"Lactate","Sample_011862",179373.433834864,18767653.4363003,28,FALSE,18257739.9878323
"Lactate","Sample_011867",152959.30795388,16551607.3874161,29,FALSE,15634054.9351026
"Lactate","Sample_011872",137844.960648534,15390745.1913969,30,FALSE,14127077.1133096
"Lactate","Sample_011832",170549.965918314,20022623.882044,31,FALSE,17873978.6086066
"Lactate","Sample_011837",98510.3815324613,11833271.9135807,32,FALSE,10281116.1081815
"Lactate","Sample_011842",112279.683778674,13941642.1909848,33,FALSE,11797631.9346888
"Lactate","Sample_011892",242083.298141371,31111417.8504285,34,FALSE,25659049.8253001
"Lactate","Sample_011897",211837.279907853,28361565.9027877,35,FALSE,22812371.8252585
"Lactate","Sample_011902",114688.199765055,15921713.2486248,36,FALSE,12497278.5103035
"Lactate","QC_S_4",225026.844075795,31103698.4684242,37,TRUE,23838358.754111
"Lactate","Sample_011823",172293.506159283,23326355.8584702,39,FALSE,18652583.9917946
"Lactate","Sample_011863",161367.205979408,21362513.6278403,40,FALSE,17460638.4202447
"Lactate","Sample_011868",131099.012731259,16942746.0856541,41,FALSE,14161863.3832545
"Lactate","Sample_011873",169056.940716933,21020598.7331749,42,FALSE,17977672.1492906
"Lactate","Sample_011833",125375.769642049,15322716.6891395,43,FALSE,13415575.9944962
"Lactate","Sample_011838",102822.765833755,12217680.4993254,44,FALSE,10957011.2389963
"Lactate","Sample_011843",115733.494954061,13343344.3026151,45,FALSE,12264630.8123363
"Lactate","Sample_011893",318601.91574467,36026361.2691154,46,FALSE,33959886.8367492
"Lactate","Sample_011898",216311.236830991,23518729.2050455,47,FALSE,22750937.2824661
"Lactate","Sample_011903",224884.382766826,24037913.1097435,48,FALSE,23879236.5579193
"Lactate","QC_S_5",225026.844075795,23350678.6933413,49,TRUE,23838358.754111
"Lactate","Sample_011824",155616.01286859,16029284.4214985,51,FALSE,16284063.8462537
"Lactate","Sample_011864",204452.040256684,20949013.8881208,52,FALSE,21230100.6537581
"Lactate","Sample_011869",141746.177998681,14487048.6833419,53,FALSE,14645721.687281
"Lactate","Sample_011874",168605.521069572,17449335.8678531,54,FALSE,17597651.6995942
"Lactate","Sample_011834",154297.28335951,15894623.0438349,55,FALSE,15990924.1494908
"Lactate","Sample_011839",136383.259765711,13920239.7692453,56,FALSE,13970762.3753774
"Lactate","Sample_011844",182189.817977065,19287779.7513219,57,FALSE,19311153.6746753
"Lactate","Sample_011894",259046.726548931,26434619.4586655,58,FALSE,26403053.5347786
"Lactate","Sample_011899",210767.468624036,21561182.9393722,59,FALSE,21483809.730684
"Lactate","Sample_011904",134051.237245881,13615727.4291154,60,FALSE,13534420.868341
"Lactate","QC_S_6",225026.844075795,24038918.4103833,61,TRUE,23838358.754111
"L-Dopa","QC_S_1",112.177075949182,382872.384402114,1,TRUE,606674.358155339
"L-Dopa","Sample_011820",55.1481938456786,304741.950572955,3,FALSE,361754.150933365
"L-Dopa","Sample_011860",55.2111254123464,348372.449203798,4,FALSE,367461.760570548
"L-Dopa","Sample_011865",183.448802279193,1135706.61103233,5,FALSE,1077826.18245019
"L-Dopa","Sample_011870",50.2880909584214,356958.190601237,6,FALSE,307894.769015916
"L-Dopa","Sample_011830",58.2603677277976,441834.997366817,7,FALSE,349276.275852034
"L-Dopa","Sample_011835",139.815419697104,1088177.73826125,8,FALSE,793912.693232551
"L-Dopa","Sample_011840",56.9289528947274,485506.536811196,9,FALSE,328866.716879099
"L-Dopa","Sample_011890",108.037367728664,960291.190603318,10,FALSE,607029.276360783
"L-Dopa","Sample_011895",53.2816275458929,502717.570103717,11,FALSE,297888.66549696
"L-Dopa","Sample_011900",62.4815333233865,616831.168792101,12,FALSE,343973.424740931
"L-Dopa","QC_S_2",112.177075949182,1152015.50790715,13,TRUE,606674.358155339
"L-Dopa","Sample_011821",46.3808862688478,431666.067290927,15,FALSE,252899.078669055
"L-Dopa","Sample_011861",26.3821415046905,225807.809949803,16,FALSE,140178.85589802
"L-Dopa","Sample_011866",78.936645631077,628955.504268265,17,FALSE,415196.235951268
"L-Dopa","Sample_011871",110.143305548083,823357.305780404,18,FALSE,580309.984059342
"L-Dopa","Sample_011831",60.1115558684232,421763.419216205,19,FALSE,318839.628003976
"L-Dopa","Sample_011836",38.0166817929066,245068.634983452,20,FALSE,199763.878349142
"L-Dopa","Sample_011841",38.6905497773329,227688.12237853,21,FALSE,201355.69617445
"L-Dopa","Sample_011891",168.207501008973,947718.901835185,22,FALSE,915882.986762075
"L-Dopa","Sample_011896",78.04456475629,383108.751376378,23,FALSE,408107.828318754
"L-Dopa","Sample_011901",104.758410133799,473705.868161626,24,FALSE,562109.986599501
"L-Dopa","QC_S_3",112.177075949182,453011.152349782,25,TRUE,606674.358155339
"L-Dopa","Sample_011822",50.2548799057527,240165.991401161,27,FALSE,264645.82561676
"L-Dopa","Sample_011862",108.839812191379,558722.608040074,28,FALSE,565569.761355026
"L-Dopa","Sample_011867",49.2685406584817,274639.433678284,29,FALSE,257083.926428328
"L-Dopa","Sample_011872",49.8174560732233,299400.020064341,30,FALSE,260646.843927375
"L-Dopa","Sample_011832",66.0496850232409,434338.228741506,31,FALSE,353386.414676189
"L-Dopa","Sample_011837",30.9502492658679,215936.906016198,32,FALSE,164904.27549502
"L-Dopa","Sample_011842",27.7198452992234,206664.376718804,33,FALSE,148694.178619755
"L-Dopa","Sample_011892",35.2642622105714,280551.696370738,34,FALSE,190818.310644328
"L-Dopa","Sample_011897",37.0027326603378,315445.94665832,35,FALSE,203428.290916507
"L-Dopa","Sample_011902",18.6223461166308,168968.611791478,36,FALSE,103595.432754374
"L-Dopa","QC_S_4",112.177075949182,1038284.80697864,37,TRUE,606674.358155339
"L-Dopa","Sample_011823",43.4344290574064,366987.375939973,39,FALSE,240056.63521403
"L-Dopa","Sample_011863",23.1094269035098,183495.177977718,40,FALSE,127656.671640528
"L-Dopa","Sample_011868",24.8180648919155,184232.392946131,41,FALSE,136866.889425993
"L-Dopa","Sample_011873",61.7078465965425,420339.277374982,42,FALSE,335004.270832761
"L-Dopa","Sample_011833",38.8972914982025,247200.048508493,43,FALSE,212483.188759237
"L-Dopa","Sample_011838",34.4372327436071,200841.495973923,44,FALSE,187344.338403734
"L-Dopa","Sample_011843",43.1780757687432,229089.753921106,45,FALSE,233597.50373854
"L-Dopa","Sample_011893",60.3062398395421,291855.429262784,46,FALSE,328162.993074732
"L-Dopa","Sample_011898",45.4534213376887,194764.487750374,47,FALSE,244059.823797257
"L-Dopa","Sample_011903",84.7215857960603,324553.368471853,48,FALSE,459266.448541469
"L-Dopa","QC_S_5",112.177075949182,373308.56791925,49,TRUE,606674.358155339
"L-Dopa","Sample_011824",51.2877494864084,158602.200106355,51,FALSE,273988.072597511
"L-Dopa","Sample_011864",54.3458708796562,161515.054817032,52,FALSE,288095.62225548
"L-Dopa","Sample_011869",70.1801325469455,200788.363873896,53,FALSE,370188.655492481
"L-Dopa","Sample_011874",77.3822457978156,216121.072917383,54,FALSE,412319.389087369
"L-Dopa","Sample_011834",74.2848022700659,198842.897338457,55,FALSE,393029.145618674
"L-Dopa","Sample_011839",50.3525474874339,128420.011969857,56,FALSE,263323.724455547
"L-Dopa","Sample_011844",123.741318760419,314340.870914191,57,FALSE,669589.076578629
"L-Dopa","Sample_011894",67.7091255568575,158971.491095945,58,FALSE,352316.314832378
"L-Dopa","Sample_011899",94.2790395878467,212423.700650982,59,FALSE,490605.451457662
"L-Dopa","Sample_011904",83.7017818250491,178935.603460205,60,FALSE,431432.696893664
"L-Dopa","QC_S_6",112.177075949182,240553.729375095,61,TRUE,606674.358155339
"Leucine","QC_S_1",44278043.5712783,165256436.016873,1,TRUE,237563751.692118
"Leucine","Sample_011820",85964509.0944995,420435628.745334,3,FALSE,559424709.473869
"Leucine","Sample_011860",76505205.4026861,393766242.547341,4,FALSE,505145821.678561
"Leucine","Sample_011865",60510292.8468924,284793312.859269,5,FALSE,352698271.469972
"Leucine","Sample_011870",87298721.1192055,442991537.862061,6,FALSE,530255608.54055
"Leucine","Sample_011830",91386358.4525211,469271958.739134,7,FALSE,543522423.672429
"Leucine","Sample_011835",58979972.0124259,296149419.517253,8,FALSE,332248068.52642
"Leucine","Sample_011840",91042777.8366956,479661231.368707,9,FALSE,521762010.522552
"Leucine","Sample_011890",71461283.8037429,377329423.661319,10,FALSE,398333364.711922
"Leucine","Sample_011895",88412565.5178807,478231300.699495,11,FALSE,490377705.597647
"Leucine","Sample_011900",86623333.8265805,474604419.894149,12,FALSE,473094973.414982
"Leucine","QC_S_2",44278043.5712783,244964015.712513,13,TRUE,237563751.692118
"Leucine","Sample_011821",62361339.8449337,358191776.18728,15,FALSE,337336915.445798
"Leucine","Sample_011861",74848028.14798,424983795.159281,16,FALSE,394541832.153453
"Leucine","Sample_011866",83295159.2744555,474846867.88532,17,FALSE,434645043.202952
"Leucine","Sample_011871",69631693.3278823,403201292.556879,18,FALSE,363956199.134102
"Leucine","Sample_011831",61396301.4469343,362860983.893804,19,FALSE,323070097.268065
"Leucine","Sample_011836",73208404.6109045,434487391.493441,20,FALSE,381631244.816118
"Leucine","Sample_011841",79216868.4211555,471912093.301693,21,FALSE,408993981.174815
"Leucine","Sample_011891",40950883.221885,258628590.935975,22,FALSE,221206627.147679
"Leucine","Sample_011896",59471513.9706011,365442765.291026,23,FALSE,308518694.466992
"Leucine","Sample_011901",44344922.536024,283231201.571737,24,FALSE,236056808.369954
"Leucine","QC_S_3",44278043.5712783,288682504.99893,25,TRUE,237563751.692118
"Leucine","Sample_011822",62119994.5400064,376165697.752558,27,FALSE,324532686.827223
"Leucine","Sample_011862",79514467.8129377,463628742.423513,28,FALSE,409906478.448396
"Leucine","Sample_011867",80346703.6047946,458772018.703563,29,FALSE,415923555.655638
"Leucine","Sample_011872",83969123.5974801,468523382.715812,30,FALSE,435843699.580689
"Leucine","Sample_011832",59977526.5460869,333295834.879809,31,FALSE,318352216.847884
"Leucine","Sample_011837",85205820.176485,458890575.079686,32,FALSE,450378089.043527
"Leucine","Sample_011842",88586858.7425217,467116733.863268,33,FALSE,471425091.397059
"Leucine","Sample_011892",89911279.5342547,464713520.505546,34,FALSE,482658157.435521
"Leucine","Sample_011897",68446452.4428256,348962546.336478,35,FALSE,373309226.672668
"Leucine","Sample_011902",96249359.9538162,481645917.346598,36,FALSE,531183153.375702
"Leucine","QC_S_4",44278043.5712783,208747729.609662,37,TRUE,237563751.692118
"Leucine","Sample_011823",54524963.6654281,269247412.192135,39,FALSE,298961462.97844
"Leucine","Sample_011863",92943982.9850061,464303952.732466,40,FALSE,509349458.844588
"Leucine","Sample_011868",88057762.683544,444439222.96056,41,FALSE,481768450.765324
"Leucine","Sample_011873",51966191.9994492,261259058.112701,42,FALSE,279879490.070384
"Leucine","Sample_011833",79612175.9557873,407466280.342803,43,FALSE,431444498.789462
"Leucine","Sample_011838",89772959.9633162,462884747.965413,44,FALSE,484504817.955311
"Leucine","Sample_011843",80839533.4217758,419270832.276026,45,FALSE,433879308.751896
"Leucine","Sample_011893",64903733.1160985,342419197.144813,46,FALSE,350378346.343064
"Leucine","Sample_011898",88724892.2047789,467064482.702873,47,FALSE,472623620.741306
"Leucine","Sample_011903",69394800.2776966,372894894.832939,48,FALSE,373196705.573912
"Leucine","QC_S_5",44278043.5712783,239973802.443086,49,TRUE,237563751.692118
"Leucine","Sample_011824",72813544.7017448,400040368.726444,51,FALSE,385896123.972148
"Leucine","Sample_011864",79090059.338606,436699894.191584,52,FALSE,415941482.777854
"Leucine","Sample_011869",82783503.745778,460566170.628085,53,FALSE,433204493.692058
"Leucine","Sample_011874",65075309.1449661,370278680.074194,54,FALSE,343992438.222329
"Leucine","Sample_011834",66421717.7475152,379900448.548275,55,FALSE,348638316.8864
"Leucine","Sample_011839",79172935.8854274,453034034.952441,56,FALSE,410757516.163292
"Leucine","Sample_011844",46162221.8482046,276601010.136678,57,FALSE,247810983.713452
"Leucine","Sample_011894",77133356.161072,449705162.582508,58,FALSE,398169514.824336
"Leucine","Sample_011899",71193291.5942114,419974800.597079,59,FALSE,367533153.244255
"Leucine","Sample_011904",74413363.3996187,439850042.829384,60,FALSE,380513014.244707
"Leucine","QC_S_6",44278043.5712783,277758021.371643,61,TRUE,237563751.692118
"Lysine","QC_S_1",379834.182820846,15881042.5126122,1,TRUE,23866659.5258797
"Lysine","Sample_011820",628183.840237882,34476411.8236948,3,FALSE,47875691.2306613
"Lysine","Sample_011860",695211.309980189,40183620.7588069,4,FALSE,53758661.6288497
"Lysine","Sample_011865",452247.905243802,23920405.7882389,5,FALSE,30871411.0299104
"Lysine","Sample_011870",563379.81638948,32148910.4104817,6,FALSE,40076013.3673316
"Lysine","Sample_011830",677453.727477174,39144214.3854878,7,FALSE,47186913.442773
"Lysine","Sample_011835",576935.412694067,32615842.6006647,8,FALSE,38061941.68401
"Lysine","Sample_011840",701284.7798308,41621106.4686409,9,FALSE,47068158.5647041
"Lysine","Sample_011890",528197.726340789,31433844.09066,10,FALSE,34480871.8009127
"Lysine","Sample_011895",529021.6576359,32266867.7161248,11,FALSE,34363391.1848723
"Lysine","Sample_011900",553154.887960977,34190034.0729025,12,FALSE,35380668.4343811
"Lysine","QC_S_2",379834.182820846,23716446.2394124,13,TRUE,23866659.5258797
"Lysine","Sample_011821",507772.933931037,33191260.1707289,15,FALSE,32167982.1711472
"Lysine","Sample_011861",680462.51064737,44143694.0814832,16,FALSE,42007103.4611425
"Lysine","Sample_011866",571578.257763683,37371943.6374555,17,FALSE,34929832.9144826
"Lysine","Sample_011871",507320.896878934,33817806.7402433,18,FALSE,31054944.3660257
"Lysine","Sample_011831",500923.020032843,34204135.1582137,19,FALSE,30869627.0501697
"Lysine","Sample_011836",543630.910164412,37406262.7877766,20,FALSE,33188907.994707
"Lysine","Sample_011841",578872.829268011,40116184.3445801,21,FALSE,35001628.5821168
"Lysine","Sample_011891",341798.409103323,25194287.9342173,22,FALSE,21622740.5633655
"Lysine","Sample_011896",427084.230846769,30727488.9331053,23,FALSE,25947281.6765795
"Lysine","Sample_011901",352300.290006176,26427623.1337078,24,FALSE,21962990.3456964
"Lysine","QC_S_3",379834.182820846,29172981.0848332,25,TRUE,23866659.5258797
"Lysine","Sample_011822",459023.90029762,33350866.0239051,27,FALSE,28084595.6158596
"Lysine","Sample_011862",487305.654221727,34424771.3047302,28,FALSE,29420219.9935219
"Lysine","Sample_011867",508239.289184258,35516874.4934325,29,FALSE,30811974.3844677
"Lysine","Sample_011872",548772.534876506,37871766.8974656,30,FALSE,33358718.5482327
"Lysine","Sample_011832",471697.746136288,32778120.0171082,31,FALSE,29321687.9515184
"Lysine","Sample_011837",558786.873126244,38066121.4965352,32,FALSE,34590753.9018993
"Lysine","Sample_011842",626512.163683879,42289463.2299835,33,FALSE,39046196.7913412
"Lysine","Sample_011892",543299.365013252,36398757.3035776,34,FALSE,34156275.6332342
"Lysine","Sample_011897",483787.071708435,32392213.2214369,35,FALSE,30901380.2710253
"Lysine","Sample_011902",527169.318385178,35123036.1554219,36,FALSE,34072375.1131957
"Lysine","QC_S_4",379834.182820846,24187127.7629408,37,TRUE,23866659.5258797
"Lysine","Sample_011823",426998.69016355,27684703.0267992,39,FALSE,27419037.6379705
"Lysine","Sample_011863",594653.168851961,38463347.4984755,40,FALSE,38164901.5717197
"Lysine","Sample_011868",538481.894121794,34707582.3331277,41,FALSE,34502268.7829024
"Lysine","Sample_011873",400455.268381616,25361738.3167626,42,FALSE,25258643.9854297
"Lysine","Sample_011833",585774.842181088,37259905.9643872,43,FALSE,37177655.3450037
"Lysine","Sample_011838",594277.777812792,37574819.6290968,44,FALSE,37561928.8435392
"Lysine","Sample_011843",632300.994069047,39683649.899418,45,FALSE,39744299.3816552
"Lysine","Sample_011893",501767.879820281,31615442.5209127,46,FALSE,31723148.0489286
"Lysine","Sample_011898",565506.041480508,35093017.5485787,47,FALSE,35278737.2043601
"Lysine","Sample_011903",530835.381580226,33194598.2679761,48,FALSE,33433094.2663417
"Lysine","QC_S_5",379834.182820846,23651794.9106932,49,TRUE,23866659.5258797
"Lysine","Sample_011824",555834.830367576,34896676.6824784,51,FALSE,34499264.778143
"Lysine","Sample_011864",513241.351495161,32299472.1374873,52,FALSE,31610969.3655355
"Lysine","Sample_011869",566578.331760626,35835390.5584415,53,FALSE,34722816.910779
"Lysine","Sample_011874",523658.779550774,33789418.9607643,54,FALSE,32418049.7789716
"Lysine","Sample_011834",554277.156110435,35862967.8628278,55,FALSE,34072016.1689272
"Lysine","Sample_011839",603971.416902327,39002519.9942875,56,FALSE,36697036.5963927
"Lysine","Sample_011844",450464.189213578,30390260.9290332,57,FALSE,28320437.5485699
"Lysine","Sample_011894",494305.498889106,32373869.667982,58,FALSE,29883197.0775426
"Lysine","Sample_011899",466312.553867386,30832026.5861866,59,FALSE,28192941.809397
"Lysine","Sample_011904",487646.733899977,32236456.9461112,60,FALSE,29203152.7377229
"Lysine","QC_S_6",379834.182820846,26590564.6447864,61,TRUE,23866659.5258797
"Malate","QC_S_1",196881.162983718,10630905.9836407,1,TRUE,16784451.8195398
"Malate","Sample_011820",433064.606622202,28350947.9149105,3,FALSE,44780237.4983876
"Malate","Sample_011860",369902.730707063,24564886.4860391,4,FALSE,38808294.8050261
"Malate","Sample_011865",220877.465513441,12946009.5100305,5,FALSE,20456754.372036
"Malate","Sample_011870",423324.951889415,25850602.1060176,6,FALSE,40856626.1458346
"Malate","Sample_011830",372862.449327894,22290155.6196415,7,FALSE,35236761.4269458
"Malate","Sample_011835",472860.067182954,26768734.0934632,8,FALSE,42325469.6822229
"Malate","Sample_011840",389261.725879081,22413767.5633269,9,FALSE,35447034.0472888
"Malate","Sample_011890",433125.147718534,24251821.9359732,10,FALSE,38361935.8324143
"Malate","Sample_011895",398852.296076025,22217377.6215424,11,FALSE,35151192.6336927
"Malate","Sample_011900",387681.274394432,21259894.0730875,12,FALSE,33643371.2303721
"Malate","QC_S_2",196881.162983718,10604192.1296506,13,TRUE,16784451.8195398
"Malate","Sample_011821",542133.101428151,36600104.0155519,15,FALSE,46597820.1543558
"Malate","Sample_011861",346370.033869836,25015599.7154599,16,FALSE,29011103.5625183
"Malate","Sample_011866",259420.893536624,20199756.6074583,17,FALSE,21509541.9866346
"Malate","Sample_011871",284265.337030794,23985236.8391277,18,FALSE,23608984.8598668
"Malate","Sample_011831",292679.410756661,26741482.5412208,19,FALSE,24471352.2490796
"Malate","Sample_011836",245380.503633127,23772260.6325557,20,FALSE,20325174.2981797
"Malate","Sample_011841",189967.815159584,19424835.126818,21,FALSE,15584415.5008727
"Malate","Sample_011891",159195.010414019,18080887.5448597,22,FALSE,13663927.7311597
"Malate","Sample_011896",241557.665187204,27877869.5539452,23,FALSE,19911526.5586958
"Malate","Sample_011901",219552.033774981,27426945.2892096,24,FALSE,18570403.4267869
"Malate","QC_S_3",196881.162983718,26078792.9974231,25,TRUE,16784451.8195398
"Malate","Sample_011822",243083.59762872,27611979.0089765,27,FALSE,20178734.932196
"Malate","Sample_011862",247498.025290321,25862109.120639,28,FALSE,20273167.4547124
"Malate","Sample_011867",215990.834514046,21017172.6724339,29,FALSE,17766096.6224148
"Malate","Sample_011872",215430.988868735,19372180.1847604,30,FALSE,17767673.7318369
"Malate","Sample_011832",272227.743880268,22904800.6804574,31,FALSE,22959527.9383709
"Malate","Sample_011837",265447.672577123,20174934.7812395,32,FALSE,22294521.6310058
"Malate","Sample_011842",265859.754151147,18259602.3388557,33,FALSE,22480565.6415577
"Malate","Sample_011892",338516.216302575,20776757.7004786,34,FALSE,28874614.462765
"Malate","Sample_011897",412155.773328828,22390445.4698935,35,FALSE,35718269.6625701
"Malate","Sample_011902",342553.909928646,16046097.8625541,36,FALSE,30039079.1578073
"Malate","QC_S_4",196881.162983718,7410094.4474097,37,TRUE,16784451.8195398
"Malate","Sample_011823",587627.378835197,30368508.7042127,39,FALSE,51195653.5326185
"Malate","Sample_011863",354636.311332421,20660362.1277201,40,FALSE,30880833.5365381
"Malate","Sample_011868",329093.767029233,21310360.994867,41,FALSE,28608929.6608149
"Malate","Sample_011873",204665.652774209,14375045.3104499,42,FALSE,17514848.6623778
"Malate","Sample_011833",303575.272843848,23437665.5801654,43,FALSE,26141053.1069704
"Malate","Sample_011838",285748.692645513,23829140.3626189,44,FALSE,24504624.4527263
"Malate","Sample_011843",202121.239987705,18069552.6101816,45,FALSE,17237264.2308434
"Malate","Sample_011893",268411.518752322,25882015.1847877,46,FALSE,23023957.4839736
"Malate","Sample_011898",198659.223631658,20177406.3607267,47,FALSE,16814730.8579592
"Malate","Sample_011903",202207.817471978,22045204.7078443,48,FALSE,17279057.7669383
"Malate","QC_S_5",196881.162983718,22687267.5129527,49,TRUE,16784451.8195398
"Malate","Sample_011824",222837.362756336,25478191.6876192,51,FALSE,18765385.748559
"Malate","Sample_011864",205397.194835081,23355652.2632757,52,FALSE,17163904.3673054
"Malate","Sample_011869",159377.53175381,18072826.3462522,53,FALSE,13252184.9951277
"Malate","Sample_011874",228087.165783339,26184475.346481,54,FALSE,19157760.8843759
"Malate","Sample_011834",241736.905873332,27617016.9714246,55,FALSE,20161331.7669266
"Malate","Sample_011839",189282.654460222,21421244.2643951,56,FALSE,15603816.3728642
"Malate","Sample_011844",171093.185343766,20079175.5625344,57,FALSE,14594116.3240451
"Malate","Sample_011894",199303.135987855,22540904.8597967,58,FALSE,16347492.7545678
"Malate","Sample_011899",203462.709470246,23063421.9020249,59,FALSE,16689891.5686277
"Malate","Sample_011904",213277.924987584,23999042.8913555,60,FALSE,17329088.9504217
"Malate","QC_S_6",196881.162983718,23295457.846162,61,TRUE,16784451.8195398
"Methionine","QC_S_1",255097.63788342,4551266.32693898,1,TRUE,21719350.3205807
"Methionine","Sample_011820",522374.658917486,21531541.9777443,3,FALSE,53945248.6594124
"Methionine","Sample_011860",470131.137374462,24330984.9835272,4,FALSE,49259889.8940639
"Methionine","Sample_011865",527949.714486844,28749330.938889,5,FALSE,48833210.4394125
"Methionine","Sample_011870",367176.55942997,24190874.5180179,6,FALSE,35391663.6901692
"Methionine","Sample_011830",312004.73406396,22919239.9635712,7,FALSE,29447329.7087229
"Methionine","Sample_011835",424797.947131405,33155565.446603,8,FALSE,37974227.9723364
"Methionine","Sample_011840",226524.898649776,19939878.1763011,9,FALSE,20601153.6265327
"Methionine","Sample_011890",334440.095406038,31437754.1911824,10,FALSE,29583043.3936532
"Methionine","Sample_011895",209410.905716153,21334455.5047293,11,FALSE,18431668.9177864
"Methionine","Sample_011900",188178.776109496,20423738.388896,12,FALSE,16309202.3220528
"Methionine","QC_S_2",255097.63788342,29257639.7283221,13,TRUE,21719350.3205807
"Methionine","Sample_011821",138116.353745875,15149069.2519461,15,FALSE,11856108.8443876
"Methionine","Sample_011861",228329.176993939,23742192.0216506,16,FALSE,19099532.8894912
"Methionine","Sample_011866",239555.503214636,23970893.8073322,17,FALSE,19836715.358718
"Methionine","Sample_011871",321163.602576251,31267303.138689,18,FALSE,26638951.4524977
"Methionine","Sample_011831",307445.966981224,29243214.7015805,19,FALSE,25672726.5085658
"Methionine","Sample_011836",259356.765940864,23695163.0578324,20,FALSE,21455033.8754835
"Methionine","Sample_011841",298517.596641827,26163605.0091271,21,FALSE,24457824.5118501
"Methionine","Sample_011891",318461.859869863,28256191.3507979,22,FALSE,27298634.8389648
"Methionine","Sample_011896",305486.555818342,25158887.7693436,23,FALSE,25148566.4384835
"Methionine","Sample_011901",316427.503938039,25814124.518448,24,FALSE,26729786.9316907
"Methionine","QC_S_3",255097.63788342,20222389.156936,25,TRUE,21719350.3205807
"Methionine","Sample_011822",184299.072792031,14807526.9812933,27,FALSE,15279137.1028476
"Methionine","Sample_011862",292393.544012375,23636502.4844079,28,FALSE,23919662.4201128
"Methionine","Sample_011867",285647.313688568,23633922.2143926,29,FALSE,23465198.8511299
"Methionine","Sample_011872",259604.562926038,21943809.989451,30,FALSE,21383171.2799995
"Methionine","Sample_011832",412480.630303216,36315369.03342,31,FALSE,34743336.8725666
"Methionine","Sample_011837",236018.57465573,21069625.3909095,32,FALSE,19797156.537139
"Methionine","Sample_011842",241225.030830339,22068083.2146098,33,FALSE,20371096.3869084
"Methionine","Sample_011892",185506.306094069,17419881.5730361,34,FALSE,15802754.4249093
"Methionine","Sample_011897",343798.408347028,33366869.3483899,35,FALSE,29755707.6593048
"Methionine","Sample_011902",215699.863761019,21542585.8091403,36,FALSE,18890565.3097024
"Methionine","QC_S_4",255097.63788342,25181782.8689705,37,TRUE,21719350.3205807
"Methionine","Sample_011823",185469.596945516,18253322.645074,39,FALSE,16137683.5362649
"Methionine","Sample_011863",227729.838630403,22120410.4757404,40,FALSE,19804466.5604891
"Methionine","Sample_011868",248256.664102921,23768939.3219132,41,FALSE,21553622.1848686
"Methionine","Sample_011873",282325.657310585,26267976.0807477,42,FALSE,24129547.0462293
"Methionine","Sample_011833",275978.592860952,25501243.3805869,43,FALSE,23733920.2520185
"Methionine","Sample_011838",307162.791804922,27893351.118735,44,FALSE,26306907.798215
"Methionine","Sample_011843",261759.067639591,23323191.2444194,45,FALSE,22294386.0745136
"Methionine","Sample_011893",329845.644845224,29160934.5162762,46,FALSE,28257060.1968597
"Methionine","Sample_011898",281721.878239332,24238953.5679251,47,FALSE,23814373.4017849
"Methionine","Sample_011903",374748.374819965,32098901.9743889,48,FALSE,31981532.4912477
"Methionine","QC_S_5",255097.63788342,21491538.0752381,49,TRUE,21719350.3205807
"Methionine","Sample_011824",208363.625966879,18431917.2514175,51,FALSE,17523820.2691926
"Methionine","Sample_011864",289351.242200741,26151883.4327891,52,FALSE,24148175.6758223
"Methionine","Sample_011869",187486.880666125,17346213.1149499,53,FALSE,15569285.1955048
"Methionine","Sample_011874",282261.57459459,27117315.2825208,54,FALSE,23677347.9850485
"Methionine","Sample_011834",301051.072609552,29500108.0273577,55,FALSE,25075744.3519652
"Methionine","Sample_011839",279805.876029482,27818612.8660937,56,FALSE,23036380.3824205
"Methionine","Sample_011844",264505.863726582,27912666.1177913,57,FALSE,22532936.5213592
"Methionine","Sample_011894",144775.012961183,15060488.67881,58,FALSE,11859545.1053222
"Methionine","Sample_011899",262161.758161035,27942965.6657837,59,FALSE,21477089.6461203
"Methionine","Sample_011904",207047.322591922,22382616.1631615,60,FALSE,16801066.1001785
"Methionine","QC_S_6",255097.63788342,29611485.7670785,61,TRUE,21719350.3205807
"N-acetylglutamate","QC_S_1",78.8576627740133,397093.352029972,1,TRUE,385345.546034975
"N-acetylglutamate","Sample_011820",91.9267721810195,541404.222370605,3,FALSE,544852.765048753
"N-acetylglutamate","Sample_011860",72.6245579601907,425937.268711338,4,FALSE,436741.008114388
"N-acetylglutamate","Sample_011865",62.1561281047981,315732.168081486,5,FALSE,329968.680618454
"N-acetylglutamate","Sample_011870",78.8208061673097,409206.709126139,6,FALSE,436046.647990852
"N-acetylglutamate","Sample_011830",67.439229490578,336100.941584417,7,FALSE,365311.534078123
"N-acetylglutamate","Sample_011835",53.0783731993137,245538.278594744,8,FALSE,272326.683524067
"N-acetylglutamate","Sample_011840",57.2527484871337,263942.058832085,9,FALSE,298839.48945329
"N-acetylglutamate","Sample_011890",68.7584128522746,301883.888563996,10,FALSE,349073.117571883
"N-acetylglutamate","Sample_011895",90.0912291178564,385206.464279872,11,FALSE,455107.43137234
"N-acetylglutamate","Sample_011900",104.731128307833,431354.365107813,12,FALSE,520959.440659579
"N-acetylglutamate","QC_S_2",78.8576627740133,311972.684905065,13,TRUE,385345.546034975
"N-acetylglutamate","Sample_011821",101.537420787811,433364.089721532,15,FALSE,500252.479694286
"N-acetylglutamate","Sample_011861",73.7515785723866,316772.199167072,16,FALSE,354077.805188721
"N-acetylglutamate","Sample_011866",80.5665418364812,353411.855387759,17,FALSE,382899.131834451
"N-acetylglutamate","Sample_011871",77.3985215304627,350529.622891038,18,FALSE,368459.297569192
"N-acetylglutamate","Sample_011831",76.3897121157688,358667.452778568,19,FALSE,366103.698821424
"N-acetylglutamate","Sample_011836",121.777426669394,582828.996775587,20,FALSE,578181.863472578
"N-acetylglutamate","Sample_011841",84.0693369655602,409707.063799109,21,FALSE,395322.524252912
"N-acetylglutamate","Sample_011891",68.3541492758882,358060.531987673,22,FALSE,336290.372333981
"N-acetylglutamate","Sample_011896",78.6686989335016,406296.705704379,23,FALSE,371697.079434026
"N-acetylglutamate","Sample_011901",70.1260501242832,381277.13882498,24,FALSE,339990.434693995
"N-acetylglutamate","QC_S_3",78.8576627740133,443064.239774282,25,TRUE,385345.546034975
"N-acetylglutamate","Sample_011822",78.2626314239439,401945.454780038,27,FALSE,372388.424918946
"N-acetylglutamate","Sample_011862",84.4906900303146,414220.282298042,28,FALSE,396699.97519191
"N-acetylglutamate","Sample_011867",79.9433125741414,380290.695392305,29,FALSE,376914.013076598
"N-acetylglutamate","Sample_011872",94.6417434565005,435669.452963875,30,FALSE,447412.975208241
"N-acetylglutamate","Sample_011832",88.3785744045499,400992.804415985,31,FALSE,427248.955147786
"N-acetylglutamate","Sample_011837",110.808453222623,481888.592311021,32,FALSE,533452.280242531
"N-acetylglutamate","Sample_011842",87.1652770750903,366765.095675041,33,FALSE,422475.567061267
"N-acetylglutamate","Sample_011892",94.5001300199379,384839.335588147,34,FALSE,462032.546412713
"N-acetylglutamate","Sample_011897",112.111112671091,444254.566275157,35,FALSE,556905.021444539
"N-acetylglutamate","Sample_011902",87.5167600129962,335428.741934616,36,FALSE,439898.381797125
"N-acetylglutamate","QC_S_4",78.8576627740133,280264.81375295,37,TRUE,385345.546034975
"N-acetylglutamate","Sample_011823",93.686122598766,356517.446109904,39,FALSE,467853.390360638
"N-acetylglutamate","Sample_011863",82.2267374183402,319871.986135496,40,FALSE,410414.143505527
"N-acetylglutamate","Sample_011868",85.9668677236659,341301.149515853,41,FALSE,428367.489465417
"N-acetylglutamate","Sample_011873",81.8551997997201,326883.892659218,42,FALSE,401523.66235061
"N-acetylglutamate","Sample_011833",107.216015102963,440013.269017603,43,FALSE,529199.949447764
"N-acetylglutamate","Sample_011838",74.705814655975,311703.637309714,44,FALSE,367216.047595031
"N-acetylglutamate","Sample_011843",97.8426151257387,414286.370847442,45,FALSE,478286.236979031
"N-acetylglutamate","Sample_011893",134.698827975436,585163.072705043,46,FALSE,662286.784368874
"N-acetylglutamate","Sample_011898",75.2162476668446,328758.876345229,47,FALSE,364918.849606981
"N-acetylglutamate","Sample_011903",93.1623452715535,419021.436467623,48,FALSE,456316.291928155
"N-acetylglutamate","QC_S_5",78.8576627740133,360540.815911832,49,TRUE,385345.546034975
"N-acetylglutamate","Sample_011824",135.125687395018,655000.777378033,51,FALSE,652245.136577735
"N-acetylglutamate","Sample_011864",105.913847426932,526858.035984038,52,FALSE,507315.077079383
"N-acetylglutamate","Sample_011869",84.2207709330025,430635.506502393,53,FALSE,401405.253845927
"N-acetylglutamate","Sample_011874",90.8993106789212,484508.684969623,54,FALSE,437630.857225247
"N-acetylglutamate","Sample_011834",74.7159829554349,407696.235778497,55,FALSE,357185.005011706
"N-acetylglutamate","Sample_011839",71.2320910044559,395731.107089662,56,FALSE,336588.406597618
"N-acetylglutamate","Sample_011844",73.8645255295232,436991.818350943,57,FALSE,361147.365390225
"N-acetylglutamate","Sample_011894",97.5944825915568,570943.775687309,58,FALSE,458844.715282933
"N-acetylglutamate","Sample_011899",99.9820868910719,601077.703870971,59,FALSE,470104.421407298
"N-acetylglutamate","Sample_011904",90.5212705629828,553498.268932386,60,FALSE,421583.798147899
"N-acetylglutamate","QC_S_6",78.8576627740133,519137.369835747,61,TRUE,385345.546034975
"N-acetylglutamine","QC_S_1",360.766914657944,786951.820630162,1,TRUE,826200.671236527
"N-acetylglutamine","Sample_011820",201.828041716652,537484.791338987,3,FALSE,560623.183545237
"N-acetylglutamine","Sample_011860",290.628703690515,787836.079022401,4,FALSE,819089.528276165
"N-acetylglutamine","Sample_011865",147.309497743799,353656.14822631,5,FALSE,366498.257869812
"N-acetylglutamine","Sample_011870",255.643815248807,641636.917346258,6,FALSE,662795.832310257
"N-acetylglutamine","Sample_011830",249.973155368874,616313.820845264,7,FALSE,634594.868176676
"N-acetylglutamine","Sample_011835",476.04343679903,1115239.72352397,8,FALSE,1144646.99909993
"N-acetylglutamine","Sample_011840",265.686916596373,635254.471632208,9,FALSE,649926.451512751
"N-acetylglutamine","Sample_011890",201.786797772231,470762.297535758,10,FALSE,480104.424656254
"N-acetylglutamine","Sample_011895",181.33057418438,422278.408756753,11,FALSE,429294.031454796
"N-acetylglutamine","Sample_011900",422.399691986458,971676.835413218,12,FALSE,984700.416737651
"N-acetylglutamine","QC_S_2",360.766914657944,817848.085608414,13,TRUE,826200.671236527
"N-acetylglutamine","Sample_011821",231.971201126336,559341.339686963,15,FALSE,535611.129332968
"N-acetylglutamine","Sample_011861",264.91174682682,638672.358471207,16,FALSE,596047.676360085
"N-acetylglutamine","Sample_011866",237.086940356539,580198.383518988,17,FALSE,528067.803988283
"N-acetylglutamine","Sample_011871",265.915784481963,667980.080798557,18,FALSE,593271.343068062
"N-acetylglutamine","Sample_011831",321.09426610194,831637.346493058,19,FALSE,721197.466284634
"N-acetylglutamine","Sample_011836",922.644881711149,2423216.71973137,20,FALSE,2052979.66429745
"N-acetylglutamine","Sample_011841",243.883817313376,649013.808853966,21,FALSE,537463.926112722
"N-acetylglutamine","Sample_011891",243.570896526892,693439.290988899,22,FALSE,561600.317804277
"N-acetylglutamine","Sample_011896",325.823641260575,910476.722037279,23,FALSE,721476.471447946
"N-acetylglutamine","Sample_011901",335.486924499438,982710.629453263,24,FALSE,762281.391317782
"N-acetylglutamine","QC_S_3",360.766914657944,1087592.1468362,25,TRUE,826200.671236527
"N-acetylglutamine","Sample_011822",153.864508607511,412931.58786749,27,FALSE,343109.371229122
"N-acetylglutamine","Sample_011862",313.70008005529,791782.71952776,28,FALSE,690272.138896407
"N-acetylglutamine","Sample_011867",291.456713318991,702359.921327345,29,FALSE,644001.09534613
"N-acetylglutamine","Sample_011872",300.418524061178,688336.617913602,30,FALSE,665587.181622987
"N-acetylglutamine","Sample_011832",555.413543374392,1230342.99473915,31,FALSE,1258354.13808357
"N-acetylglutamine","Sample_011837",478.376211229982,994364.999351879,32,FALSE,1079306.16259662
"N-acetylglutamine","Sample_011842",264.445055058614,519507.749788346,33,FALSE,600683.816794653
"N-acetylglutamine","Sample_011892",161.102405179022,298422.892306279,34,FALSE,369142.956351115
"N-acetylglutamine","Sample_011897",448.829968031501,785730.751424006,35,FALSE,1044880.72158684
"N-acetylglutamine","Sample_011902",265.344602045064,434757.345235427,36,FALSE,625062.995736751
"N-acetylglutamine","QC_S_4",360.766914657944,528026.505084395,37,TRUE,826200.671236527
"N-acetylglutamine","Sample_011823",285.432082677097,452825.27601992,39,FALSE,668020.362760003
"N-acetylglutamine","Sample_011863",243.885044285711,397768.040982295,40,FALSE,570488.412625592
"N-acetylglutamine","Sample_011868",451.442130241513,755491.176666863,41,FALSE,1054240.95880568
"N-acetylglutamine","Sample_011873",359.902868867296,608948.84497182,42,FALSE,827375.350819663
"N-acetylglutamine","Sample_011833",1286.06590152711,2247198.80510731,43,FALSE,2974923.17242391
"N-acetylglutamine","Sample_011838",875.049499848489,1561778.94297931,44,FALSE,2015822.39376713
"N-acetylglutamine","Sample_011843",620.175625806819,1128298.36434048,45,FALSE,1420780.291786
"N-acetylglutamine","Sample_011893",592.291033461213,1110293.73310869,46,FALSE,1364802.56102181
"N-acetylglutamine","Sample_011898",229.161902756983,433982.290847022,47,FALSE,521050.061505747
"N-acetylglutamine","Sample_011903",439.779630578854,860389.173946801,48,FALSE,1009515.68396876
"N-acetylglutamine","QC_S_5",360.766914657944,720165.164799187,49,TRUE,826200.671236527
"N-acetylglutamine","Sample_011824",393.228982141649,828582.76299445,51,FALSE,889550.997563883
"N-acetylglutamine","Sample_011864",754.18536098687,1627582.57398506,52,FALSE,1692994.40152925
"N-acetylglutamine","Sample_011869",525.616077140513,1163789.70660707,53,FALSE,1174045.36759662
"N-acetylglutamine","Sample_011874",315.274258470741,726414.75762961,54,FALSE,711358.062462332
"N-acetylglutamine","Sample_011834",777.158188631913,1830088.82020899,55,FALSE,1741171.42092784
"N-acetylglutamine","Sample_011839",398.461974646774,953841.00560969,56,FALSE,882394.396408083
"N-acetylglutamine","Sample_011844",445.649761468334,1134378.62922631,57,FALSE,1021161.93027006
"N-acetylglutamine","Sample_011894",270.464364079429,679832.210565008,58,FALSE,595940.523539227
"N-acetylglutamine","Sample_011899",409.109611756817,1055358.361085,59,FALSE,901496.863752177
"N-acetylglutamine","Sample_011904",896.587991572297,2349458.68605095,60,FALSE,1956944.85417292
"N-acetylglutamine","QC_S_6",360.766914657944,1016620.30446081,61,TRUE,826200.671236527
"N-acetylspermine","QC_S_1",1.7099381954621,68358.1625659083,1,TRUE,48316.4645595101
"N-acetylspermine","Sample_011820",1.76170214691321,80168.8769722476,3,FALSE,60377.8889320778
"N-acetylspermine","Sample_011860",0.553603921749381,24723.3249637541,4,FALSE,19250.7618148797
"N-acetylspermine","Sample_011865",1.43665596003186,54719.3800074291,5,FALSE,44101.1422770452
"N-acetylspermine","Sample_011870",1.77070930395318,67816.7583483748,6,FALSE,56643.1818795765
"N-acetylspermine","Sample_011830",1.82951184750701,66116.196467114,7,FALSE,57305.2357337787
"N-acetylspermine","Sample_011835",1.38629924416431,45662.2798778019,8,FALSE,41128.0266495527
"N-acetylspermine","Sample_011840",2.6792931950162,86263.8077453739,9,FALSE,80866.7852876362
"N-acetylspermine","Sample_011890",2.95863710935509,88871.9460715798,10,FALSE,86854.1459054813
"N-acetylspermine","Sample_011895",2.6716975012861,76459.4083298964,11,FALSE,78041.7486148603
"N-acetylspermine","Sample_011900",2.9098286764921,78357.4479709288,12,FALSE,83695.834159456
"N-acetylspermine","QC_S_2",1.7099381954621,43132.5528114271,13,TRUE,48316.4645595101
"N-acetylspermine","Sample_011821",2.98996484743009,76324.4670192722,15,FALSE,85179.9728724797
"N-acetylspermine","Sample_011861",1.88975234883439,47094.7761933164,16,FALSE,52461.4838659097
"N-acetylspermine","Sample_011866",2.66283099471738,65813.9736665918,17,FALSE,73178.171676983
"N-acetylspermine","Sample_011871",4.1954481343158,104059.795178165,18,FALSE,115489.766667371
"N-acetylspermine","Sample_011831",3.01151209287116,75336.0824494651,19,FALSE,83456.8804597378
"N-acetylspermine","Sample_011836",2.18907138691635,54350.8976043279,20,FALSE,60098.8122135878
"N-acetylspermine","Sample_011841",3.03247657204176,74706.6035529186,21,FALSE,82455.5103894674
"N-acetylspermine","Sample_011891",1.77242994956236,45768.1377841857,22,FALSE,50422.7959659325
"N-acetylspermine","Sample_011896",2.82757886398295,70249.3109824304,23,FALSE,77252.0833005956
"N-acetylspermine","Sample_011901",1.64801975866394,42090.4910330745,24,FALSE,46201.7076433105
"N-acetylspermine","QC_S_3",1.7099381954621,44097.4787370908,25,TRUE,48316.4645595101
"N-acetylspermine","Sample_011822",2.71164712854778,69901.5449646133,27,FALSE,74607.6211552958
"N-acetylspermine","Sample_011862",3.64543966901914,93928.5442758656,28,FALSE,98971.8125447833
"N-acetylspermine","Sample_011867",2.95245792167339,77365.9492620615,29,FALSE,80491.8952509113
"N-acetylspermine","Sample_011872",2.96227126600103,78813.2489779883,30,FALSE,80976.4924181656
"N-acetylspermine","Sample_011832",1.91801403518782,52833.5220467182,31,FALSE,53615.9605134621
"N-acetylspermine","Sample_011837",2.80117462619061,77785.0469937445,32,FALSE,77977.8325309298
"N-acetylspermine","Sample_011842",2.21484258445131,62672.8663231942,33,FALSE,62073.9296903446
"N-acetylspermine","Sample_011892",2.43871438267694,70446.9951612457,34,FALSE,68946.050806208
"N-acetylspermine","Sample_011897",1.44957822508798,43048.412268146,35,FALSE,41637.2866100522
"N-acetylspermine","Sample_011902",2.60438719027165,79179.2963812284,36,FALSE,75696.3565308308
"N-acetylspermine","QC_S_4",1.7099381954621,51125.2486402693,37,TRUE,48316.4645595101
"N-acetylspermine","Sample_011823",1.5626083690322,44205.82819255,39,FALSE,45122.4792861385
"N-acetylspermine","Sample_011863",2.78249447990525,75525.3636717794,40,FALSE,80306.7155075229
"N-acetylspermine","Sample_011868",3.0049742584103,78032.1708399948,41,FALSE,86583.3626075663
"N-acetylspermine","Sample_011873",1.40521002166604,34358.0499451754,42,FALSE,39857.8989570795
"N-acetylspermine","Sample_011833",5.31736176474648,124868.664556872,43,FALSE,151762.556228896
"N-acetylspermine","Sample_011838",3.74352341324613,83374.1755655494,44,FALSE,106403.543668394
"N-acetylspermine","Sample_011843",3.04457771975112,64057.1548032888,45,FALSE,86058.7808243759
"N-acetylspermine","Sample_011893",4.175389357891,83704.6019509877,46,FALSE,118710.065447068
"N-acetylspermine","Sample_011898",3.77790445759474,70574.7021066925,47,FALSE,105984.876022658
"N-acetylspermine","Sample_011903",3.64959588115931,64776.5280764228,48,FALSE,103366.219315479
"N-acetylspermine","QC_S_5",1.7099381954621,28383.3278567668,49,TRUE,48316.4645595101
"N-acetylspermine","Sample_011824",4.55163621360505,86208.0694669575,51,FALSE,127042.423445212
"N-acetylspermine","Sample_011864",2.77394523424062,55635.9067355662,52,FALSE,76830.0648781743
"N-acetylspermine","Sample_011869",3.78934076828802,80382.5273858859,53,FALSE,104432.528864229
"N-acetylspermine","Sample_011874",2.79104012664687,63346.8237367004,54,FALSE,77700.1253273773
"N-acetylspermine","Sample_011834",3.34234447261682,79535.4752004297,55,FALSE,92393.0287748331
"N-acetylspermine","Sample_011839",3.54272515873141,87738.6519573737,56,FALSE,96798.6306873349
"N-acetylspermine","Sample_011844",2.38017172069986,64060.1614329338,57,FALSE,67292.2611748282
"N-acetylspermine","Sample_011894",2.61339678664885,70873.2055443259,58,FALSE,71048.3691116936
"N-acetylspermine","Sample_011899",2.99996140874772,85078.9310789623,59,FALSE,81563.5460447623
"N-acetylspermine","Sample_011904",1.61763130408934,47425.8905317464,60,FALSE,43563.3336269443
"N-acetylspermine","QC_S_6",1.7099381954621,54802.016745598,61,TRUE,48316.4645595101
"NAD+","QC_S_1",0.624579494636797,6589.04341118144,1,TRUE,41098.5077070032
"NAD+","Sample_011820",0.316100050694322,14849.8071734594,3,FALSE,25228.6261982076
"NAD+","Sample_011860",0.0757823339182104,4926.31329780134,4,FALSE,6136.77690023547
"NAD+","Sample_011865",1.11265337688594,80882.9429463616,5,FALSE,79539.0767953922
"NAD+","Sample_011870",0.754097374283762,69154.9284649337,6,FALSE,56176.0756318068
"NAD+","Sample_011830",0.365529785300808,38532.5689065962,7,FALSE,26662.7809380461
"NAD+","Sample_011835",0.797416038378293,91415.7266037558,8,FALSE,55092.1153536748
"NAD+","Sample_011840",0.56281807298105,74111.8895890993,9,FALSE,39558.6596979342
"NAD+","Sample_011890",0.485180866427958,69242.9802686095,10,FALSE,33168.5216799934
"NAD+","Sample_011895",0.428608700575009,67109.3867687071,11,FALSE,29155.7546012195
"NAD+","Sample_011900",0.325294174855881,54818.7659127567,12,FALSE,21788.9501301616
"NAD+","QC_S_2",0.624579494636797,112200.597013657,13,TRUE,41098.5077070032
"NAD+","Sample_011821",0.384044370229198,63699.1078049033,15,FALSE,25478.6500674018
"NAD+","Sample_011861",0.0452188279870195,6972.52163030137,16,FALSE,2923.33492006951
"NAD+","Sample_011866",0.251018341765368,36468.8749179934,17,FALSE,16064.492255611
"NAD+","Sample_011871",0.380055698777156,52507.3459700334,18,FALSE,24363.2932321315
"NAD+","Sample_011831",0.353010950315507,46479.8154134161,19,FALSE,22781.8668365255
"NAD+","Sample_011836",0.187292749516272,23053.4148440815,20,FALSE,11974.310780435
"NAD+","Sample_011841",0.132139419481178,15146.8053239133,21,FALSE,8367.16282501696
"NAD+","Sample_011891",0.643433225360849,72265.4157761426,22,FALSE,42627.015117672
"NAD+","Sample_011896",0.695439515215466,69923.752216971,23,FALSE,44246.4501406291
"NAD+","Sample_011901",0.913439604871926,87385.8857974955,24,FALSE,59634.7011415893
"NAD+","QC_S_3",0.624579494636797,55498.6583367177,25,TRUE,41098.5077070032
"NAD+","Sample_011822",0.13929057259943,11256.1208451113,27,FALSE,8924.73519720082
"NAD+","Sample_011862",0.987894365506085,75990.8918989124,28,FALSE,62459.0987235209
"NAD+","Sample_011867",0.391628418492863,29142.1159993731,29,FALSE,24863.7271561493
"NAD+","Sample_011872",0.246882914621554,17720.0110861394,30,FALSE,15716.2441483916
"NAD+","Sample_011832",0.106301613998526,7493.7978822617,31,FALSE,6919.99474035717
"NAD+","Sample_011837",0.145161413548518,9771.16722654085,32,FALSE,9410.34964826485
"NAD+","Sample_011842",0.163708852077616,10618.0832290805,33,FALSE,10684.6951144319
"NAD+","Sample_011892",0.180057605786617,11252.1648935245,34,FALSE,11854.5076845068
"NAD+","Sample_011897",0.116909137215975,7074.16264964645,35,FALSE,7820.10914962319
"NAD+","Sample_011902",0.016208479570386,943.520457614556,36,FALSE,1097.0724260481
"NAD+","QC_S_4",0.624579494636797,33514.1000755698,37,TRUE,41098.5077070032
"NAD+","Sample_011823",0.63722979496915,32897.0814416174,39,FALSE,42851.1496608798
"NAD+","Sample_011863",0.844313162994158,42210.2943431753,40,FALSE,56747.2354018046
"NAD+","Sample_011868",0.224578223820829,10848.9994776598,41,FALSE,15069.0172831147
"NAD+","Sample_011873",0.19951483521261,9173.39084746988,42,FALSE,13178.6812289943
"NAD+","Sample_011833",0.978264852535286,43706.7323262685,43,FALSE,65020.2254375126
"NAD+","Sample_011838",0.0955786802206684,4101.60375308481,44,FALSE,6326.45121774292
"NAD+","Sample_011843",0.185413988757169,7621.35202486642,45,FALSE,12204.8997693713
"NAD+","Sample_011893",0.764914635498451,30415.4208757021,46,FALSE,50643.8986534471
"NAD+","Sample_011898",0.344120447481522,12965.0936885528,47,FALSE,22481.5888258898
"NAD+","Sample_011903",0.119516927431436,4357.85168866689,48,FALSE,7882.91547484745
"NAD+","QC_S_5",0.624579494636797,21738.9066088004,49,TRUE,41098.5077070032
"NAD+","Sample_011824",0.300579916244113,9962.66884250245,51,FALSE,19537.3105924455
"NAD+","Sample_011864",0.0897302194112032,2896.22575846634,52,FALSE,5787.56182069194
"NAD+","Sample_011869",0.838957641742923,26432.703166132,53,FALSE,53843.807460538
"NAD+","Sample_011874",1.49331638449902,46606.1241743295,54,FALSE,96812.4175149252
"NAD+","Sample_011834",0.0827277206265454,2513.10849434806,55,FALSE,5325.52773729723
"NAD+","Sample_011839",0.162624225497695,4784.64257553554,56,FALSE,10347.6228116611
"NAD+","Sample_011844",1.08376147620091,32314.6682975882,57,FALSE,71353.3119525604
"NAD+","Sample_011894",1.61680207364071,45383.7075605653,58,FALSE,102359.749419556
"NAD+","Sample_011899",0.714993488978034,19640.9413507501,59,FALSE,45269.5433628623
"NAD+","Sample_011904",0.337720807335172,8987.85322879296,60,FALSE,21179.8547904571
"NAD+","QC_S_6",0.624579494636797,17049.7407960922,61,TRUE,41098.5077070032
"NADP+","QC_S_1",0.00928336139128741,5643.6011058969,1,TRUE,6062.86172212871
"NADP+","Sample_011820",0.00189234205571895,1687.35466088881,3,FALSE,1499.0038655752
"NADP+","Sample_011860",0.00278178320412758,2734.47948238538,4,FALSE,2235.78333203802
"NADP+","Sample_011865",0.006523106087277,6111.2816407544,5,FALSE,4628.16860588264
"NADP+","Sample_011870",0.00103047665717308,1080.25931434219,6,FALSE,761.896891246465
"NADP+","Sample_011830",0.00200037073709514,2194.38780928115,7,FALSE,1448.1956573121
"NADP+","Sample_011835",0.00791391791330028,8751.29546155259,8,FALSE,5426.62858278966
"NADP+","Sample_011840",0.0022722335059422,2710.63943753889,9,FALSE,1585.11424291396
"NADP+","Sample_011890",0.0029922434528517,3669.63051549543,10,FALSE,2030.26837636515
"NADP+","Sample_011895",0.00423432306048008,5445.59006233136,11,FALSE,2858.78416637611
"NADP+","Sample_011900",0.000827009282168991,1100.84393391125,12,FALSE,549.799673379499
"NADP+","QC_S_2",0.00928336139128741,12729.9795428529,13,TRUE,6062.86172212871
"NADP+","Sample_011821",0.00435877823958287,5509.88239060675,15,FALSE,2870.07905944631
"NADP+","Sample_011861",0.00162946120946407,1913.13301381893,16,FALSE,1045.53210628335
"NADP+","Sample_011866",0.00587804145625108,6495.9796998215,17,FALSE,3733.60411783724
"NADP+","Sample_011871",0.00712119141096562,7475.46385050852,18,FALSE,4530.80611126327
"NADP+","Sample_011831",0.00393072597481051,3927.57252403953,19,FALSE,2517.72316206612
"NADP+","Sample_011836",0.00226962013284623,2117.09468385579,20,FALSE,1440.18011601871
"NADP+","Sample_011841",0.000409214129544038,354.921355539548,21,FALSE,257.17605001201
"NADP+","Sample_011891",0.00689347895783958,5847.69719290896,22,FALSE,4532.66861813901
"NADP+","Sample_011896",0.0100929561935732,7649.1899882749,23,FALSE,6373.40523356992
"NADP+","Sample_011901",0.00935277480237804,6728.28475376869,24,FALSE,6060.29495348902
"NADP+","QC_S_3",0.00928336139128741,6185.78488721457,25,TRUE,6062.86172212871
"NADP+","Sample_011822",0.00189323675024764,1266.25091794576,27,FALSE,1203.96154748833
"NADP+","Sample_011862",0.00270840747064525,1814.21268428992,28,FALSE,1699.5474047384
"NADP+","Sample_011867",0.00478814728508201,3268.14981275483,29,FALSE,3017.12711909074
"NADP+","Sample_011872",0.00287069892414332,1993.19424368598,30,FALSE,1813.75846534781
"NADP+","Sample_011832",0.00468339272544481,3372.90065579592,31,FALSE,3025.94170997671
"NADP+","Sample_011837",0.00274685387883952,1997.80689351478,32,FALSE,1767.35667278171
"NADP+","Sample_011842",0.00209887221230039,1558.26580608619,33,FALSE,1359.5965179782
"NADP+","Sample_011892",0.00141064383068414,1070.96521956923,34,FALSE,921.771975582927
"NADP+","Sample_011897",0.0020360195654978,1591.74316843394,35,FALSE,1351.70021035488
"NADP+","Sample_011902",0.000213848951518169,171.431281511821,36,FALSE,143.659457424948
"NADP+","QC_S_4",0.00928336139128742,7330.29191700474,37,TRUE,6062.86172212871
"NADP+","Sample_011823",0.00396647079659661,2912.60704152339,39,FALSE,2647.3096350344
"NADP+","Sample_011863",0.00366619488438568,2557.63228923483,40,FALSE,2445.63009761909
"NADP+","Sample_011868",0.00401730468848727,2652.32160730422,41,FALSE,2675.3840576698
"NADP+","Sample_011873",0.0100785483145629,6190.86164660085,42,FALSE,6607.37287949774
"NADP+","Sample_011833",0.00343870090237048,2001.97029336133,43,FALSE,2268.40448956265
"NADP+","Sample_011838",0,0,44,FALSE,0
"NADP+","Sample_011843",0.000869840926797636,439.687984280449,45,FALSE,568.284267379555
"NADP+","Sample_011893",0.00115024325304179,543.681446037807,46,FALSE,755.854024652771
"NADP+","Sample_011898",0.000902525574018575,389.091292437267,47,FALSE,585.207810035648
"NADP+","Sample_011903",0.00272591820763465,1089.33530754115,48,FALSE,1784.44984378052
"NADP+","QC_S_5",0.00928336139128741,3371.21137864367,49,TRUE,6062.86172212871
"NADP+","Sample_011824",0.00709147517081339,2260.2248217116,51,FALSE,4574.83550714653
"NADP+","Sample_011864",0.00365805566896224,1084.37853243249,52,FALSE,2341.75415035109
"NADP+","Sample_011869",0.00862113563057562,2372.72504136863,53,FALSE,5491.54163857633
"NADP+","Sample_011874",0.00556235292366123,1435.4829474943,54,FALSE,3579.08366519008
"NADP+","Sample_011834",0.00795923432019554,1881.98001431816,55,FALSE,5085.30444201039
"NADP+","Sample_011839",0.00335184979159677,717.773067392494,56,FALSE,2116.77145988079
"NADP+","Sample_011844",0.00534959008710693,1077.01023552437,57,FALSE,3495.70686360594
"NADP+","Sample_011894",0.00400092050289754,696.635274115736,58,FALSE,2514.00625334886
"NADP+","Sample_011899",0.0146507563641732,2265.8136157484,59,FALSE,9206.57611461923
"NADP+","Sample_011904",0.015540059854108,2080.76006055272,60,FALSE,9672.79361687991
"NADP+","QC_S_6",0.00928336139128742,1116.30150115945,61,TRUE,6062.86172212871
"NR","QC_S_1",0.225678414614804,559.761932198508,1,TRUE,15558.7018293695
"NR","Sample_011820",1.33835036371128,21566.6747668484,3,FALSE,111913.85677196
"NR","Sample_011860",1.15961554811649,26669.672056731,4,FALSE,98385.5670689135
"NR","Sample_011865",0.494633691175385,12945.5273678927,5,FALSE,37046.6851665712
"NR","Sample_011870",0.674534898454278,22522.5540100577,6,FALSE,52646.9718798332
"NR","Sample_011830",0.852604818145851,32981.5199539541,7,FALSE,65159.1575329767
"NR","Sample_011835",0.68941287432115,29170.1396181694,8,FALSE,49903.2552265957
"NR","Sample_011840",0.437152770407062,21340.2321140076,9,FALSE,32192.2827566804
"NR","Sample_011890",0.639602855045242,33958.6857596805,10,FALSE,45811.8519152001
"NR","Sample_011895",0.430689047412335,25158.7849433561,11,FALSE,30695.317918256
"NR","Sample_011900",0.411845179544197,25954.5039876207,12,FALSE,28902.739625785
"NR","QC_S_2",0.225678414614804,15190.8909083717,13,TRUE,15558.7018293695
"NR","Sample_011821",0.397108901879726,28078.3191851097,15,FALSE,27602.5775314699
"NR","Sample_011861",0.45124555650486,31715.9570957061,16,FALSE,30564.4943762236
"NR","Sample_011866",0.427906537565217,30358.9475052817,17,FALSE,28691.6466532622
"NR","Sample_011871",0.458447304791468,33209.549376489,18,FALSE,30790.9559204638
"NR","Sample_011831",0.272454793614793,20245.7094551722,19,FALSE,18422.1616941882
"NR","Sample_011836",0.637484447123035,47801.2158328093,20,FALSE,42701.6010529692
"NR","Sample_011841",0.258996305369833,19585.5949692874,21,FALSE,17182.4227299819
"NR","Sample_011891",0.185239059173782,14918.6430613541,22,FALSE,12857.5733706835
"NR","Sample_011896",0.288106615569848,22676.2268914777,23,FALSE,19205.1323761752
"NR","Sample_011901",0.113703071757201,9342.06612881436,24,FALSE,7777.43538553022
"NR","QC_S_3",0.225678414614804,19006.7197701238,25,TRUE,15558.7018293695
"NR","Sample_011822",0.265612745481675,19754.30255723,27,FALSE,17830.6646120002
"NR","Sample_011862",0.369541974532352,25727.9077737973,28,FALSE,24479.0175955497
"NR","Sample_011867",0.175529909840576,11607.5828848188,29,FALSE,11675.8408633344
"NR","Sample_011872",0.329595587532262,20604.2900906335,30,FALSE,21982.8564888291
"NR","Sample_011832",0.504081122285966,30269.3630816421,31,FALSE,34380.4331642118
"NR","Sample_011837",0.458579510690203,25651.2816454442,32,FALSE,31146.8565729347
"NR","Sample_011842",0.593450837048576,31113.0070593404,33,FALSE,40580.7175944843
"NR","Sample_011892",0.558682045039919,27354.941657803,34,FALSE,38537.3431787286
"NR","Sample_011897",0.510902550859327,23379.5988417306,35,FALSE,35805.3097541002
"NR","Sample_011902",0.696612590035837,29447.4869292504,36,FALSE,49400.2726313684
"NR","QC_S_4",0.225678414614804,8389.79338622751,37,TRUE,15558.7018293695
"NR","Sample_011823",0.593180242332243,24516.2559712434,39,FALSE,41792.4745005802
"NR","Sample_011863",0.651677823005177,28007.2374340786,40,FALSE,45890.109629254
"NR","Sample_011868",0.595041994144612,26521.6930342056,41,FALSE,41832.1233608535
"NR","Sample_011873",0.0911535393809309,4148.96623964286,42,FALSE,6308.34302474741
"NR","Sample_011833",0.439559141476876,20856.8290338899,43,FALSE,30609.3665343915
"NR","Sample_011838",0.434722315646549,21256.6089195975,44,FALSE,30147.8310985457
"NR","Sample_011843",0.501199099584402,25190.5848034589,45,FALSE,34565.8313967312
"NR","Sample_011893",0.582042871592914,30380.8191186618,46,FALSE,40375.1491751613
"NR","Sample_011898",0.302329533888248,16061.6729011151,47,FALSE,20693.8883163479
"NR","Sample_011903",0.568897354407107,31444.4158963978,48,FALSE,39313.0165397018
"NR","QC_S_5",0.225678414614804,12813.2056160438,49,TRUE,15558.7018293695
"NR","Sample_011824",0.331402546443162,24528.2626955025,51,FALSE,22568.6544742961
"NR","Sample_011864",0.342890780953445,28234.0886180649,52,FALSE,23171.690914543
"NR","Sample_011869",0.308434151132323,28001.0890223649,53,FALSE,20739.7344839415
"NR","Sample_011874",0.394634065116452,39718.9217215468,54,FALSE,26805.1851215121
"NR","Sample_011834",0.194669083107511,21183.493679109,55,FALSE,13129.6630445611
"NR","Sample_011839",0.197457789434547,22971.1621933371,56,FALSE,13163.5983890899
"NR","Sample_011844",0.186761361358419,24177.2281838789,57,FALSE,12882.865202235
"NR","Sample_011894",0.116483135934179,15517.3622769917,58,FALSE,7726.45741752842
"NR","Sample_011899",0.191614386544021,27201.1978139123,59,FALSE,12710.9246633336
"NR","Sample_011904",0.140777564487213,21012.6720054999,60,FALSE,9250.04001972575
"NR","QC_S_6",0.225678414614804,37391.8393632515,61,TRUE,15558.7018293695
"Ornithine","QC_S_1",1133637.31832222,23974006.4917316,1,TRUE,40000579.7282297
"Ornithine","Sample_011820",985739.773677833,28907019.5120776,3,FALSE,42187630.8773096
"Ornithine","Sample_011860",2658552.68878262,84058396.0427035,4,FALSE,115444022.573472
"Ornithine","Sample_011865",1702139.67387402,50310481.9264136,5,FALSE,65248370.5670038
"Ornithine","Sample_011870",2296770.71079284,74681847.3396836,6,FALSE,91747751.6013341
"Ornithine","Sample_011830",1153084.93591726,38649025.8176878,7,FALSE,45102206.8359017
"Ornithine","Sample_011835",723684.605053708,24125602.7340965,8,FALSE,26810668.1014822
"Ornithine","Sample_011840",1121237.54471996,39841501.9718711,9,FALSE,42259561.4804562
"Ornithine","Sample_011890",2484606.66101342,89780781.0264279,10,FALSE,91082284.6333269
"Ornithine","Sample_011895",2416809.14869347,90682428.0633664,11,FALSE,88157543.5379802
"Ornithine","Sample_011900",2365283.08549496,91036953.805686,12,FALSE,84956569.0661977
"Ornithine","QC_S_2",1133637.31832222,44580662.8735028,13,TRUE,40000579.7282297
"Ornithine","Sample_011821",869117.374299859,34501545.0272575,15,FALSE,30919129.8738419
"Ornithine","Sample_011861",2181331.55571917,84432827.7090558,16,FALSE,75619669.5518878
"Ornithine","Sample_011866",2080290.9032754,79759259.5974227,17,FALSE,71390337.9514203
"Ornithine","Sample_011871",2022341.34721102,77714786.1340063,18,FALSE,69517960.9421599
"Ornithine","Sample_011831",1094015.57671106,42349655.5618625,19,FALSE,37859812.4222534
"Ornithine","Sample_011836",1163049.53452721,44629050.7450421,20,FALSE,39873246.058667
"Ornithine","Sample_011841",1019137.58222256,38755468.5206473,21,FALSE,34604490.8514708
"Ornithine","Sample_011891",1164715.43458802,46368167.128143,22,FALSE,41376627.6594058
"Ornithine","Sample_011896",2198843.23522726,84119395.8868196,23,FALSE,75018289.5550623
"Ornithine","Sample_011901",1525846.86469718,59934509.5224701,24,FALSE,53417551.7723266
"Ornithine","QC_S_3",1133637.31832222,44907935.4783283,25,TRUE,40000579.7282297
"Ornithine","Sample_011822",693777.473567472,26041159.6168622,27,FALSE,23836782.3280205
"Ornithine","Sample_011862",2134271.76682857,77957158.5643055,28,FALSE,72358364.9426727
"Ornithine","Sample_011867",2082316.61043135,75305916.4914556,29,FALSE,70891247.1380382
"Ornithine","Sample_011872",2160453.08766922,77227915.4182215,30,FALSE,73749043.4982915
"Ornithine","Sample_011832",1042042.0966508,37541706.6689095,31,FALSE,36375166.5494116
"Ornithine","Sample_011837",1141889.78854918,40368229.6429871,32,FALSE,39694705.2547137
"Ornithine","Sample_011842",1152748.65452013,40419213.1623211,33,FALSE,40343949.872246
"Ornithine","Sample_011892",2684846.07557931,93531592.2097161,34,FALSE,94786233.1138867
"Ornithine","Sample_011897",2513072.06410793,87586681.4136898,35,FALSE,90141155.8200542
"Ornithine","Sample_011902",2624227.85358073,91108792.962608,36,FALSE,95246359.0527098
"Ornithine","QC_S_4",1133637.31832222,37658835.9317024,37,TRUE,40000579.7282297
"Ornithine","Sample_011823",1052314.3362494,35691152.1803316,39,FALSE,37945974.6241734
"Ornithine","Sample_011863",2360701.05799855,79988546.0605059,40,FALSE,85081661.7784819
"Ornithine","Sample_011868",2168704.20596436,73326365.2159442,41,FALSE,78031765.0575206
"Ornithine","Sample_011873",1366424.80602744,45459205.1072586,42,FALSE,48398992.0988628
"Ornithine","Sample_011833",1041601.99742824,34852173.142528,43,FALSE,37123391.4910828
"Ornithine","Sample_011838",1066715.37389336,35528782.8303664,44,FALSE,37861821.9850163
"Ornithine","Sample_011843",1239252.82823817,41028041.5917679,45,FALSE,43742687.2612642
"Ornithine","Sample_011893",2467915.43198225,82142892.9509399,46,FALSE,87618992.4308191
"Ornithine","Sample_011898",2671970.77545749,87714239.3641877,47,FALSE,93605646.2538203
"Ornithine","Sample_011903",2559759.53622609,84795873.2173276,48,FALSE,90533735.5611356
"Ornithine","QC_S_5",1133637.31832222,37447832.6400324,49,TRUE,40000579.7282297
"Ornithine","Sample_011824",820956.29253709,28455426.8171815,51,FALSE,28614006.9477519
"Ornithine","Sample_011864",2074753.32477918,73452351.1395274,52,FALSE,71759136.3517856
"Ornithine","Sample_011869",1910123.45033543,69203728.7335509,53,FALSE,65737167.2328918
"Ornithine","Sample_011874",1921980.19317298,72286575.2275414,54,FALSE,66816229.3393084
"Ornithine","Sample_011834",891964.861260262,34208251.7578861,55,FALSE,30790246.0124363
"Ornithine","Sample_011839",1013374.15812658,39422115.6165798,56,FALSE,34576337.9358589
"Ornithine","Sample_011844",753295.683447278,31097117.3454713,57,FALSE,26594983.569384
"Ornithine","Sample_011894",2183821.88175632,88849195.481813,58,FALSE,74138430.944046
"Ornithine","Sample_011899",2221185.91416396,92573303.7416632,59,FALSE,75412399.2517973
"Ornithine","Sample_011904",2099596.19335011,88733150.1814357,60,FALSE,70608137.6536734
"Ornithine","QC_S_6",1133637.31832222,51434204.9540807,61,TRUE,40000579.7282297
"Pentose","QC_S_1",956.78576238492,668590.957531312,1,TRUE,1197867.5881375
"Pentose","Sample_011820",1557.65809204741,1526690.93868378,3,FALSE,2365358.38133402
"Pentose","Sample_011860",1613.80243577554,1713359.93186331,4,FALSE,2486442.97925362
"Pentose","Sample_011865",1309.49589580261,1305031.45398667,5,FALSE,1781068.30836542
"Pentose","Sample_011870",1574.92794823555,1733036.19004496,6,FALSE,2232237.69219158
"Pentose","Sample_011830",1672.81603943202,1903733.00265634,7,FALSE,2321595.94250738
"Pentose","Sample_011835",1397.55773843386,1586608.12385756,8,FALSE,1837088.25249672
"Pentose","Sample_011840",1624.24773756374,1970747.79729303,9,FALSE,2172108.84079212
"Pentose","Sample_011890",1200.38733090443,1484748.36105682,10,FALSE,1561347.71437172
"Pentose","Sample_011895",1310.12064212923,1686442.79974165,11,FALSE,1695627.1888665
"Pentose","Sample_011900",1475.28476169658,1952018.20186857,12,FALSE,1880146.34207667
"Pentose","QC_S_2",956.78576238492,1295936.99377687,13,TRUE,1197867.5881375
"Pentose","Sample_011821",1082.44447524676,1500006.93709428,15,FALSE,1366332.56092835
"Pentose","Sample_011861",1181.5562183796,1607135.78191017,16,FALSE,1453347.41219605
"Pentose","Sample_011866",1444.87685928182,1959543.64221773,17,FALSE,1759333.45728732
"Pentose","Sample_011871",1389.62942754301,1901304.37101519,18,FALSE,1694897.833959
"Pentose","Sample_011831",1344.42375622509,1865007.41907514,19,FALSE,1650794.78627743
"Pentose","Sample_011836",1333.67345267501,1845780.24603024,20,FALSE,1622313.73738558
"Pentose","Sample_011841",1469.55761796834,2028475.03398523,21,FALSE,1770468.57762853
"Pentose","Sample_011891",825.275070390896,1200141.91522862,22,FALSE,1040245.73808204
"Pentose","Sample_011896",1185.86757494399,1667639.32114477,23,FALSE,1435525.93374504
"Pentose","Sample_011901",1002.67476595958,1456800.48695609,24,FALSE,1245475.16938705
"Pentose","QC_S_3",956.78576238492,1410676.76284135,25,TRUE,1197867.5881375
"Pentose","Sample_011822",1080.78021883375,1518426.77688365,27,FALSE,1317549.01829123
"Pentose","Sample_011862",1279.30034164789,1754153.05193753,28,FALSE,1538910.98422041
"Pentose","Sample_011867",1384.63346996319,1885430.33724198,29,FALSE,1672563.58400962
"Pentose","Sample_011872",1506.78113305149,2034282.08021892,30,FALSE,1825003.42362328
"Pentose","Sample_011832",1323.30049557502,1806308.05711869,31,FALSE,1639004.5525673
"Pentose","Sample_011837",1513.14310567214,2033337.36053454,32,FALSE,1866338.23756868
"Pentose","Sample_011842",1556.27063517472,2081130.55070341,33,FALSE,1932550.59523247
"Pentose","Sample_011892",1197.49705499055,1596469.67457559,34,FALSE,1500038.08072649
"Pentose","Sample_011897",1290.56834776546,1727382.95731052,35,FALSE,1642484.00042118
"Pentose","Sample_011902",1559.39308796969,2086693.5424976,36,FALSE,2008188.17495528
"Pentose","QC_S_4",956.78576238492,1229606.17282822,37,TRUE,1197867.5881375
"Pentose","Sample_011823",1008.71850223375,1316146.51099238,39,FALSE,1290601.51345341
"Pentose","Sample_011863",1391.32515901115,1808456.36841335,40,FALSE,1779203.26081873
"Pentose","Sample_011868",1421.03036278646,1837911.41572747,41,FALSE,1814163.49909705
"Pentose","Sample_011873",986.303807247287,1251619.51775815,42,FALSE,1239547.71156975
"Pentose","Sample_011833",1509.61448856259,1921228.75459008,43,FALSE,1909034.84232428
"Pentose","Sample_011838",1538.53944826432,1943480.1094236,44,FALSE,1937597.42777259
"Pentose","Sample_011843",1541.28822616653,1929720.41068574,45,FALSE,1930329.11049618
"Pentose","Sample_011893",1117.39994673588,1402436.52583438,46,FALSE,1407597.8204748
"Pentose","Sample_011898",1453.98511138602,1794624.41911477,47,FALSE,1807308.37028386
"Pentose","Sample_011903",1466.55993869034,1821319.3283841,48,FALSE,1840403.48299055
"Pentose","QC_S_5",956.78576238492,1181431.70191195,49,TRUE,1197867.5881375
"Pentose","Sample_011824",1207.84999427151,1518865.4171655,51,FALSE,1493735.15468155
"Pentose","Sample_011864",1360.85335119664,1723630.50746928,52,FALSE,1670029.02558727
"Pentose","Sample_011869",1473.08664195307,1883993.09877263,53,FALSE,1798787.2419006
"Pentose","Sample_011874",1405.53654233941,1842314.06895546,54,FALSE,1733712.79806784
"Pentose","Sample_011834",1389.09811698355,1833935.66468001,55,FALSE,1701375.96775539
"Pentose","Sample_011839",1516.7908140471,2007385.1959298,56,FALSE,1836271.17583689
"Pentose","Sample_011844",1174.00345666408,1630139.63560085,57,FALSE,1470637.31553122
"Pentose","Sample_011894",1089.00839890849,1474081.39362482,58,FALSE,1311775.0450238
"Pentose","Sample_011899",1187.62992826637,1629542.48297119,59,FALSE,1430674.83783451
"Pentose","Sample_011904",1407.46764047382,1938512.76584478,60,FALSE,1679420.13991559
"Pentose","QC_S_6",956.78576238492,1400962.93993528,61,TRUE,1197867.5881375
"Pentose-5P","QC_S_1",8.05887196271912,40336.0692149434,1,TRUE,79024.9457376473
"Pentose-5P","Sample_011820",80.356658837593,488518.899516725,3,FALSE,955746.083307884
"Pentose-5P","Sample_011860",33.4676032762903,206581.701911695,4,FALSE,403876.505902495
"Pentose-5P","Sample_011865",7.5442501309009,41137.3033319586,5,FALSE,80368.9610456625
"Pentose-5P","Sample_011870",22.5158155737021,128030.878873278,6,FALSE,249955.82983254
"Pentose-5P","Sample_011830",29.3259937329181,163396.317722104,7,FALSE,318777.0373868
"Pentose-5P","Sample_011835",28.2650716691007,149267.408768137,8,FALSE,291008.847059328
"Pentose-5P","Sample_011840",25.3622248479948,136356.127076617,9,FALSE,265651.640250826
"Pentose-5P","Sample_011890",40.9683218004643,214381.61669304,10,FALSE,417370.974568947
"Pentose-5P","Sample_011895",44.0216818285438,229376.954864681,11,FALSE,446253.415892017
"Pentose-5P","Sample_011900",27.6002090200483,141708.192473788,12,FALSE,275501.526253597
"Pentose-5P","QC_S_2",8.05887196271912,40675.9462524878,13,TRUE,79024.9457376473
"Pentose-5P","Sample_011821",71.2580017276921,510108.715361865,15,FALSE,704498.819765047
"Pentose-5P","Sample_011861",25.6638561769672,204906.385308874,16,FALSE,247248.010023915
"Pentose-5P","Sample_011866",19.7111037935032,175469.99368066,17,FALSE,187985.395997484
"Pentose-5P","Sample_011871",15.5663584937161,154371.11524957,18,FALSE,148705.623040721
"Pentose-5P","Sample_011831",14.4254925088867,158541.771047869,19,FALSE,138734.157391168
"Pentose-5P","Sample_011836",10.8741528060872,129240.737325296,20,FALSE,103604.021029042
"Pentose-5P","Sample_011841",11.0705956968731,141248.884579089,21,FALSE,104464.42926535
"Pentose-5P","Sample_011891",9.77192752920942,140544.238462324,22,FALSE,96474.6689394781
"Pentose-5P","Sample_011896",15.1423643701656,224181.253394795,23,FALSE,143570.225114229
"Pentose-5P","Sample_011901",8.98031980974271,145571.600746097,24,FALSE,87370.0596103961
"Pentose-5P","QC_S_3",8.05887196271912,139939.341140405,25,TRUE,79024.9457376473
"Pentose-5P","Sample_011822",47.7116437581757,699086.355051004,27,FALSE,455564.227155262
"Pentose-5P","Sample_011862",12.8779519944102,171859.54829855,28,FALSE,121334.310364
"Pentose-5P","Sample_011867",16.4874611437795,202518.43556255,29,FALSE,155990.243903344
"Pentose-5P","Sample_011872",10.2228028890792,114449.145020925,30,FALSE,96979.3653117744
"Pentose-5P","Sample_011832",9.15052882888469,94273.3739677079,31,FALSE,88769.4888088929
"Pentose-5P","Sample_011837",19.7047661235028,179674.847580112,32,FALSE,190360.780040964
"Pentose-5P","Sample_011842",15.6596981900427,125765.588538716,33,FALSE,152308.793555178
"Pentose-5P","Sample_011892",45.4074948110048,315234.130056202,34,FALSE,445503.595028514
"Pentose-5P","Sample_011897",24.4507645301034,143667.287695705,35,FALSE,243729.682147421
"Pentose-5P","Sample_011902",36.9831436146788,175817.002073768,36,FALSE,373034.041202799
"Pentose-5P","QC_S_4",8.05887196271911,27909.9584841911,37,TRUE,79024.9457376472
"Pentose-5P","Sample_011823",58.3588988124707,287533.595839895,39,FALSE,584823.899523412
"Pentose-5P","Sample_011863",39.5834067131322,222377.015058333,40,FALSE,396465.988586928
"Pentose-5P","Sample_011868",27.2860485483807,171927.38436512,41,FALSE,272840.951442529
"Pentose-5P","Sample_011873",5.5859541338223,38455.4015770884,42,FALSE,54985.1918034829
"Pentose-5P","Sample_011833",19.5115077897691,148540.371602309,43,FALSE,193256.661031123
"Pentose-5P","Sample_011838",12.2917058863264,101585.725691265,44,FALSE,121244.742016688
"Pentose-5P","Sample_011843",15.3564252726728,136642.853347228,45,FALSE,150637.628730695
"Pentose-5P","Sample_011893",10.9741400858205,105714.757973151,46,FALSE,108277.016274598
"Pentose-5P","Sample_011898",21.7876647298346,221786.101235387,47,FALSE,212118.635532261
"Pentose-5P","Sample_011903",7.63666476481858,83678.8612038038,48,FALSE,75060.7321055954
"Pentose-5P","QC_S_5",8.05887196271912,93569.8885036651,49,TRUE,79024.9457376473
"Pentose-5P","Sample_011824",32.0757312499203,392876.392606792,51,FALSE,310694.100696219
"Pentose-5P","Sample_011864",14.9267583615381,187196.671906265,52,FALSE,143474.273805828
"Pentose-5P","Sample_011869",13.9865795107371,179916.527636985,53,FALSE,133770.04292889
"Pentose-5P","Sample_011874",11.0805442809822,148287.158577401,54,FALSE,107051.300611991
"Pentose-5P","Sample_011834",7.50038785712863,102563.181547965,55,FALSE,71952.6732803575
"Pentose-5P","Sample_011839",9.08747968455629,126293.756115388,56,FALSE,86168.8745826826
"Pentose-5P","Sample_011844",4.92500495068915,72766.2144110734,57,FALSE,48321.3120269443
"Pentose-5P","Sample_011894",13.6522892484014,199145.309652714,58,FALSE,128804.031689763
"Pentose-5P","Sample_011899",11.0354209274376,165173.595121272,59,FALSE,104122.491012176
"Pentose-5P","Sample_011904",5.52430261459509,83978.1643033507,60,FALSE,51629.062573324
"Pentose-5P","QC_S_6",8.05887196271912,131718.470830191,61,TRUE,79024.9457376473
"PEP","QC_S_1",2.84604998340096,45073.3957381475,1,TRUE,58053.9427885597
"PEP","Sample_011820",16.6219102291705,333360.546316727,3,FALSE,411245.194026206
"PEP","Sample_011860",17.4748314575528,363092.845230658,4,FALSE,438668.269024769
"PEP","Sample_011865",2.38252907949831,44604.0025998773,5,FALSE,52797.0591027108
"PEP","Sample_011870",3.09790863573832,61661.2222852601,6,FALSE,71539.0947204396
"PEP","Sample_011830",4.74456450009571,94304.4374997007,7,FALSE,107282.749379836
"PEP","Sample_011835",5.76025811813355,110552.51345597,8,FALSE,123366.51404574
"PEP","Sample_011840",4.0430161416922,80447.4096195025,9,FALSE,88090.6623991243
"PEP","Sample_011890",4.22498009203056,83298.7861913803,10,FALSE,89536.0607778813
"PEP","Sample_011895",4.41609965826856,88227.793417121,11,FALSE,93122.1588352002
"PEP","Sample_011900",4.83352339040733,96804.8751050782,12,FALSE,100363.248479629
"PEP","QC_S_2",2.84604998340096,56988.575099895,13,TRUE,58053.9427885597
"PEP","Sample_011821",6.63539448988514,133904.853766626,15,FALSE,136462.280711138
"PEP","Sample_011861",14.3030786795748,281214.13314934,16,FALSE,286641.895353014
"PEP","Sample_011866",4.93906785312984,96110.0157646706,17,FALSE,97984.5057737365
"PEP","Sample_011871",4.63001085372482,90229.0966659872,18,FALSE,92007.1586438793
"PEP","Sample_011831",3.56328092571256,69894.1427923624,19,FALSE,71285.6413724166
"PEP","Sample_011836",2.66175649907994,51713.1729664517,20,FALSE,52753.1928444547
"PEP","Sample_011841",3.78539809021265,72823.9754990557,21,FALSE,74303.3254761583
"PEP","Sample_011891",3.21621085797544,64722.7009282943,22,FALSE,66050.6080995392
"PEP","Sample_011896",3.58159470144815,69205.3787154039,23,FALSE,70639.2980480689
"PEP","Sample_011901",3.68132022815323,72976.1240580217,24,FALSE,74502.984971463
"PEP","QC_S_3",2.84604998340096,56852.879891721,25,TRUE,58053.9427885597
"PEP","Sample_011822",30.6566187996238,658830.490107496,27,FALSE,608903.872041336
"PEP","Sample_011862",5.71803049592958,127010.938941751,28,FALSE,112068.236661281
"PEP","Sample_011867",3.18639519653984,74292.0914545371,29,FALSE,62710.8284167296
"PEP","Sample_011872",2.09823075997932,51178.4234064381,30,FALSE,41405.8635944523
"PEP","Sample_011832",2.19980288384271,57147.9466364675,31,FALSE,44391.5735229429
"PEP","Sample_011837",2.56465530198119,68995.102929723,32,FALSE,51538.816445008
"PEP","Sample_011842",2.05150262715426,57695.4044169975,33,FALSE,41506.1943223129
"PEP","Sample_011892",3.01446691701001,88677.4825895887,34,FALSE,61522.4242252118
"PEP","Sample_011897",1.99691909668583,61809.5893381104,35,FALSE,41407.1839944926
"PEP","Sample_011902",3.51629230223738,113918.747534003,36,FALSE,73778.3363870308
"PEP","QC_S_4",2.84604998340096,92619.7952682382,37,TRUE,58053.9427885597
"PEP","Sample_011823",3.85316430596946,118002.164512514,39,FALSE,80322.0528261053
"PEP","Sample_011863",3.13111841445281,91720.4001248652,40,FALSE,65236.6283929219
"PEP","Sample_011868",3.37341975222419,94222.6337235734,41,FALSE,70167.909589732
"PEP","Sample_011873",1.89462677911026,49644.2276540328,42,FALSE,38794.6017092026
"PEP","Sample_011833",4.39795202424592,110233.280499837,43,FALSE,90613.5978813852
"PEP","Sample_011838",2.46410992189098,58314.8998494293,44,FALSE,50560.3507761436
"PEP","Sample_011843",2.98647336197725,66438.0633073018,45,FALSE,60939.8291563449
"PEP","Sample_011893",1.8727499062964,39477.2889260237,46,FALSE,38436.5864527371
"PEP","Sample_011898",5.56923920157927,108719.565845975,47,FALSE,112788.094541739
"PEP","Sample_011903",3.51096544015709,64662.6316913956,48,FALSE,71785.1928316412
"PEP","QC_S_5",2.84604998340096,48627.8035283535,49,TRUE,58053.9427885597
"PEP","Sample_011824",11.1513061206055,187905.406127037,51,FALSE,224688.800759387
"PEP","Sample_011864",3.53855305427282,59121.2190909768,52,FALSE,70751.1480562844
"PEP","Sample_011869",6.12189250056105,101693.675652698,53,FALSE,121795.794900479
"PEP","Sample_011874",4.69803776525988,78769.7990951424,54,FALSE,94416.2190960344
"PEP","Sample_011834",3.8250446964544,63630.2029185428,55,FALSE,76330.6522479928
"PEP","Sample_011839",3.35865317593784,55180.6270213285,56,FALSE,66247.7868990404
"PEP","Sample_011844",3.85272163744614,65443.2445747803,57,FALSE,78631.9281987765
"PEP","Sample_011894",3.72424267526616,60782.3451613501,58,FALSE,73090.5441960653
"PEP","Sample_011899",3.18490200275168,51941.8366687742,59,FALSE,62510.2113620491
"PEP","Sample_011904",2.47927266353053,40018.0984787912,60,FALSE,48199.254159379
"PEP","QC_S_6",2.84604998340096,48161.2072050027,61,TRUE,58053.9427885597
"Phenylalanine","QC_S_1",43.9020948069463,201290.492579498,1,TRUE,238373.422043693
"Phenylalanine","Sample_011820",69.0353559407492,426061.865547874,3,FALSE,454647.557130687
"Phenylalanine","Sample_011860",44.8510409998722,294741.303081585,4,FALSE,299694.755516509
"Phenylalanine","Sample_011865",44.1754801142313,268346.887760468,5,FALSE,260577.066582192
"Phenylalanine","Sample_011870",63.384073215066,419292.17467371,6,FALSE,389617.423225006
"Phenylalanine","Sample_011830",72.5736297175673,490327.162134032,7,FALSE,436813.221034197
"Phenylalanine","Sample_011835",38.4490337184943,256203.563822082,8,FALSE,219191.732114731
"Phenylalanine","Sample_011840",70.3194968490841,495600.841354696,9,FALSE,407834.109402843
"Phenylalanine","Sample_011890",56.9982548816711,405622.543256065,10,FALSE,321527.605173857
"Phenylalanine","Sample_011895",69.1445185443012,507607.378350182,11,FALSE,388110.432955069
"Phenylalanine","Sample_011900",69.4710029820651,519988.291233112,12,FALSE,383970.486958444
"Phenylalanine","QC_S_2",43.9020948069463,333862.556506952,13,TRUE,238373.422043693
"Phenylalanine","Sample_011821",45.9905029043905,341660.841270469,15,FALSE,251766.200918483
"Phenylalanine","Sample_011861",58.9553877444214,419945.481348834,16,FALSE,314497.378388102
"Phenylalanine","Sample_011866",55.4395118926137,384550.859840578,17,FALSE,292762.334889797
"Phenylalanine","Sample_011871",59.8483374224689,408937.669903319,18,FALSE,316573.888406994
"Phenylalanine","Sample_011831",53.1540944299424,359479.617309294,19,FALSE,283055.835193097
"Phenylalanine","Sample_011836",75.6024066351134,497845.002226996,20,FALSE,398840.670630271
"Phenylalanine","Sample_011841",61.9162252379364,396770.851695052,21,FALSE,323507.649575867
"Phenylalanine","Sample_011891",30.9375691641165,203742.104343067,22,FALSE,169122.69247171
"Phenylalanine","Sample_011896",58.5649871476852,363707.450975796,23,FALSE,307461.951041319
"Phenylalanine","Sample_011901",36.945090004765,231103.159346767,24,FALSE,199026.174387475
"Phenylalanine","QC_S_3",43.9020948069463,271603.757052823,25,TRUE,238373.422043693
"Phenylalanine","Sample_011822",67.8664370662279,377729.284863321,27,FALSE,358808.664745262
"Phenylalanine","Sample_011862",93.909942827104,494529.680536912,28,FALSE,489926.620545689
"Phenylalanine","Sample_011867",86.1187896549747,435840.789319716,29,FALSE,451153.371258135
"Phenylalanine","Sample_011872",101.56929245071,492295.198610658,30,FALSE,533524.558432222
"Phenylalanine","Sample_011832",68.3403316612709,322817.397622826,31,FALSE,367093.965112334
"Phenylalanine","Sample_011837",81.9798403672536,366630.086072503,32,FALSE,438526.554703085
"Phenylalanine","Sample_011842",94.2670574799942,402439.362092335,33,FALSE,507673.131203958
"Phenylalanine","Sample_011892",105.897185066045,431113.057068861,34,FALSE,575295.165418696
"Phenylalanine","Sample_011897",100.117980802088,390157.974240158,35,FALSE,552599.768206208
"Phenylalanine","Sample_011902",118.998580843454,440442.198491543,36,FALSE,664613.350106742
"Phenylalanine","QC_S_4",43.9020948069463,147640.878271241,37,TRUE,238373.422043693
"Phenylalanine","Sample_011823",65.9792735052203,252741.790187906,39,FALSE,366107.132989593
"Phenylalanine","Sample_011863",115.807992220598,466181.208617172,40,FALSE,642264.529371267
"Phenylalanine","Sample_011868",101.608857478611,428308.150105995,41,FALSE,562578.477400274
"Phenylalanine","Sample_011873",40.5341797241466,176040.760299859,42,FALSE,220928.836386558
"Phenylalanine","Sample_011833",81.9616963952594,374130.597752658,43,FALSE,449507.783497774
"Phenylalanine","Sample_011838",95.8072096202043,454100.937314017,44,FALSE,523276.923493158
"Phenylalanine","Sample_011843",87.9970682720005,431740.512022153,45,FALSE,477962.892469163
"Phenylalanine","Sample_011893",69.3489278974846,355675.251636499,46,FALSE,378868.212428954
"Phenylalanine","Sample_011898",89.9311468393888,472326.273088004,47,FALSE,484798.101388391
"Phenylalanine","Sample_011903",72.8411180749361,400302.715105894,48,FALSE,396431.64128646
"Phenylalanine","QC_S_5",43.9020948069463,249161.108931702,49,TRUE,238373.422043693
"Phenylalanine","Sample_011824",67.2391771632264,371282.038661888,51,FALSE,360629.68184327
"Phenylalanine","Sample_011864",78.7384923778947,428147.087651961,52,FALSE,419061.984517897
"Phenylalanine","Sample_011869",89.7361362148071,481790.95491052,53,FALSE,475222.890401572
"Phenylalanine","Sample_011874",82.006713946121,441310.904967125,54,FALSE,438695.21934373
"Phenylalanine","Sample_011834",61.8640384372609,327989.420632409,55,FALSE,328612.528036362
"Phenylalanine","Sample_011839",87.9190980655984,457104.59458378,56,FALSE,461607.471322447
"Phenylalanine","Sample_011844",59.1838702231129,315864.259619485,57,FALSE,321527.442104775
"Phenylalanine","Sample_011894",80.1401005558266,407991.233667445,58,FALSE,418655.206466696
"Phenylalanine","Sample_011899",81.9762503982541,414003.792281313,59,FALSE,428278.559764974
"Phenylalanine","Sample_011904",78.2428224785361,388219.063759641,60,FALSE,404896.408884325
"Phenylalanine","QC_S_6",43.9020948069463,226681.738919943,61,TRUE,238373.422043693
"Phenylpyruvate","QC_S_1",23803.5592478592,15715439.7198576,1,TRUE,10447955.1547008
"Phenylpyruvate","Sample_011820",2744.36821892726,2084320.61295389,3,FALSE,1461041.28024014
"Phenylpyruvate","Sample_011860",663.167720955686,497140.351593018,4,FALSE,358217.506527492
"Phenylpyruvate","Sample_011865",17777.1828464509,11435568.6071691,5,FALSE,8476853.22716122
"Phenylpyruvate","Sample_011870",2091.94974345892,1362012.8326195,6,FALSE,1039504.28497689
"Phenylpyruvate","Sample_011830",1929.58525708626,1193723.62250721,7,FALSE,938853.250397312
"Phenylpyruvate","Sample_011835",20242.640696957,11499413.8995067,8,FALSE,9328734.15732512
"Phenylpyruvate","Sample_011840",1946.68556619245,1089658.02578023,9,FALSE,912683.945855627
"Phenylpyruvate","Sample_011890",11488.0067570505,6051267.19275813,10,FALSE,5238635.73149954
"Phenylpyruvate","Sample_011895",2252.82394375968,1141138.20644378,11,FALSE,1022213.53115369
"Phenylpyruvate","Sample_011900",2781.82360999849,1339310.6336012,12,FALSE,1242912.8443979
"Phenylpyruvate","QC_S_2",23803.5592478592,10853080.6954135,13,TRUE,10447955.1547008
"Phenylpyruvate","Sample_011821",16967.5582297135,7854349.47720187,15,FALSE,7508711.67051311
"Phenylpyruvate","Sample_011861",631.038512529148,285637.139629999,16,FALSE,272123.599245442
"Phenylpyruvate","Sample_011866",2664.20059260271,1197916.35097083,17,FALSE,1137311.7775359
"Phenylpyruvate","Sample_011871",11357.1548279571,5132744.53966547,18,FALSE,4856343.06083213
"Phenylpyruvate","Sample_011831",13167.0136492486,6011294.35979853,19,FALSE,5668125.87410997
"Phenylpyruvate","Sample_011836",2280.75708255494,1035073.7747607,20,FALSE,972656.875897016
"Phenylpyruvate","Sample_011841",2469.6331531953,1113830.41463609,21,FALSE,1043108.15637435
"Phenylpyruvate","Sample_011891",20792.5167595893,9844697.46040076,22,FALSE,9188393.13957046
"Phenylpyruvate","Sample_011896",15897.4253023452,7253169.57254278,23,FALSE,6746785.94006062
"Phenylpyruvate","Sample_011901",24399.0463118499,11461387.0153164,24,FALSE,10625347.181025
"Phenylpyruvate","QC_S_3",23803.5592478592,11307942.2909516,25,TRUE,10447955.1547008
"Phenylpyruvate","Sample_011822",11598.7334500478,5141734.86461626,27,FALSE,4957186.43106856
"Phenylpyruvate","Sample_011862",3281.78523576612,1404360.14998389,28,FALSE,1384032.95227577
"Phenylpyruvate","Sample_011867",2918.97715900855,1226447.9489944,29,FALSE,1236157.47097102
"Phenylpyruvate","Sample_011872",2684.4676387823,1105252.00744052,30,FALSE,1139900.57474295
"Phenylpyruvate","Sample_011832",18015.0032688703,7408493.18713824,31,FALSE,7822603.53353723
"Phenylpyruvate","Sample_011837",2606.34179959867,1041966.36190072,32,FALSE,1127033.97828041
"Phenylpyruvate","Sample_011842",2745.3729623813,1078050.11540933,33,FALSE,1195204.97418561
"Phenylpyruvate","Sample_011892",2691.82713421781,1039621.82258523,34,FALSE,1182143.7400616
"Phenylpyruvate","Sample_011897",17166.6292623499,6563397.06990722,35,FALSE,7659500.62826996
"Phenylpyruvate","Sample_011902",3412.24826699556,1285391.48470324,36,FALSE,1540581.62025376
"Phenylpyruvate","QC_S_4",23803.5592478592,8481787.36907286,37,TRUE,10447955.1547008
"Phenylpyruvate","Sample_011823",34952.000808403,12898650.5347978,39,FALSE,15677958.6525074
"Phenylpyruvate","Sample_011863",2430.53870537867,902443.628309927,40,FALSE,1089669.40853857
"Phenylpyruvate","Sample_011868",3697.68653634922,1379670.84448253,41,FALSE,1655001.71827772
"Phenylpyruvate","Sample_011873",27126.8222662726,10028983.0696709,42,FALSE,11952169.6818669
"Phenylpyruvate","Sample_011833",12038.9889834458,4507731.11716156,43,FALSE,5337441.23407986
"Phenylpyruvate","Sample_011838",3248.61126650289,1219184.60005458,44,FALSE,1434326.25833113
"Phenylpyruvate","Sample_011843",6360.28071859805,2389017.4480525,45,FALSE,2792666.4863602
"Phenylpyruvate","Sample_011893",18088.0707602919,6877312.97736651,46,FALSE,7988357.22470508
"Phenylpyruvate","Sample_011898",3489.02712161891,1317276.26753317,47,FALSE,1520449.27467296
"Phenylpyruvate","Sample_011903",22470.6293803776,8618964.33932342,48,FALSE,9886071.69423367
"Phenylpyruvate","QC_S_5",23803.5592478592,9165834.58911911,49,TRUE,10447955.1547008
"Phenylpyruvate","Sample_011824",7421.94126533077,2720244.10510575,51,FALSE,3217906.3704107
"Phenylpyruvate","Sample_011864",2972.32672241311,1060611.19059364,52,FALSE,1278805.59599878
"Phenylpyruvate","Sample_011869",3062.21790404956,1066327.78000912,53,FALSE,1310940.22167477
"Phenylpyruvate","Sample_011874",16800.8691049518,5793734.82065299,54,FALSE,7265442.19704761
"Phenylpyruvate","Sample_011834",11253.5481586046,3776271.55637905,55,FALSE,4832280.4905327
"Phenylpyruvate","Sample_011839",3271.53281315508,1062923.2347608,56,FALSE,1388537.77016544
"Phenylpyruvate","Sample_011844",23836.1607328874,7846140.39589746,57,FALSE,10468098.510677
"Phenylpyruvate","Sample_011894",3301.11270590276,1022630.94355486,58,FALSE,1394067.41935473
"Phenylpyruvate","Sample_011899",4463.04353388593,1352578.17438752,59,FALSE,1884890.90400687
"Phenylpyruvate","Sample_011904",4151.85865346327,1218598.97182106,60,FALSE,1736835.90315574
"Phenylpyruvate","QC_S_6",23803.5592478592,7163646.26379027,61,TRUE,10447955.1547008
"Picolinic Acid","QC_S_1",15.200416947543,237185.570696119,1,TRUE,225603.485890633
"Picolinic Acid","Sample_011820",5.15673113284227,99400.0518369697,3,FALSE,92831.5279962234
"Picolinic Acid","Sample_011860",3.66778859142297,72383.5983058399,4,FALSE,66992.8768604496
"Picolinic Acid","Sample_011865",10.1650504609609,178681.283871233,5,FALSE,163901.213296917
"Picolinic Acid","Sample_011870",5.29787778994698,97909.6904003823,6,FALSE,89018.0093472007
"Picolinic Acid","Sample_011830",5.58218052787386,101906.850795073,7,FALSE,91841.4062168289
"Picolinic Acid","Sample_011835",11.7155377950618,204346.565175477,8,FALSE,182565.489251059
"Picolinic Acid","Sample_011840",5.10402063944772,91356.1324191405,9,FALSE,80916.6565952373
"Picolinic Acid","Sample_011890",9.09343409023891,159669.188961203,10,FALSE,140217.541191415
"Picolinic Acid","Sample_011895",6.1076526689485,107620.697153412,11,FALSE,93710.7921522793
"Picolinic Acid","Sample_011900",5.61372721640498,98225.865675976,12,FALSE,84813.170454011
"Picolinic Acid","QC_S_2",15.200416947543,263471.850015116,13,TRUE,225603.485890633
"Picolinic Acid","Sample_011821",7.56657236011276,123285.891090609,15,FALSE,113226.002535591
"Picolinic Acid","Sample_011861",4.58881701418479,70215.0608545456,16,FALSE,66913.2287912872
"Picolinic Acid","Sample_011866",8.27510047903308,120625.817349873,17,FALSE,119450.176873984
"Picolinic Acid","Sample_011871",9.51634507318439,133516.359691979,18,FALSE,137597.612725584
"Picolinic Acid","Sample_011831",12.0385432887226,163117.430407561,19,FALSE,175237.498307787
"Picolinic Acid","Sample_011836",8.54641732677602,109851.460578955,20,FALSE,123243.956008722
"Picolinic Acid","Sample_011841",8.96833664720229,109109.589732447,21,FALSE,128088.370920941
"Picolinic Acid","Sample_011891",16.7730248335178,203599.196019186,22,FALSE,250636.780917536
"Picolinic Acid","Sample_011896",15.6130182383404,173156.565029411,23,FALSE,224056.687284655
"Picolinic Acid","Sample_011901",13.5317628301916,146123.554246036,24,FALSE,199262.493573481
"Picolinic Acid","QC_S_3",15.200416947543,156527.993224296,25,TRUE,225603.485890633
"Picolinic Acid","Sample_011822",10.2173008161024,121095.178868684,27,FALSE,147659.627864237
"Picolinic Acid","Sample_011862",8.03761949506516,101237.445939028,28,FALSE,114621.113046548
"Picolinic Acid","Sample_011867",8.07289062419899,109404.724126163,29,FALSE,115604.056914589
"Picolinic Acid","Sample_011872",7.27895255547008,105509.273454562,30,FALSE,104514.992494535
"Picolinic Acid","Sample_011832",11.4213518116309,179884.726761073,31,FALSE,167700.898406967
"Picolinic Acid","Sample_011837",6.29548999395222,104552.519055518,32,FALSE,92052.6051292632
"Picolinic Acid","Sample_011842",4.83238502750837,85289.8287932056,33,FALSE,71138.2987692035
"Picolinic Acid","Sample_011892",5.52425411006382,103533.444707428,34,FALSE,82034.7148850988
"Picolinic Acid","Sample_011897",7.11602414642362,142277.964360397,35,FALSE,107362.779540362
"Picolinic Acid","Sample_011902",4.48963432306892,95159.8609562371,36,FALSE,68541.8725763977
"Picolinic Acid","QC_S_4",15.200416947543,327460.128500592,37,TRUE,225603.485890633
"Picolinic Acid","Sample_011823",9.27259171364827,190799.346024979,39,FALSE,140643.451540254
"Picolinic Acid","Sample_011863",4.81488426920191,95560.7316667569,40,FALSE,72992.6238519636
"Picolinic Acid","Sample_011868",6.71919667801194,128309.77490791,41,FALSE,101691.959523122
"Picolinic Acid","Sample_011873",10.8494160093209,196284.786348821,42,FALSE,161642.327625933
"Picolinic Acid","Sample_011833",8.2832077295597,144900.314710753,43,FALSE,124177.39576721
"Picolinic Acid","Sample_011838",6.08072855615449,101627.327630088,44,FALSE,90783.4588382043
"Picolinic Acid","Sample_011843",7.71256924241287,122756.104879918,45,FALSE,114509.830162678
"Picolinic Acid","Sample_011893",10.3140701779699,157812.711046595,46,FALSE,154026.772984922
"Picolinic Acid","Sample_011898",8.00015705204424,115193.07630669,47,FALSE,117887.29658068
"Picolinic Acid","Sample_011903",12.5697352224597,173853.693431205,48,FALSE,186997.39379463
"Picolinic Acid","QC_S_5",15.200416947543,199044.971778341,49,TRUE,225603.485890633
"Picolinic Acid","Sample_011824",9.06466103942848,114391.856540186,51,FALSE,132894.915270782
"Picolinic Acid","Sample_011864",8.17800961215778,101130.709269954,52,FALSE,118975.216593326
"Picolinic Acid","Sample_011869",7.47088754578926,90764.6489525765,53,FALSE,108148.350974962
"Picolinic Acid","Sample_011874",11.4542116087507,138768.919309737,54,FALSE,167492.903505645
"Picolinic Acid","Sample_011834",12.9592019526594,153873.347983739,55,FALSE,188166.290976173
"Picolinic Acid","Sample_011839",8.66759363752318,100387.146367511,56,FALSE,124395.842136927
"Picolinic Acid","Sample_011844",14.3954044387396,170216.65358119,57,FALSE,213774.683374892
"Picolinic Acid","Sample_011894",9.94121688765345,111507.468378471,58,FALSE,141959.309924434
"Picolinic Acid","Sample_011899",11.1797617244345,123691.97057276,59,FALSE,159657.214649832
"Picolinic Acid","Sample_011904",9.86814102395229,106643.55943519,60,FALSE,139589.412959261
"Picolinic Acid","QC_S_6",15.200416947543,169930.401129337,61,TRUE,225603.485890633
"Pipecolic acid","QC_S_1",31556.9935384347,3881595.96111354,1,TRUE,7020850.70548774
"Pipecolic acid","Sample_011820",18607.8531268402,3179022.5526944,3,FALSE,5021356.92036858
"Pipecolic acid","Sample_011860",276466.440216507,50959556.0645515,4,FALSE,75695587.7470492
"Pipecolic acid","Sample_011865",27692.4251824258,4774524.98317858,5,FALSE,6693255.95142395
"Pipecolic acid","Sample_011870",28837.0938654478,5472501.73695654,6,FALSE,7263254.22799985
"Pipecolic acid","Sample_011830",36031.4307517497,7051858.92508107,7,FALSE,8886279.46099656
"Pipecolic acid","Sample_011835",32142.3715045897,6259498.50976583,8,FALSE,7508240.65945015
"Pipecolic acid","Sample_011840",52638.3979960783,10930606.6317275,9,FALSE,12509270.4922168
"Pipecolic acid","Sample_011890",25364.2714094478,5358058.74650399,10,FALSE,5862739.90739041
"Pipecolic acid","Sample_011895",29445.9547176534,6461130.73087446,11,FALSE,6772433.19246967
"Pipecolic acid","Sample_011900",33419.3276819731,7524292.74201926,12,FALSE,7568564.45030211
"Pipecolic acid","QC_S_2",31556.9935384347,7261436.15406215,13,TRUE,7020850.70548774
"Pipecolic acid","Sample_011821",16469.2233465622,3581682.02126961,15,FALSE,3694229.87864551
"Pipecolic acid","Sample_011861",222455.99836322,45569728.1460313,16,FALSE,48624951.3170056
"Pipecolic acid","Sample_011866",41619.6309590824,8148330.56919832,17,FALSE,9005660.24790134
"Pipecolic acid","Sample_011871",29416.5634528506,5562490.38777584,18,FALSE,6375826.12865354
"Pipecolic acid","Sample_011831",33890.1481360148,6212190.56469613,19,FALSE,7394867.30198824
"Pipecolic acid","Sample_011836",44604.7191045278,7787838.7417709,20,FALSE,9641978.42533133
"Pipecolic acid","Sample_011841",47278.0593068358,7847846.64102338,21,FALSE,10121881.6100575
"Pipecolic acid","Sample_011891",33240.4279660533,5531896.61815517,22,FALSE,7445670.83863776
"Pipecolic acid","Sample_011896",31468.72552093,4810389.12553631,23,FALSE,6769459.74650279
"Pipecolic acid","Sample_011901",31600.29371924,4730928.16540971,24,FALSE,6975351.78269083
"Pipecolic acid","QC_S_3",31556.9935384347,4534546.30989483,25,TRUE,7020850.70548774
"Pipecolic acid","Sample_011822",16786.5662316251,3250277.68041536,27,FALSE,3636564.29249093
"Pipecolic acid","Sample_011862",37377.4520842674,8131746.32516355,28,FALSE,7990071.84484228
"Pipecolic acid","Sample_011867",31245.9889290312,7657528.321485,29,FALSE,6707212.92283105
"Pipecolic acid","Sample_011872",52883.3207442672,14405965.7902843,30,FALSE,11382357.8580852
"Pipecolic acid","Sample_011832",23087.531535406,7061340.67805938,31,FALSE,5081584.99181826
"Pipecolic acid","Sample_011837",30514.3736172421,10123044.1582507,32,FALSE,6688285.71513759
"Pipecolic acid","Sample_011842",24311.4438396822,8784934.48753615,33,FALSE,5364836.72747565
"Pipecolic acid","Sample_011892",22269.3612095373,8731877.40940287,34,FALSE,4957190.36980698
"Pipecolic acid","Sample_011897",13106.3923475409,5588681.97891064,35,FALSE,2964171.38400318
"Pipecolic acid","Sample_011902",17600.4402797346,8093405.10425097,36,FALSE,4027841.199597
"Pipecolic acid","QC_S_4",31556.9935384347,14977719.552455,37,TRUE,7020850.70548774
"Pipecolic acid","Sample_011823",8368.67629870301,3598041.20968497,39,FALSE,1902737.86202078
"Pipecolic acid","Sample_011863",75967.9968368939,30553056.567557,40,FALSE,17263450.7286684
"Pipecolic acid","Sample_011868",16087.3416545606,6017052.48942595,41,FALSE,3649701.61563725
"Pipecolic acid","Sample_011873",15971.4586704552,5448420.94346293,42,FALSE,3566950.87109262
"Pipecolic acid","Sample_011833",20568.5275211449,6500250.46540437,43,FALSE,4622224.22160165
"Pipecolic acid","Sample_011838",30532.2480359669,8781368.22633553,44,FALSE,6833035.89832169
"Pipecolic acid","Sample_011843",45791.9587043192,11862510.0409217,45,FALSE,10191467.5745454
"Pipecolic acid","Sample_011893",23016.2533431168,5372837.66771501,46,FALSE,5152340.73355662
"Pipecolic acid","Sample_011898",36929.4788000533,7517964.36315795,47,FALSE,8157282.18678361
"Pipecolic acid","Sample_011903",36217.2895952077,6464978.11304224,48,FALSE,8076611.29893381
"Pipecolic acid","QC_S_5",31556.9935384347,4769175.39591138,49,TRUE,7020850.70548774
"Pipecolic acid","Sample_011824",18912.0569253025,3013838.34094302,51,FALSE,4156228.10052052
"Pipecolic acid","Sample_011864",41588.3424468548,6784573.26868404,52,FALSE,9069520.1702462
"Pipecolic acid","Sample_011869",38405.1364908465,6425229.22171771,53,FALSE,8333756.89735544
"Pipecolic acid","Sample_011874",60841.2772932667,10587820.217554,54,FALSE,13336238.2102203
"Pipecolic acid","Sample_011834",39433.4263142303,7010810.70197076,55,FALSE,8582857.31544855
"Pipecolic acid","Sample_011839",42269.0829797931,7636444.84174998,56,FALSE,9093560.50146605
"Pipecolic acid","Sample_011844",87613.2805944776,16825211.7134529,57,FALSE,19503212.6274342
"Pipecolic acid","Sample_011894",27255.6067816058,5166883.89774287,58,FALSE,5834236.06835217
"Pipecolic acid","Sample_011899",30616.5484444744,5954700.9086603,59,FALSE,6554144.95179646
"Pipecolic acid","Sample_011904",29999.2162865426,5925122.92527689,60,FALSE,6361079.96162481
"Pipecolic acid","QC_S_6",31556.9935384347,6700630.85948947,61,TRUE,7020850.70548773
"Proline","QC_S_1",9987642.8143261,111687387.919404,1,TRUE,167155958.9875
"Proline","Sample_011820",7153546.55721255,109033625.429645,3,FALSE,145214831.333996
"Proline","Sample_011860",4956177.71087099,80865975.0577793,4,FALSE,102079787.901071
"Proline","Sample_011865",12310441.7641965,186566278.936362,5,FALSE,223828211.092091
"Proline","Sample_011870",7069141.11024721,117179625.738684,6,FALSE,133940263.595075
"Proline","Sample_011830",6684007.74173169,113614279.672206,7,FALSE,124005271.515656
"Proline","Sample_011835",11541334.8689042,194196117.695987,8,FALSE,202806118.947868
"Proline","Sample_011840",6101048.31004022,108946801.055567,9,FALSE,109068295.943105
"Proline","Sample_011890",5231075.24029392,94615404.6147312,10,FALSE,90956543.1903533
"Proline","Sample_011895",6030017.33491921,112838103.527554,11,FALSE,104328363.296919
"Proline","Sample_011900",6258335.7979696,119724578.640327,12,FALSE,106620179.844909
"Proline","QC_S_2",9987642.8143261,194610943.452484,13,TRUE,167155958.9875
"Proline","Sample_011821",4397291.40546069,82540939.8343058,15,FALSE,74199467.4342796
"Proline","Sample_011861",3747130.82458158,66943835.0013077,16,FALSE,61613894.235432
"Proline","Sample_011866",7166689.48050231,123722525.972652,17,FALSE,116654276.667525
"Proline","Sample_011871",6342227.29551694,106993161.623721,18,FALSE,103407270.769718
"Proline","Sample_011831",4811226.66702814,79664850.8145649,19,FALSE,78972789.7254277
"Proline","Sample_011836",7557073.91843864,120778784.670373,20,FALSE,122886382.777996
"Proline","Sample_011841",7809003.46660029,120349551.267693,21,FALSE,125765630.304018
"Proline","Sample_011891",12782843.7204638,200534435.188891,22,FALSE,215391940.789056
"Proline","Sample_011896",4659853.84194773,68251439.8151624,23,FALSE,75407040.2130628
"Proline","Sample_011901",10406993.1014342,151931977.853739,24,FALSE,172808462.482596
"Proline","QC_S_3",9987642.8143261,142630645.246694,25,TRUE,167155958.9875
"Proline","Sample_011822",8159990.58367563,118482193.965359,27,FALSE,132979226.740543
"Proline","Sample_011862",8022889.46146655,117381328.793006,28,FALSE,129013911.768593
"Proline","Sample_011867",8456420.68467049,126814326.818343,29,FALSE,136552338.695274
"Proline","Sample_011872",7548845.86685849,115812570.088314,30,FALSE,122224654.739576
"Proline","Sample_011832",5598644.45596383,89582249.2144361,31,FALSE,92697778.0554003
"Proline","Sample_011837",7041986.97131321,114396678.41957,32,FALSE,116110185.540527
"Proline","Sample_011842",7382160.08963115,123046277.442899,33,FALSE,122544538.378452
"Proline","Sample_011892",7448126.22286229,127582889.949159,34,FALSE,124721007.268234
"Proline","Sample_011897",4340250.77418195,76927801.3975266,35,FALSE,73841364.3998529
"Proline","Sample_011902",6653272.39366469,121484539.829758,36,FALSE,114537805.043608
"Proline","QC_S_4",9987642.8143261,180445205.972674,37,TRUE,167155958.9875
"Proline","Sample_011823",8938879.72262628,168067678.109508,39,FALSE,152886813.147327
"Proline","Sample_011863",5646345.64093244,107062045.20353,40,FALSE,96522628.1709551
"Proline","Sample_011868",6997718.75141371,133646734.07523,41,FALSE,119424739.335599
"Proline","Sample_011873",10918642.8509367,207096941.685042,42,FALSE,183436582.216262
"Proline","Sample_011833",6108663.20387735,117607977.946919,43,FALSE,103266327.45802
"Proline","Sample_011838",6628749.81804176,128199657.568586,44,FALSE,111596684.652608
"Proline","Sample_011843",8134074.51123304,157790647.916315,45,FALSE,136182216.011886
"Proline","Sample_011893",3859138.2996366,75941557.9761603,46,FALSE,64986782.1567179
"Proline","Sample_011898",7042069.332993,137896827.834443,47,FALSE,117013871.455895
"Proline","Sample_011903",3526076.80911133,70294040.3434398,48,FALSE,59152042.9702117
"Proline","QC_S_5",9987642.8143261,200296025.408671,49,TRUE,167155958.9875
"Proline","Sample_011824",6863971.56065469,132914256.850474,51,FALSE,113475166.130954
"Proline","Sample_011864",6486031.29921309,123197467.085767,52,FALSE,106403639.620423
"Proline","Sample_011869",6411193.92170278,119761213.774109,53,FALSE,104653840.873892
"Proline","Sample_011874",4610389.51800508,85971379.5314927,54,FALSE,76021666.2519149
"Proline","Sample_011834",6671034.19262411,122049392.962842,55,FALSE,109225813.842181
"Proline","Sample_011839",7174436.84117052,128175400.969602,56,FALSE,116108414.650859
"Proline","Sample_011844",8336194.99069693,152221412.176491,57,FALSE,139594665.26648
"Proline","Sample_011894",6863419.57622986,119025486.986242,58,FALSE,110518106.562399
"Proline","Sample_011899",7806357.089782,133693751.020384,59,FALSE,125710910.095391
"Proline","Sample_011904",7617760.12173255,127588929.342042,60,FALSE,121510269.059628
"Proline","QC_S_6",9987642.8143261,173265545.925071,61,TRUE,167155958.9875
"Pyruvate","QC_S_1",16.272651858588,242184.280336325,1,TRUE,237103.022626261
"Pyruvate","Sample_011820",4.86781266888852,89822.2127818447,3,FALSE,86028.6919604339
"Pyruvate","Sample_011860",5.60548480765287,106085.215717569,4,FALSE,100513.863124167
"Pyruvate","Sample_011865",14.5333847314377,245411.633090682,5,FALSE,230052.97422808
"Pyruvate","Sample_011870",4.58535729935135,81544.4199469359,6,FALSE,75637.5715879351
"Pyruvate","Sample_011830",5.90641015329377,103930.916933403,7,FALSE,95399.6324699467
"Pyruvate","Sample_011835",12.6338896919845,212752.383766563,8,FALSE,193277.806830173
"Pyruvate","Sample_011840",5.13095644532449,88808.2040817721,9,FALSE,79856.8708054911
"Pyruvate","Sample_011890",12.3855368763653,210630.745068609,10,FALSE,187489.828958752
"Pyruvate","Sample_011895",5.76860569674415,98600.1761973139,11,FALSE,86890.9577712014
"Pyruvate","Sample_011900",6.3501546906526,107945.264372201,12,FALSE,94185.6522972267
"Pyruvate","QC_S_2",16.272651858588,274428.497118382,13,TRUE,237103.022626261
"Pyruvate","Sample_011821",6.90526061899267,109855.685609216,15,FALSE,101441.464822447
"Pyruvate","Sample_011861",5.94890860121458,89052.7968976634,16,FALSE,85160.2632912635
"Pyruvate","Sample_011866",8.46650949835794,120995.550795958,17,FALSE,119979.313759891
"Pyruvate","Sample_011871",11.3297701202894,156197.181763959,18,FALSE,160823.780884662
"Pyruvate","Sample_011831",9.77231832246881,130431.678479996,19,FALSE,139649.428688643
"Pyruvate","Sample_011836",7.76640895205745,98597.1242532869,20,FALSE,109948.736263277
"Pyruvate","Sample_011841",8.66564235681232,104433.919081139,21,FALSE,121503.003454668
"Pyruvate","Sample_011891",24.1648891197238,291491.467366075,22,FALSE,354492.191314556
"Pyruvate","Sample_011896",13.9609736373174,154407.143164761,23,FALSE,196686.794677601
"Pyruvate","Sample_011901",15.5669096453035,168286.372084379,24,FALSE,225041.202818459
"Pyruvate","QC_S_3",16.272651858588,168476.934063503,25,TRUE,237103.022626261
"Pyruvate","Sample_011822",10.8678949295049,130020.327019765,27,FALSE,154191.159010104
"Pyruvate","Sample_011862",8.44393489833961,107525.433286089,28,FALSE,118214.434059605
"Pyruvate","Sample_011867",7.36820478958946,101089.831812581,29,FALSE,103584.350435821
"Pyruvate","Sample_011872",6.99369430108839,102749.421662671,30,FALSE,98583.6293163001
"Pyruvate","Sample_011832",10.7317577994244,171494.445222311,31,FALSE,154695.32703698
"Pyruvate","Sample_011837",4.48145956409211,75583.620790003,32,FALSE,64330.1375834908
"Pyruvate","Sample_011842",5.27560470216484,94638.8620389527,33,FALSE,76243.4682950946
"Pyruvate","Sample_011892",7.28855703657187,138941.608829984,34,FALSE,106256.1398712
"Pyruvate","Sample_011897",11.6958898467975,238017.309363895,35,FALSE,173235.963223332
"Pyruvate","Sample_011902",4.71748106046818,101833.967575155,36,FALSE,70703.9396163646
"Pyruvate","QC_S_4",16.272651858588,357225.452746196,37,TRUE,237103.022626261
"Pyruvate","Sample_011823",8.15564795512517,172207.823234763,39,FALSE,121440.990713378
"Pyruvate","Sample_011863",5.40468587942989,110498.776888259,40,FALSE,80436.290274561
"Pyruvate","Sample_011868",6.39748264081768,126368.370851146,41,FALSE,95053.2194170924
"Pyruvate","Sample_011873",10.7263221812635,201624.512834509,42,FALSE,156887.384678704
"Pyruvate","Sample_011833",6.00072975006674,109587.082683903,43,FALSE,88315.4152532506
"Pyruvate","Sample_011838",5.72469431134013,100398.797315265,44,FALSE,83905.7766642
"Pyruvate","Sample_011843",5.70846199724303,95875.1770706905,45,FALSE,83205.3517571683
"Pyruvate","Sample_011893",12.9652995923065,210604.721124483,46,FALSE,190080.315187163
"Pyruvate","Sample_011898",8.56353921157352,131771.83463527,47,FALSE,123882.579206624
"Pyruvate","Sample_011903",11.3399748593955,168830.132626317,48,FALSE,165618.92763944
"Pyruvate","QC_S_5",16.272651858588,231197.949230415,49,TRUE,237103.022626261
"Pyruvate","Sample_011824",7.43202639389001,98130.9942954867,51,FALSE,106967.659010881
"Pyruvate","Sample_011864",9.38072749304058,119044.460051609,52,FALSE,133978.113945679
"Pyruvate","Sample_011869",6.18370653664116,75548.1433576922,53,FALSE,87878.9836786272
"Pyruvate","Sample_011874",8.20965413035021,97916.8113761716,54,FALSE,117854.052916385
"Pyruvate","Sample_011834",7.38958507490555,84476.2652189346,55,FALSE,105334.847871139
"Pyruvate","Sample_011839",8.06306787103306,87830.6557029806,56,FALSE,113604.645349451
"Pyruvate","Sample_011844",11.2082625507149,121616.163308381,57,FALSE,163402.670118659
"Pyruvate","Sample_011894",13.9202615638298,139611.527956056,58,FALSE,195146.235903257
"Pyruvate","Sample_011899",14.6386458387918,140905.666235837,59,FALSE,205232.13213214
"Pyruvate","Sample_011904",10.8191020205215,98817.5832359605,60,FALSE,150243.883928357
"Pyruvate","QC_S_6",16.272651858588,149105.022262747,61,TRUE,237103.022626261
"Riboflavin","QC_S_1",44.8874819283347,120755.797521843,1,TRUE,177319.237528502
"Riboflavin","Sample_011820",231.681489892416,810532.463629871,3,FALSE,1110075.85087909
"Riboflavin","Sample_011860",202.156449202632,741731.866060492,4,FALSE,982770.791058298
"Riboflavin","Sample_011865",77.2622904946769,258399.355324985,5,FALSE,331574.035833739
"Riboflavin","Sample_011870",187.885851751052,675468.872402985,6,FALSE,840253.494112297
"Riboflavin","Sample_011830",188.447330697957,683656.548842218,7,FALSE,825210.878119233
"Riboflavin","Sample_011835",69.1149093447785,244532.858108533,8,FALSE,286660.929987746
"Riboflavin","Sample_011840",187.365974459025,693841.590706352,9,FALSE,790599.510081631
"Riboflavin","Sample_011890",224.565731462704,831488.753578385,10,FALSE,921633.420222868
"Riboflavin","Sample_011895",194.524726394868,736208.048160088,11,FALSE,794383.833966229
"Riboflavin","Sample_011900",137.833760367759,527283.965501136,12,FALSE,554252.810794426
"Riboflavin","QC_S_2",44.8874819283347,173049.001194234,13,TRUE,177319.237528502
"Riboflavin","Sample_011821",147.905902051565,614459.768741709,15,FALSE,589077.990197575
"Riboflavin","Sample_011861",131.923314965977,551260.082290963,16,FALSE,512003.711582764
"Riboflavin","Sample_011866",163.709891970111,698316.313228417,17,FALSE,628968.289226187
"Riboflavin","Sample_011871",146.383001598558,644373.297211659,18,FALSE,563341.404849975
"Riboflavin","Sample_011831",119.515071995788,545192.427926004,19,FALSE,463037.420539542
"Riboflavin","Sample_011836",98.2889500192352,456851.057504456,20,FALSE,377247.644703719
"Riboflavin","Sample_011841",113.137806412254,535271.576480706,21,FALSE,430076.646827143
"Riboflavin","Sample_011891",39.0508594319577,198516.454923288,22,FALSE,155311.751413509
"Riboflavin","Sample_011896",149.919185787117,751146.575806229,23,FALSE,572622.706457151
"Riboflavin","Sample_011901",40.6842729784427,214522.740426748,24,FALSE,159454.966238524
"Riboflavin","QC_S_3",44.8874819283347,244511.65951222,25,TRUE,177319.237528502
"Riboflavin","Sample_011822",162.370735335125,789706.93960905,27,FALSE,624559.26307885
"Riboflavin","Sample_011862",108.682088981552,497969.479439918,28,FALSE,412510.932718249
"Riboflavin","Sample_011867",140.809165471127,617133.850003828,29,FALSE,536679.786214269
"Riboflavin","Sample_011872",142.512895889865,595096.13475414,30,FALSE,544633.281916521
"Riboflavin","Sample_011832",147.071887836576,595107.580825024,31,FALSE,574761.744015541
"Riboflavin","Sample_011837",149.961145657332,570857.659580429,32,FALSE,583613.866751148
"Riboflavin","Sample_011842",138.25525632485,498850.15958039,33,FALSE,541706.321440087
"Riboflavin","Sample_011892",192.124937783359,655807.160535088,34,FALSE,759360.622031219
"Riboflavin","Sample_011897",176.698336673354,572171.212464836,35,FALSE,709559.961788147
"Riboflavin","Sample_011902",181.313767828135,551908.052603596,36,FALSE,736743.114261465
"Riboflavin","QC_S_4",44.8874819283347,122680.567799524,37,TRUE,177319.237528502
"Riboflavin","Sample_011823",71.3143338154428,214089.078900786,39,FALSE,287895.923061539
"Riboflavin","Sample_011863",159.970815521715,496699.306306461,40,FALSE,645467.215099191
"Riboflavin","Sample_011868",199.479339313631,639139.295024146,41,FALSE,803539.980941508
"Riboflavin","Sample_011873",47.850403725079,155837.199957911,42,FALSE,189746.881404147
"Riboflavin","Sample_011833",170.205599525219,575349.127538745,43,FALSE,679138.178133043
"Riboflavin","Sample_011838",183.246455123886,635728.212013184,44,FALSE,728160.300272072
"Riboflavin","Sample_011843",171.316394591293,608578.557726165,45,FALSE,676991.050039753
"Riboflavin","Sample_011893",119.487339853005,439229.025455264,46,FALSE,474928.611536164
"Riboflavin","Sample_011898",183.514883041119,684276.158704543,47,FALSE,719747.381964981
"Riboflavin","Sample_011903",156.614525334385,605619.191403854,48,FALSE,620128.612068615
"Riboflavin","QC_S_5",44.8874819283347,177760.408404506,49,TRUE,177319.237528502
"Riboflavin","Sample_011824",121.47815648293,496315.454726917,51,FALSE,474018.503811007
"Riboflavin","Sample_011864",140.585308319956,582095.264345065,52,FALSE,544363.668289661
"Riboflavin","Sample_011869",139.777424392499,587873.534959124,53,FALSE,538548.775814802
"Riboflavin","Sample_011874",157.006701883421,680646.512341752,54,FALSE,611068.232484494
"Riboflavin","Sample_011834",150.524309281947,660909.151331053,55,FALSE,581715.340073033
"Riboflavin","Sample_011839",113.655147091099,502921.667421418,56,FALSE,434146.933332276
"Riboflavin","Sample_011844",57.8031309133394,269748.742449817,57,FALSE,228467.311171192
"Riboflavin","Sample_011894",83.0151510605188,379554.810708557,58,FALSE,315516.445017919
"Riboflavin","Sample_011899",120.869005629918,562900.929856045,59,FALSE,459421.438196771
"Riboflavin","Sample_011904",93.7546448517169,440347.550478485,60,FALSE,352980.109452581
"Riboflavin","QC_S_6",44.8874819283347,225157.990738684,61,TRUE,177319.237528502
"S-Adenosylhomocysteine","QC_S_1",24.759981093439,33388.944953899,1,TRUE,283378.683128603
"S-Adenosylhomocysteine","Sample_011820",11.8183246145904,50664.8043017944,3,FALSE,164060.29544427
"S-Adenosylhomocysteine","Sample_011860",28.5851619645173,162783.906367147,4,FALSE,402616.485982743
"S-Adenosylhomocysteine","Sample_011865",27.6326989772017,171723.251633361,5,FALSE,343575.747167538
"S-Adenosylhomocysteine","Sample_011870",13.0776635880939,100873.00306408,6,FALSE,169446.525349864
"S-Adenosylhomocysteine","Sample_011830",13.7335457961898,120364.872757306,7,FALSE,174238.40681544
"S-Adenosylhomocysteine","Sample_011835",25.3682791711716,239697.5969004,8,FALSE,304841.456721026
"S-Adenosylhomocysteine","Sample_011840",9.0256111036399,97296.7790182003,9,FALSE,110338.909801437
"S-Adenosylhomocysteine","Sample_011890",14.1336062394166,164240.474169569,10,FALSE,168055.98189505
"S-Adenosylhomocysteine","Sample_011895",11.7449043152882,149075.846342043,11,FALSE,138960.486055648
"S-Adenosylhomocysteine","Sample_011900",13.4246659446725,182722.772876664,12,FALSE,156401.907104448
"S-Adenosylhomocysteine","QC_S_2",24.759981093439,358130.235694218,13,TRUE,283378.683128603
"S-Adenosylhomocysteine","Sample_011821",5.15724075558585,66822.0173035227,15,FALSE,59510.1377031462
"S-Adenosylhomocysteine","Sample_011861",4.15582048478486,49178.9051783814,16,FALSE,46729.8718648182
"S-Adenosylhomocysteine","Sample_011866",14.6754039626491,160405.404859712,17,FALSE,163354.141688236
"S-Adenosylhomocysteine","Sample_011871",22.1211531633457,224815.694261213,18,FALSE,246646.549517926
"S-Adenosylhomocysteine","Sample_011831",16.0778539168304,151781.605570156,19,FALSE,180471.134392315
"S-Adenosylhomocysteine","Sample_011836",16.9919399597814,145600.659885184,20,FALSE,188951.812987444
"S-Adenosylhomocysteine","Sample_011841",19.5398276822748,150664.831174045,21,FALSE,215201.400588357
"S-Adenosylhomocysteine","Sample_011891",40.1505380298214,291307.372513499,22,FALSE,462648.701301634
"S-Adenosylhomocysteine","Sample_011896",14.1420338439558,87512.5433005877,23,FALSE,156498.247943672
"S-Adenosylhomocysteine","Sample_011901",23.3389127999481,129523.762529301,24,FALSE,265019.828655306
"S-Adenosylhomocysteine","QC_S_3",24.759981093439,118529.609709261,25,TRUE,283378.683128603
"S-Adenosylhomocysteine","Sample_011822",8.53014684002011,70214.2341787395,27,FALSE,95062.3751238141
"S-Adenosylhomocysteine","Sample_011862",13.0605767774046,129086.384347834,28,FALSE,143623.696253148
"S-Adenosylhomocysteine","Sample_011867",12.8595331729188,150373.704761096,29,FALSE,142002.429198019
"S-Adenosylhomocysteine","Sample_011872",15.2315418365412,205601.873425898,30,FALSE,168647.588980328
"S-Adenosylhomocysteine","Sample_011832",18.3581385684591,286700.86226221,31,FALSE,207861.036024349
"S-Adenosylhomocysteine","Sample_011837",5.40423047782523,93807.0731449748,32,FALSE,60935.021987307
"S-Adenosylhomocysteine","Sample_011842",5.73443709069643,110640.41540242,33,FALSE,65096.7492663949
"S-Adenosylhomocysteine","Sample_011892",7.19442242659778,153219.060390694,34,FALSE,82384.6922641203
"S-Adenosylhomocysteine","Sample_011897",10.7803550757548,253349.961488035,35,FALSE,125422.64725763
"S-Adenosylhomocysteine","Sample_011902",2.59762281054721,66670.2271476866,36,FALSE,30580.7159694098
"S-Adenosylhomocysteine","QC_S_4",24.759981093439,663193.741175827,37,TRUE,283378.683128603
"S-Adenosylhomocysteine","Sample_011823",3.39020383710169,81705.3265588816,39,FALSE,39652.5164059595
"S-Adenosylhomocysteine","Sample_011863",6.45537249113972,144939.960495678,40,FALSE,75464.2037169733
"S-Adenosylhomocysteine","Sample_011868",5.92203579119536,123075.486749624,41,FALSE,69114.1313856305
"S-Adenosylhomocysteine","Sample_011873",15.1116097881635,284878.706894531,42,FALSE,173614.513730958
"S-Adenosylhomocysteine","Sample_011833",6.14605434927994,106645.418960328,43,FALSE,71050.4700036165
"S-Adenosylhomocysteine","Sample_011838",10.8480408072595,169987.443524061,44,FALSE,124890.378733711
"S-Adenosylhomocysteine","Sample_011843",13.912698948338,194522.698271068,45,FALSE,159287.481686088
"S-Adenosylhomocysteine","Sample_011893",17.0571438090634,212398.82646619,46,FALSE,196426.016644525
"S-Adenosylhomocysteine","Sample_011898",20.3630898275266,217834.363451519,47,FALSE,231386.883560501
"S-Adenosylhomocysteine","Sample_011903",20.0069268577632,183967.967104652,48,FALSE,229517.800170093
"S-Adenosylhomocysteine","QC_S_5",24.759981093439,187498.404425391,49,TRUE,283378.683128603
"S-Adenosylhomocysteine","Sample_011824",11.6429599580485,98861.4822403063,51,FALSE,131627.539639619
"S-Adenosylhomocysteine","Sample_011864",10.5900357403606,94542.0347602778,52,FALSE,118804.496280126
"S-Adenosylhomocysteine","Sample_011869",21.6936702767885,203534.532424999,53,FALSE,242162.728642331
"S-Adenosylhomocysteine","Sample_011874",21.7927287830339,217524.574720767,54,FALSE,245736.340812698
"S-Adenosylhomocysteine","Sample_011834",15.7680215072141,164174.287954029,55,FALSE,176549.842422571
"S-Adenosylhomocysteine","Sample_011839",14.9993954468453,161785.375904422,56,FALSE,165999.829346165
"S-Adenosylhomocysteine","Sample_011844",21.0425040687851,245621.826503714,57,FALSE,240966.341983211
"S-Adenosylhomocysteine","Sample_011894",14.5918850666319,170968.272713419,58,FALSE,160680.174586814
"S-Adenosylhomocysteine","Sample_011899",17.593535109768,214814.767155682,59,FALSE,193747.308000822
"S-Adenosylhomocysteine","Sample_011904",12.981045007302,163324.10940658,60,FALSE,141596.772156704
"S-Adenosylhomocysteine","QC_S_6",24.759981093439,339531.16281302,61,TRUE,283378.683128603
"Sarcosine","QC_S_1",60.3375564414362,483437.076403158,1,TRUE,395903.728695614
"Sarcosine","Sample_011820",47.2943204303316,464963.238679804,3,FALSE,376393.026952605
"Sarcosine","Sample_011860",46.120637248479,462700.471092061,4,FALSE,372418.460891206
"Sarcosine","Sample_011865",71.7220327268736,638826.62298288,5,FALSE,511254.081666159
"Sarcosine","Sample_011870",50.7876197183105,474083.689644145,6,FALSE,377264.004541491
"Sarcosine","Sample_011830",44.635779732595,410287.717966275,7,FALSE,324660.416890112
"Sarcosine","Sample_011835",54.0212288410319,472963.308673813,8,FALSE,372162.391547168
"Sarcosine","Sample_011840",37.5259019274729,336113.061496696,9,FALSE,263007.55022535
"Sarcosine","Sample_011890",69.2367438618504,606524.814887836,10,FALSE,471978.948093721
"Sarcosine","Sample_011895",49.1345614548261,430660.819542442,11,FALSE,333283.589944469
"Sarcosine","Sample_011900",35.2561173325887,305958.005926676,12,FALSE,235482.178253549
"Sarcosine","QC_S_2",60.3375564414362,517205.003323128,13,TRUE,395903.728695614
"Sarcosine","Sample_011821",56.5313030711278,477691.36574085,15,FALSE,373979.287869801
"Sarcosine","Sample_011861",47.1345710699413,383700.037011853,16,FALSE,303852.192843553
"Sarcosine","Sample_011866",43.9017263541647,349710.148913332,17,FALSE,280160.361216207
"Sarcosine","Sample_011871",62.4201682116617,492257.0650785,18,FALSE,399003.973888286
"Sarcosine","Sample_011831",49.3520638433338,387202.036280093,19,FALSE,317592.321467665
"Sarcosine","Sample_011836",41.7292480935015,320473.755301708,20,FALSE,266031.867255158
"Sarcosine","Sample_011841",42.8405187154317,321922.12921631,21,FALSE,270498.019455949
"Sarcosine","Sample_011891",55.52245824456,431184.915671867,22,FALSE,366786.775787678
"Sarcosine","Sample_011896",56.7278117007186,417854.691690639,23,FALSE,359897.345371786
"Sarcosine","Sample_011901",54.8254029341571,409204.029243699,24,FALSE,356914.822647104
"Sarcosine","QC_S_3",60.3375564414362,448150.388226732,25,TRUE,395903.728695614
"Sarcosine","Sample_011822",53.7623521638893,385960.147217597,27,FALSE,343491.045480105
"Sarcosine","Sample_011862",69.7272504954497,492114.130524254,28,FALSE,439593.526234385
"Sarcosine","Sample_011867",40.576635839723,286501.997966445,29,FALSE,256880.781001859
"Sarcosine","Sample_011872",38.1140633721663,268830.170779124,30,FALSE,241939.359038483
"Sarcosine","Sample_011832",50.5716923540526,363394.00532669,31,FALSE,328274.339478528
"Sarcosine","Sample_011837",32.9314181280964,234764.575437247,32,FALSE,212876.905214703
"Sarcosine","Sample_011842",31.1537342131611,222753.555087299,33,FALSE,202751.289208296
"Sarcosine","Sample_011892",37.9200673779367,272468.610823177,34,FALSE,248945.737640314
"Sarcosine","Sample_011897",60.0793594648136,436927.575644004,35,FALSE,400731.236239931
"Sarcosine","Sample_011902",25.9641038272116,190337.474205208,36,FALSE,175238.651220255
"Sarcosine","QC_S_4",60.3375564414362,428366.746332187,37,TRUE,395903.728695614
"Sarcosine","Sample_011823",45.9232022445739,315295.314280165,39,FALSE,307937.16792827
"Sarcosine","Sample_011863",46.0993699475582,307365.122406134,40,FALSE,308958.16805653
"Sarcosine","Sample_011868",36.6662704501254,236936.229590627,41,FALSE,245328.254466425
"Sarcosine","Sample_011873",43.6281474044067,269182.514655053,42,FALSE,287360.502387669
"Sarcosine","Sample_011833",29.6240424367338,178212.275790669,43,FALSE,196335.975627036
"Sarcosine","Sample_011838",28.5291695834972,165448.334110193,44,FALSE,188300.645095415
"Sarcosine","Sample_011843",24.7388180687201,137956.644847395,45,FALSE,162380.625557914
"Sarcosine","Sample_011893",58.88916563537,319015.101509666,46,FALSE,388788.226225907
"Sarcosine","Sample_011898",29.0282890723144,149673.401452928,47,FALSE,189104.343384353
"Sarcosine","Sample_011903",58.6546354234186,294120.948224009,48,FALSE,385765.453761651
"Sarcosine","QC_S_5",60.3375564414362,290349.263400889,49,TRUE,395903.728695614
"Sarcosine","Sample_011824",43.1597143699815,195445.315913779,51,FALSE,279735.076338771
"Sarcosine","Sample_011864",83.6964685158205,366761.744172356,52,FALSE,538303.979172076
"Sarcosine","Sample_011869",27.9353291915259,118704.130563212,53,FALSE,178777.584398341
"Sarcosine","Sample_011874",38.8100304968026,162232.985044821,54,FALSE,250891.970224372
"Sarcosine","Sample_011834",41.9147957923788,169309.637014881,55,FALSE,269055.881564076
"Sarcosine","Sample_011839",28.5551177824941,110866.028540122,56,FALSE,181176.909502078
"Sarcosine","Sample_011844",53.5752446100352,209127.375198832,57,FALSE,351728.963727868
"Sarcosine","Sample_011894",34.11714711414,124322.127098622,58,FALSE,215381.604408588
"Sarcosine","Sample_011899",47.8961568979473,169298.261961943,59,FALSE,302390.565827217
"Sarcosine","Sample_011904",44.6278841721005,151407.134492096,60,FALSE,279084.039074455
"Sarcosine","QC_S_6",60.3375564414362,207913.894487587,61,TRUE,395903.728695614
"Serine","QC_S_1",618577.208657122,18065653.8111735,1,TRUE,30149668.0655568
"Serine","Sample_011820",1080866.87376997,42841701.6959878,3,FALSE,63898627.9772223
"Serine","Sample_011860",993821.506796172,42091525.3490024,4,FALSE,59611635.7630535
"Serine","Sample_011865",880144.878280928,34567645.6814259,5,FALSE,46604205.7909707
"Serine","Sample_011870",1082926.24807549,46451043.4650442,6,FALSE,59754846.9334692
"Serine","Sample_011830",1028583.60235661,45181338.8493542,7,FALSE,55574115.5117882
"Serine","Sample_011835",890898.146023236,38689980.3900094,8,FALSE,45591389.3092068
"Serine","Sample_011840",975887.674903312,44926454.3135721,9,FALSE,50807012.2483727
"Serine","Sample_011890",914206.208998694,42584585.4679668,10,FALSE,46293168.4224517
"Serine","Sample_011895",933088.749794438,44923850.9443741,11,FALSE,47015011.4614565
"Serine","Sample_011900",1014669.90630016,49897188.8262632,12,FALSE,50342535.8832042
"Serine","QC_S_2",618577.208657122,30957253.9407825,13,TRUE,30149668.0655568
"Serine","Sample_011821",891459.060868079,46124590.3421742,15,FALSE,43807321.9267211
"Serine","Sample_011861",912368.157612032,46571202.4150789,16,FALSE,43689762.3048384
"Serine","Sample_011866",902025.819104158,46137639.8366167,17,FALSE,42759321.5425552
"Serine","Sample_011871",1023317.06645362,53063639.5382152,18,FALSE,48590263.05641
"Serine","Sample_011831",925044.67178316,48867829.8571014,19,FALSE,44219530.5250262
"Serine","Sample_011836",838877.248348031,44420937.3125594,20,FALSE,39726313.532524
"Serine","Sample_011841",843733.065721743,44766377.8514848,21,FALSE,39573201.3700041
"Serine","Sample_011891",552542.925242107,31026443.2712785,22,FALSE,27114259.7510952
"Serine","Sample_011896",842627.48400485,45958532.5643649,23,FALSE,39710465.6400429
"Serine","Sample_011901",740013.585013656,41883409.7351781,24,FALSE,35785673.1979713
"Serine","QC_S_3",618577.208657122,35680669.6998525,25,TRUE,30149668.0655568
"Serine","Sample_011822",871221.790275649,47290793.9934927,27,FALSE,41347821.6475155
"Serine","Sample_011862",872102.134665095,45900702.6757976,28,FALSE,40841609.0650474
"Serine","Sample_011867",882328.593120649,45808497.3209442,29,FALSE,41492793.5959723
"Serine","Sample_011872",805018.64368998,41153203.283005,30,FALSE,37958929.7609394
"Serine","Sample_011832",912112.865415603,46808531.7064247,31,FALSE,43980967.3230565
"Serine","Sample_011837",851939.379734498,42726084.782824,32,FALSE,40908499.9350453
"Serine","Sample_011842",917273.010306869,45433967.1598249,33,FALSE,44344409.4610671
"Serine","Sample_011892",831486.832188568,40739766.1598588,34,FALSE,40548773.0038957
"Serine","Sample_011897",960982.888053167,46892179.788639,35,FALSE,47613521.5356736
"Serine","Sample_011902",949997.48273938,45960902.0533814,36,FALSE,47628375.1653636
"Serine","QC_S_4",618577.208657122,28495349.1320461,37,TRUE,30149668.0655568
"Serine","Sample_011823",764412.197467595,36679606.6690044,39,FALSE,38075384.9034835
"Serine","Sample_011863",861168.760859356,41691349.465318,40,FALSE,42872588.4960679
"Serine","Sample_011868",946800.394909845,46189158.7830201,41,FALSE,47057192.0053606
"Serine","Sample_011873",704777.178517413,34160431.2295854,42,FALSE,34482510.8731034
"Serine","Sample_011833",1015045.33704413,49960403.4448647,43,FALSE,49972117.3105308
"Serine","Sample_011838",943689.915727339,46678255.6202863,44,FALSE,46267788.1291686
"Serine","Sample_011843",1013776.92960095,50317911.3312265,45,FALSE,49429294.7298378
"Serine","Sample_011893",839503.429282532,42285617.4310319,46,FALSE,41170574.2579834
"Serine","Sample_011898",941222.025785483,47195225.5839107,47,FALSE,45546907.2892877
"Serine","Sample_011903",1049886.17692606,53615333.4861806,48,FALSE,51292038.2671297
"Serine","QC_S_5",618577.208657122,31789852.3503632,49,TRUE,30149668.0655568
"Serine","Sample_011824",859248.585851147,44561467.7839325,51,FALSE,41368896.5931235
"Serine","Sample_011864",820104.40393119,42650917.1260405,52,FALSE,39181074.9695392
"Serine","Sample_011869",836557.669261269,43743435.8088597,53,FALSE,39768746.5692951
"Serine","Sample_011874",955982.50716603,51017935.7440386,54,FALSE,45907058.9194272
"Serine","Sample_011834",912476.548792841,48848793.482906,55,FALSE,43509450.0412023
"Serine","Sample_011839",824278.853208099,44058753.9822777,56,FALSE,38848995.7076125
"Serine","Sample_011844",686045.74291931,38324332.1675872,57,FALSE,33456753.0212311
"Serine","Sample_011894",765373.172103327,41522373.1887681,58,FALSE,35891853.0933279
"Serine","Sample_011899",813652.105961697,44579250.8918484,59,FALSE,38158655.9578655
"Serine","Sample_011904",815155.086136292,44669135.3799323,60,FALSE,37866545.9224061
"Serine","QC_S_6",618577.208657122,35909229.4591227,61,TRUE,30149668.0655568
"Sialic acid","QC_S_1",65.8371954782662,241957.895164932,1,TRUE,322787.30769158
"Sialic acid","Sample_011820",95.0970226619096,464578.205279004,3,FALSE,565513.207960071
"Sialic acid","Sample_011860",101.830555291102,526842.77196824,4,FALSE,614408.57260939
"Sialic acid","Sample_011865",74.714262246832,355547.632863674,5,FALSE,397952.249475171
"Sialic acid","Sample_011870",91.2289438380638,470618.57041441,6,FALSE,506364.687169693
"Sialic acid","Sample_011830",102.895504564757,539858.049475488,7,FALSE,559224.088494511
"Sialic acid","Sample_011835",76.9875170821086,396835.230039316,8,FALSE,396306.861188646
"Sialic acid","Sample_011840",91.1910311875535,495376.539681319,9,FALSE,477564.962636245
"Sialic acid","Sample_011890",103.729973714876,567072.375300589,10,FALSE,528364.35795612
"Sialic acid","Sample_011895",91.3254466856635,513429.680088351,11,FALSE,462873.059622313
"Sialic acid","Sample_011900",91.9294967097209,525409.695166293,12,FALSE,458798.191211447
"Sialic acid","QC_S_2",65.8371954782662,381260.345647779,13,TRUE,322787.30769158
"Sialic acid","Sample_011821",79.2023085890315,474059.690134537,15,FALSE,391507.104658716
"Sialic acid","Sample_011861",83.3205349829185,491933.883405015,16,FALSE,401345.241658935
"Sialic acid","Sample_011866",87.1725765175445,515665.760181883,17,FALSE,415669.563726526
"Sialic acid","Sample_011871",82.5317505875849,494886.776651772,18,FALSE,394199.978636736
"Sialic acid","Sample_011831",79.1676230844073,483563.115615937,19,FALSE,380676.031899322
"Sialic acid","Sample_011836",75.0602847745085,459508.118069491,20,FALSE,357558.053274235
"Sialic acid","Sample_011841",82.9698498695038,508874.298952233,21,FALSE,391446.961363911
"Sialic acid","Sample_011891",51.5927029113161,334848.50830594,22,FALSE,254669.25440452
"Sialic acid","Sample_011896",78.7217017939871,496216.293432044,23,FALSE,373181.700611326
"Sialic acid","Sample_011901",65.0993546132265,425772.883132183,24,FALSE,316666.912983812
"Sialic acid","QC_S_3",65.8371954782662,438796.727080673,25,TRUE,322787.30769158
"Sialic acid","Sample_011822",74.8534388119834,464311.125179333,27,FALSE,357348.668598923
"Sialic acid","Sample_011862",92.3326113352834,552085.016905353,28,FALSE,434957.795718702
"Sialic acid","Sample_011867",82.429261048856,483211.987258557,29,FALSE,389924.240687622
"Sialic acid","Sample_011872",84.5291572177191,484810.384517627,30,FALSE,400932.318942945
"Sialic acid","Sample_011832",77.1670362419523,441347.501350028,31,FALSE,374286.809757534
"Sialic acid","Sample_011837",86.1481312151439,478163.874722655,32,FALSE,416109.114285103
"Sialic acid","Sample_011842",80.8120240612747,439783.381351606,33,FALSE,392982.083994564
"Sialic acid","Sample_011892",88.6245628497675,473459.172636839,34,FALSE,434743.355860188
"Sialic acid","Sample_011897",92.0501223622954,485845.409241639,35,FALSE,458770.543834472
"Sialic acid","Sample_011902",89.0302561153505,462001.588783639,36,FALSE,448990.798065688
"Sialic acid","QC_S_4",65.8371954782662,322445.015899633,37,TRUE,322787.30769158
"Sialic acid","Sample_011823",73.0606049218709,353498.653156443,39,FALSE,366063.530528504
"Sialic acid","Sample_011863",116.598881684917,554151.563939348,40,FALSE,583905.182030177
"Sialic acid","Sample_011868",81.4760623333591,379806.052575348,41,FALSE,407337.239659511
"Sialic acid","Sample_011873",60.7034718928803,273595.013832851,42,FALSE,298756.309745227
"Sialic acid","Sample_011833",76.0407506005289,338591.739684142,43,FALSE,376569.560757126
"Sialic acid","Sample_011838",90.2002041830114,392587.105724264,44,FALSE,444849.85248972
"Sialic acid","Sample_011843",93.2969524265429,396210.253584493,45,FALSE,457578.883154725
"Sialic acid","Sample_011893",109.027896238471,456767.525059265,46,FALSE,537846.799452197
"Sialic acid","Sample_011898",103.986781071422,421452.248181618,47,FALSE,506175.886752505
"Sialic acid","Sample_011903",107.713373567003,431934.369827953,48,FALSE,529338.977701612
"Sialic acid","QC_S_5",65.8371954782662,258022.060831207,49,TRUE,322787.30769158
"Sialic acid","Sample_011824",90.7669768409326,359603.155360998,51,FALSE,439581.582680295
"Sialic acid","Sample_011864",121.954531206345,484932.938113694,52,FALSE,586086.408961709
"Sialic acid","Sample_011869",98.1167813032006,392596.485147435,53,FALSE,469186.834511626
"Sialic acid","Sample_011874",82.5533040594518,337401.803036198,54,FALSE,398768.175055404
"Sialic acid","Sample_011834",90.703292332006,372170.22113188,55,FALSE,435052.270737206
"Sialic acid","Sample_011839",103.816199249419,425646.268133885,56,FALSE,492183.748404536
"Sialic acid","Sample_011844",74.5018702441715,319482.123244091,57,FALSE,365472.242482098
"Sialic acid","Sample_011894",86.4453410317761,360274.742255441,58,FALSE,407775.139050336
"Sialic acid","Sample_011899",92.7697884057187,390753.357819858,59,FALSE,437640.382397111
"Sialic acid","Sample_011904",88.119031497213,371493.845290274,60,FALSE,411757.644368873
"Sialic acid","QC_S_6",65.8371954782662,294241.801525255,61,TRUE,322787.30769158
"Spermine","QC_S_1",4.1181885948512,68053.2922289968,1,TRUE,88738.7204935187
"Spermine","Sample_011820",4.18847304362765,91897.5790307601,3,FALSE,109469.557177085
"Spermine","Sample_011860",6.36084133228438,147722.723000005,4,FALSE,168676.865143231
"Spermine","Sample_011865",4.92978173276113,105255.144288654,5,FALSE,115402.959581468
"Spermine","Sample_011870",6.42361433948977,148608.896699357,6,FALSE,156701.093511382
"Spermine","Sample_011830",5.4770977247189,128820.341401476,7,FALSE,130828.319544783
"Spermine","Sample_011835",4.40346756909387,101711.499144328,8,FALSE,99624.8966734104
"Spermine","Sample_011840",3.61814629512389,88044.2021066238,9,FALSE,83277.6107750069
"Spermine","Sample_011890",3.12054437941333,76392.7553280113,10,FALSE,69858.8469431886
"Spermine","Sample_011895",5.08549135066789,127989.755040874,11,FALSE,113283.021329183
"Spermine","Sample_011900",3.90542584435221,99893.829109158,12,FALSE,85663.7366670829
"Spermine","QC_S_2",4.1181885948512,106700.190950801,13,TRUE,88738.7204935187
"Spermine","Sample_011821",3.26456707359351,83981.1201422832,15,FALSE,70923.3444628167
"Spermine","Sample_011861",6.27917691344183,156190.483101248,16,FALSE,132932.322306936
"Spermine","Sample_011866",3.61981606394998,88439.4057804961,17,FALSE,75860.6658380255
"Spermine","Sample_011871",4.87993199484939,118489.187740829,18,FALSE,102440.364054021
"Spermine","Sample_011831",3.76287315030375,91253.2186650069,19,FALSE,79522.3690834403
"Spermine","Sample_011836",4.79094967185007,114183.228406474,20,FALSE,100304.350253272
"Spermine","Sample_011841",3.97846992596919,93155.5362897904,21,FALSE,82495.546784165
"Spermine","Sample_011891",2.19013661371002,53218.9766040759,22,FALSE,47513.9619435765
"Spermine","Sample_011896",5.05944308521319,117104.555725939,23,FALSE,105412.080310691
"Spermine","Sample_011901",2.33672609961114,55041.1759575394,24,FALSE,49956.9158323026
"Spermine","QC_S_3",4.1181885948512,96958.0742286816,25,TRUE,88738.7204935187
"Spermine","Sample_011822",5.22318644866758,122658.688411344,27,FALSE,109591.720312053
"Spermine","Sample_011862",4.82326700189413,113096.133288629,28,FALSE,99860.8155490072
"Spermine","Sample_011867",4.30397510710944,102530.994401328,29,FALSE,89480.9082014661
"Spermine","Sample_011872",4.50722186562558,108911.474257707,30,FALSE,93958.3253234347
"Spermine","Sample_011832",4.11827933612172,102930.727261455,31,FALSE,87791.0627873624
"Spermine","Sample_011837",4.20503389084409,105849.264717021,32,FALSE,89267.3560769819
"Spermine","Sample_011842",4.2475326818327,108851.955084992,33,FALSE,90781.0705803693
"Spermine","Sample_011892",3.09167425869595,80810.4645907976,34,FALSE,66655.2530457759
"Spermine","Sample_011897",2.28508426351994,61349.1266680392,35,FALSE,50053.5838862645
"Spermine","Sample_011902",3.14192189678251,86281.7651084034,36,FALSE,69639.7184464812
"Spermine","QC_S_4",4.1181885948512,111125.544915378,37,TRUE,88738.7204935187
"Spermine","Sample_011823",4.20280048696294,109790.415865237,39,FALSE,92549.4363554134
"Spermine","Sample_011863",4.0578278329291,103001.564337799,40,FALSE,89310.6736458478
"Spermine","Sample_011868",4.17455035572937,102761.45717007,41,FALSE,91726.6626131157
"Spermine","Sample_011873",2.58498676480694,60796.095747186,42,FALSE,55914.4018370169
"Spermine","Sample_011833",3.72239586885185,85418.5983366978,43,FALSE,81018.3096989016
"Spermine","Sample_011838",3.08975352099578,68399.4409928178,44,FALSE,66971.7380781052
"Spermine","Sample_011843",3.93313277191634,83791.1480824926,45,FALSE,84781.0766794656
"Spermine","Sample_011893",5.38385811171199,111514.032538019,46,FALSE,116728.355266829
"Spermine","Sample_011898",4.22840455464461,83435.4110219829,47,FALSE,90461.056077228
"Spermine","Sample_011903",3.73884934468305,71817.8271920928,48,FALSE,80753.9948762312
"Spermine","QC_S_5",4.1181885948512,75991.0994806512,49,TRUE,88738.7204935187
"Spermine","Sample_011824",6.11168991191454,110816.569449461,51,FALSE,130087.250011149
"Spermine","Sample_011864",4.816271385231,86429.5259288295,52,FALSE,101727.053092969
"Spermine","Sample_011869",7.14338076080614,127217.386936385,53,FALSE,150130.22246247
"Spermine","Sample_011874",4.90279606281155,87966.9719763373,54,FALSE,104085.842913945
"Spermine","Sample_011834",4.82179447969996,85676.8416426067,55,FALSE,101645.671177243
"Spermine","Sample_011839",4.5115602078177,79025.7772956678,56,FALSE,94004.9463350773
"Spermine","Sample_011844",3.44826725022092,62331.623216049,57,FALSE,74344.6881969502
"Spermine","Sample_011894",8.5685861629141,148540.860258579,58,FALSE,177643.828671271
"Spermine","Sample_011899",4.50555470030046,77902.4112103415,59,FALSE,93415.9196104147
"Spermine","Sample_011904",6.92868974581199,118343.916966137,60,FALSE,142293.438543038
"Spermine","QC_S_6",4.1181885948512,73604.1211566033,61,TRUE,88738.7204935187
"Tauro_Bile_3OH","QC_S_1",1.5054882346067,23087.457908237,1,TRUE,49963.7323421494
"Tauro_Bile_3OH","Sample_011820",1.7584941224806,47336.6297086674,3,FALSE,70786.2872368391
"Tauro_Bile_3OH","Sample_011860",1.23545791421558,38956.7864739989,4,FALSE,50459.0989184654
"Tauro_Bile_3OH","Sample_011865",3.77367892465402,119100.96097875,5,FALSE,136058.217915477
"Tauro_Bile_3OH","Sample_011870",2.56188848654543,94203.6730460118,6,FALSE,96255.0151131724
"Tauro_Bile_3OH","Sample_011830",1.85314700353311,73767.1002273671,7,FALSE,68176.03209038
"Tauro_Bile_3OH","Sample_011835",2.69977095585148,111508.994291511,8,FALSE,94074.2098094466
"Tauro_Bile_3OH","Sample_011840",2.77531859385791,126782.949850571,9,FALSE,98384.2446235611
"Tauro_Bile_3OH","Sample_011890",2.44022591856881,117117.580009901,10,FALSE,84137.8987425207
"Tauro_Bile_3OH","Sample_011895",1.96975690042292,101051.157845824,11,FALSE,67579.5211821764
"Tauro_Bile_3OH","Sample_011900",1.99122506859277,107538.259226139,12,FALSE,67269.7085640304
"Tauro_Bile_3OH","QC_S_2",1.5054882346067,85034.9874265289,13,TRUE,49963.7323421494
"Tauro_Bile_3OH","Sample_011821",1.35888844184126,76094.1485705294,15,FALSE,45469.2710848779
"Tauro_Bile_3OH","Sample_011861",0.937925103321614,50745.6087023325,16,FALSE,30582.0510373222
"Tauro_Bile_3OH","Sample_011866",1.65854811122198,88069.8841555534,17,FALSE,53533.8894430474
"Tauro_Bile_3OH","Sample_011871",1.73087814029083,91269.8717994805,18,FALSE,55962.1527910484
"Tauro_Bile_3OH","Sample_011831",1.73420680854508,91258.9961153646,19,FALSE,56447.0428528751
"Tauro_Bile_3OH","Sample_011836",1.57438044840944,81354.3657932233,20,FALSE,50766.6404704881
"Tauro_Bile_3OH","Sample_011841",1.41746274124162,71900.6683157078,21,FALSE,45268.5573553012
"Tauro_Bile_3OH","Sample_011891",1.12019252524695,58918.0909262579,22,FALSE,37429.4363155208
"Tauro_Bile_3OH","Sample_011896",1.31916649139278,66032.3855286341,23,FALSE,42330.9345832308
"Tauro_Bile_3OH","Sample_011901",1.70833265157995,86947.6213339619,24,FALSE,56251.0751122672
"Tauro_Bile_3OH","QC_S_3",1.5054882346067,76519.6246584898,25,TRUE,49963.7323421494
"Tauro_Bile_3OH","Sample_011822",0.93674481475677,43501.7062412434,27,FALSE,30271.510329394
"Tauro_Bile_3OH","Sample_011862",1.72063101919621,76255.6841595231,28,FALSE,54867.1155312516
"Tauro_Bile_3OH","Sample_011867",2.12668063125012,91428.1068008338,29,FALSE,68097.8632046441
"Tauro_Bile_3OH","Sample_011872",1.79322915851294,74580.863740409,30,FALSE,57574.8346509132
"Tauro_Bile_3OH","Sample_011832",1.11079301225436,45520.1588495115,31,FALSE,36470.2064060145
"Tauro_Bile_3OH","Sample_011837",1.61405560476514,63376.2337882354,32,FALSE,52773.0555251464
"Tauro_Bile_3OH","Sample_011842",1.34793232676372,51190.3296560914,33,FALSE,44370.7976654939
"Tauro_Bile_3OH","Sample_011892",1.59133598221649,58467.155771715,34,FALSE,52841.2534168035
"Tauro_Bile_3OH","Sample_011897",1.01072988549056,36118.8381018089,35,FALSE,34098.7644568588
"Tauro_Bile_3OH","Sample_011902",1.55058106625425,53569.0469955071,36,FALSE,52933.0202480022
"Tauro_Bile_3OH","QC_S_4",1.5054882346067,48204.4861737448,37,TRUE,49963.7323421494
"Tauro_Bile_3OH","Sample_011823",1.78136060774283,55359.6168694019,39,FALSE,60416.7590952741
"Tauro_Bile_3OH","Sample_011863",2.59393751553651,78438.3488825468,40,FALSE,87930.5592158759
"Tauro_Bile_3OH","Sample_011868",1.50299164475908,44140.1306554327,41,FALSE,50864.295190348
"Tauro_Bile_3OH","Sample_011873",1.83266097556065,51502.8722866483,42,FALSE,61054.5546827583
"Tauro_Bile_3OH","Sample_011833",2.17828896661885,59826.5427180365,43,FALSE,73020.8171603408
"Tauro_Bile_3OH","Sample_011838",1.77144893307348,47018.3589517245,44,FALSE,59138.0428679886
"Tauro_Bile_3OH","Sample_011843",2.39193459503503,61211.0612671504,45,FALSE,79410.9144042742
"Tauro_Bile_3OH","Sample_011893",1.4908788673728,37167.611770455,46,FALSE,49784.6772149942
"Tauro_Bile_3OH","Sample_011898",2.00845103642382,47802.082190333,47,FALSE,66178.5041754376
"Tauro_Bile_3OH","Sample_011903",1.49059472457628,34614.4420063589,48,FALSE,49585.6723564242
"Tauro_Bile_3OH","QC_S_5",1.5054882346067,33666.8892384608,49,TRUE,49963.7323421494
"Tauro_Bile_3OH","Sample_011824",1.86415094157056,41097.6311483912,51,FALSE,61111.7995575493
"Tauro_Bile_3OH","Sample_011864",1.70570380675031,37278.8573366895,52,FALSE,55488.0813827163
"Tauro_Bile_3OH","Sample_011869",3.3808157131465,73449.7004183379,53,FALSE,109435.040496762
"Tauro_Bile_3OH","Sample_011874",2.3953071131355,52515.0228546434,54,FALSE,78321.2509640879
"Tauro_Bile_3OH","Sample_011834",1.83408676193773,39888.2038314913,55,FALSE,59548.475160439
"Tauro_Bile_3OH","Sample_011839",2.27132731675538,48777.2767382333,56,FALSE,72891.0571349342
"Tauro_Bile_3OH","Sample_011844",2.12688622880813,47214.5877329017,57,FALSE,70625.8784358654
"Tauro_Bile_3OH","Sample_011894",2.92093073572002,62289.3417121716,58,FALSE,93268.0273871317
"Tauro_Bile_3OH","Sample_011899",2.36606533822327,50410.2751084644,59,FALSE,75556.1702578542
"Tauro_Bile_3OH","Sample_011904",2.77231715227031,58447.2565080998,60,FALSE,87689.4301424545
"Tauro_Bile_3OH","QC_S_6",1.5054882346067,33268.9486474353,61,TRUE,49963.7323421494
"Tauro_Bile_2OH","QC_S_1",120.223526591658,268367.984633695,1,TRUE,335644.403084166
"Tauro_Bile_2OH","Sample_011820",339.389840653034,937934.75585483,3,FALSE,1149263.17196781
"Tauro_Bile_2OH","Sample_011860",120.595300204785,341578.806428049,4,FALSE,414337.610439552
"Tauro_Bile_2OH","Sample_011865",125.949397564086,318085.992418037,5,FALSE,382004.400279552
"Tauro_Bile_2OH","Sample_011870",367.373773470445,976464.810130383,6,FALSE,1161137.71822643
"Tauro_Bile_2OH","Sample_011830",273.06633839112,717678.459361229,7,FALSE,845089.012994181
"Tauro_Bile_2OH","Sample_011835",172.267598159044,433012.533783148,8,FALSE,504963.161096279
"Tauro_Bile_2OH","Sample_011840",251.646215770869,649724.370820331,9,FALSE,750439.271549116
"Tauro_Bile_2OH","Sample_011890",267.769417497787,678862.41228446,10,FALSE,776667.333303404
"Tauro_Bile_2OH","Sample_011895",263.911491945424,672069.36727741,11,FALSE,761681.172620922
"Tauro_Bile_2OH","Sample_011900",264.771781401909,670162.514090787,12,FALSE,752459.849694344
"Tauro_Bile_2OH","QC_S_2",120.223526591658,301713.401811504,13,TRUE,335644.403084166
"Tauro_Bile_2OH","Sample_011821",315.720573124216,869912.950959015,15,FALSE,888688.395117792
"Tauro_Bile_2OH","Sample_011861",99.9668062829418,279369.656622864,16,FALSE,274199.529754104
"Tauro_Bile_2OH","Sample_011866",226.21874823943,650386.034725368,17,FALSE,614245.180587536
"Tauro_Bile_2OH","Sample_011871",339.722338173633,1015292.4204337,18,FALSE,923984.026465447
"Tauro_Bile_2OH","Sample_011831",244.847971635368,763480.211017438,19,FALSE,670423.544481036
"Tauro_Bile_2OH","Sample_011836",215.865292341852,690237.742477026,20,FALSE,585550.014709529
"Tauro_Bile_2OH","Sample_011841",210.272315865527,688494.541283073,21,FALSE,564910.359860687
"Tauro_Bile_2OH","Sample_011891",95.6048942124377,338261.642607231,22,FALSE,268728.161359867
"Tauro_Bile_2OH","Sample_011896",185.089742487026,648892.607351998,23,FALSE,499635.210004608
"Tauro_Bile_2OH","Sample_011901",111.314754299812,412773.455420499,24,FALSE,308335.519219895
"Tauro_Bile_2OH","QC_S_3",120.223526591658,462752.171639938,25,TRUE,335644.403084166
"Tauro_Bile_2OH","Sample_011822",559.551609655653,1917105.85597758,27,FALSE,1521126.66812645
"Tauro_Bile_2OH","Sample_011862",221.029539286794,712159.685930768,28,FALSE,592907.765735801
"Tauro_Bile_2OH","Sample_011867",225.114757695979,692454.937325072,29,FALSE,606383.834157794
"Tauro_Bile_2OH","Sample_011872",206.084276023604,602675.360909011,30,FALSE,556614.099750768
"Tauro_Bile_2OH","Sample_011832",170.325784988184,481518.238136369,31,FALSE,470433.15315656
"Tauro_Bile_2OH","Sample_011837",230.433429540173,611219.793734355,32,FALSE,633799.176567847
"Tauro_Bile_2OH","Sample_011842",242.171064144321,607017.813444531,33,FALSE,670600.443893216
"Tauro_Bile_2OH","Sample_011892",219.822577254915,519474.85197924,34,FALSE,614039.009255306
"Tauro_Bile_2OH","Sample_011897",267.581571134542,597503.772124926,35,FALSE,759402.765303515
"Tauro_Bile_2OH","Sample_011902",326.543425248861,682321.8584947,36,FALSE,937746.778930972
"Tauro_Bile_2OH","QC_S_4",120.223526591658,224354.595937876,37,TRUE,335644.403084166
"Tauro_Bile_2OH","Sample_011823",173.94783213967,355913.866985534,39,FALSE,496291.732322118
"Tauro_Bile_2OH","Sample_011863",246.390456144122,520991.61044284,40,FALSE,702613.751518896
"Tauro_Bile_2OH","Sample_011868",365.463408498807,796827.273989892,41,FALSE,1040429.85120533
"Tauro_Bile_2OH","Sample_011873",161.608706783725,357900.474321397,42,FALSE,452911.272437794
"Tauro_Bile_2OH","Sample_011833",555.220726159611,1275391.02160508,43,FALSE,1565702.71950592
"Tauro_Bile_2OH","Sample_011838",404.686733401819,953454.895245175,44,FALSE,1136500.72515679
"Tauro_Bile_2OH","Sample_011843",1031.61728905301,2487267.49132584,45,FALSE,2881123.9841081
"Tauro_Bile_2OH","Sample_011893",218.025989253239,543649.268012895,46,FALSE,612454.798516679
"Tauro_Bile_2OH","Sample_011898",277.64601857224,701877.649791782,47,FALSE,769590.303599087
"Tauro_Bile_2OH","Sample_011903",229.511956506533,601399.905394114,48,FALSE,642265.184720634
"Tauro_Bile_2OH","QC_S_5",120.223526591658,322464.22581218,49,TRUE,335644.403084166
"Tauro_Bile_2OH","Sample_011824",927.83545473286,2600255.07654486,51,FALSE,2558747.32121383
"Tauro_Bile_2OH","Sample_011864",284.242012104777,812051.487975751,52,FALSE,777851.686420001
"Tauro_Bile_2OH","Sample_011869",218.813290491057,638556.263797882,53,FALSE,595828.181891916
"Tauro_Bile_2OH","Sample_011874",246.25795824631,744731.019304516,54,FALSE,677362.461216312
"Tauro_Bile_2OH","Sample_011834",415.969041853612,1280637.07759925,55,FALSE,1136120.03318878
"Tauro_Bile_2OH","Sample_011839",222.497125318412,693734.923311144,56,FALSE,600663.673863038
"Tauro_Bile_2OH","Sample_011844",126.754790160876,418762.946588932,57,FALSE,354075.945078201
"Tauro_Bile_2OH","Sample_011894",200.6094670634,652255.545720379,58,FALSE,538859.316877092
"Tauro_Bile_2OH","Sample_011899",365.61192681036,1216075.96278701,59,FALSE,982145.87494313
"Tauro_Bile_2OH","Sample_011904",196.577879743901,662156.019588706,60,FALSE,523059.894021537
"Tauro_Bile_2OH","QC_S_6",120.223526591658,434214.038669806,61,TRUE,335644.403084166
"Tauro_Bile_1OH","QC_S_1",254.679823067584,648417.645541793,1,TRUE,681780.450406631
"Tauro_Bile_1OH","Sample_011820",205.958079621898,629486.50881862,3,FALSE,668743.453917285
"Tauro_Bile_1OH","Sample_011860",101.924616169489,314434.958083249,4,FALSE,335786.411158468
"Tauro_Bile_1OH","Sample_011865",316.105580171617,856369.535127993,5,FALSE,919315.307362944
"Tauro_Bile_1OH","Sample_011870",216.293217077633,607424.538514216,6,FALSE,655508.823714045
"Tauro_Bile_1OH","Sample_011830",206.755179288497,565548.094598733,7,FALSE,613551.107445325
"Tauro_Bile_1OH","Sample_011835",391.762339562777,1009602.58960388,8,FALSE,1101130.62098525
"Tauro_Bile_1OH","Sample_011840",235.445387398848,613998.774364873,9,FALSE,673248.499265614
"Tauro_Bile_1OH","Sample_011890",369.321392827033,931748.576506107,10,FALSE,1027161.15763547
"Tauro_Bile_1OH","Sample_011895",241.104976902255,602000.36209719,11,FALSE,667238.584222148
"Tauro_Bile_1OH","Sample_011900",259.103248731615,633582.065551911,12,FALSE,706064.783268431
"Tauro_Bile_1OH","QC_S_2",254.679823067584,608460.974619434,13,TRUE,681780.450406631
"Tauro_Bile_1OH","Sample_011821",325.173383873689,859683.754830401,15,FALSE,877650.642368633
"Tauro_Bile_1OH","Sample_011861",71.6701846026359,192846.582547734,16,FALSE,188499.181709524
"Tauro_Bile_1OH","Sample_011866",211.61114578004,587641.611283384,17,FALSE,550949.457189674
"Tauro_Bile_1OH","Sample_011871",278.262901139349,805620.813979671,18,FALSE,725697.664919106
"Tauro_Bile_1OH","Sample_011831",252.369370238708,764416.696795218,19,FALSE,662596.975656526
"Tauro_Bile_1OH","Sample_011836",187.986653188164,585377.262605712,20,FALSE,488954.277623932
"Tauro_Bile_1OH","Sample_011841",180.019083741413,575381.47060374,21,FALSE,463741.589660658
"Tauro_Bile_1OH","Sample_011891",203.647602079327,704903.150178984,22,FALSE,548873.690779711
"Tauro_Bile_1OH","Sample_011896",325.004140744673,1117003.54101588,23,FALSE,841239.462452063
"Tauro_Bile_1OH","Sample_011901",230.109336767484,838128.868017437,24,FALSE,611174.356023929
"Tauro_Bile_1OH","QC_S_3",254.679823067584,964635.127496044,25,TRUE,681780.450406631
"Tauro_Bile_1OH","Sample_011822",266.043063307676,874640.426332493,27,FALSE,693485.250827068
"Tauro_Bile_1OH","Sample_011862",208.149181054774,634116.870153675,28,FALSE,535391.639144317
"Tauro_Bile_1OH","Sample_011867",237.145947303843,678408.685543439,29,FALSE,612518.786343299
"Tauro_Bile_1OH","Sample_011872",214.340615026422,572170.560277315,30,FALSE,555103.386832876
"Tauro_Bile_1OH","Sample_011832",454.521934083886,1148270.74654204,31,FALSE,1203739.26034536
"Tauro_Bile_1OH","Sample_011837",243.402886006405,563038.33918115,32,FALSE,641936.349984317
"Tauro_Bile_1OH","Sample_011842",251.481330336941,534370.692920333,33,FALSE,667740.001242845
"Tauro_Bile_1OH","Sample_011892",247.740405342744,480047.249326437,34,FALSE,663560.565926705
"Tauro_Bile_1OH","Sample_011897",650.027742326407,1143810.18752373,35,FALSE,1768918.91180996
"Tauro_Bile_1OH","Sample_011902",353.520789584827,554669.04081518,36,FALSE,973463.458459209
"Tauro_Bile_1OH","QC_S_4",254.679823067584,336092.650613608,37,TRUE,681780.450406631
"Tauro_Bile_1OH","Sample_011823",506.400150609007,767831.419756182,39,FALSE,1385389.53909064
"Tauro_Bile_1OH","Sample_011863",333.668545923102,533615.155287829,40,FALSE,912363.895443681
"Tauro_Bile_1OH","Sample_011868",414.467763337728,696390.193433065,41,FALSE,1131409.23504136
"Tauro_Bile_1OH","Sample_011873",437.723698138144,760041.009537034,42,FALSE,1176273.98676339
"Tauro_Bile_1OH","Sample_011833",510.165018009024,933600.544601626,43,FALSE,1379476.70162758
"Tauro_Bile_1OH","Sample_011838",308.643477495202,587952.164331257,44,FALSE,831127.99579162
"Tauro_Bile_1OH","Sample_011843",367.360616996771,726076.112441347,45,FALSE,983775.47067599
"Tauro_Bile_1OH","Sample_011893",529.102171199445,1095505.77490732,46,FALSE,1425165.75328082
"Tauro_Bile_1OH","Sample_011898",310.411229068773,659458.785898222,47,FALSE,825022.169068264
"Tauro_Bile_1OH","Sample_011903",460.291286139241,1025081.08845856,48,FALSE,1235099.30404503
"Tauro_Bile_1OH","QC_S_5",254.679823067584,586736.417898219,49,TRUE,681780.450406631
"Tauro_Bile_1OH","Sample_011824",299.845860687217,752060.785674919,51,FALSE,792892.943999281
"Tauro_Bile_1OH","Sample_011864",237.059944076745,617359.5145594,52,FALSE,622052.105663252
"Tauro_Bile_1OH","Sample_011869",239.682370477812,648597.378119014,53,FALSE,625811.433222267
"Tauro_Bile_1OH","Sample_011874",269.137623101783,766894.2983249,54,FALSE,709847.93145739
"Tauro_Bile_1OH","Sample_011834",307.150184869654,904405.674471032,55,FALSE,804403.676991721
"Tauro_Bile_1OH","Sample_011839",195.286034292981,590584.751139229,56,FALSE,505519.843753613
"Tauro_Bile_1OH","Sample_011844",286.499773396746,930250.725438425,57,FALSE,767390.43774824
"Tauro_Bile_1OH","Sample_011894",203.610383608672,658773.094858854,58,FALSE,524425.68270645
"Tauro_Bile_1OH","Sample_011899",188.504204980325,631284.132987738,59,FALSE,485553.113045633
"Tauro_Bile_1OH","Sample_011904",173.41746463929,594699.226139995,60,FALSE,442455.568826855
"Tauro_Bile_1OH","QC_S_6",254.679823067584,946339.886270688,61,TRUE,681780.450406631
"Threonine","QC_S_1",8024.65164289522,2576307.72250142,1,TRUE,3781833.41534532
"Threonine","Sample_011820",12785.4854804669,5603441.12156559,3,FALSE,7308430.73740995
"Threonine","Sample_011860",11021.018126726,5173931.51253074,4,FALSE,6391929.12564521
"Threonine","Sample_011865",10867.0987078998,4741399.03694579,5,FALSE,5563808.10616731
"Threonine","Sample_011870",13297.1095925222,6349001.00321417,6,FALSE,7094455.87538719
"Threonine","Sample_011830",12275.8018497203,6013357.81034502,7,FALSE,6413135.53458202
"Threonine","Sample_011835",10766.0245856031,5222777.06231874,8,FALSE,5327184.33237981
"Threonine","Sample_011840",10479.6137440228,5397485.66453787,9,FALSE,5275415.67131416
"Threonine","Sample_011890",10868.9012716741,5672224.03318463,10,FALSE,5321645.84744479
"Threonine","Sample_011895",9975.44179224589,5387837.83228987,11,FALSE,4859966.97116055
"Threonine","Sample_011900",9873.52361747215,5453547.86818513,12,FALSE,4736636.56738581
"Threonine","QC_S_2",8024.65164289522,4515860.33880333,13,TRUE,3781833.41534532
"Threonine","Sample_011821",9460.81699220511,5383418.69478417,15,FALSE,4495329.47862065
"Threonine","Sample_011861",8634.06813015782,4794431.80776164,16,FALSE,3997722.26907226
"Threonine","Sample_011866",9424.31328893523,5188008.20226693,17,FALSE,4319655.74957209
"Threonine","Sample_011871",12681.8281830512,7003031.60560753,18,FALSE,5822486.41401563
"Threonine","Sample_011831",9629.36660628814,5360922.3396681,19,FALSE,4450786.15677052
"Threonine","Sample_011836",9098.20508895274,5025163.90484151,20,FALSE,4166037.34019117
"Threonine","Sample_011841",9232.88513151082,5057915.82341544,21,FALSE,4187175.20824492
"Threonine","Sample_011891",7586.84160037754,4354650.37467863,22,FALSE,3599816.243765
"Threonine","Sample_011896",7874.61205306951,4346910.29087566,23,FALSE,3588278.24626516
"Threonine","Sample_011901",8114.24314929951,4602781.77459958,24,FALSE,3794067.93046746
"Threonine","QC_S_3",8024.65164289522,4594492.09203055,25,TRUE,3781833.41534532
"Threonine","Sample_011822",9547.64770694116,5087957.17176437,27,FALSE,4381349.28474657
"Threonine","Sample_011862",10969.9656068098,5635366.29264552,28,FALSE,4967391.00119904
"Threonine","Sample_011867",8920.44346619855,4492891.00468111,29,FALSE,4056171.9116443
"Threonine","Sample_011872",9612.4711791014,4736979.69010933,30,FALSE,4382588.12044762
"Threonine","Sample_011832",9748.91335263028,4790987.36491223,31,FALSE,4545273.19559525
"Threonine","Sample_011837",10229.1988222412,4878792.37403854,32,FALSE,4749348.8118887
"Threonine","Sample_011842",9269.88652211365,4335088.60951581,33,FALSE,4333135.44293287
"Threonine","Sample_011892",9788.53068251828,4493955.17284021,34,FALSE,4615592.22891102
"Threonine","Sample_011897",10786.6133420704,4892884.51192421,35,FALSE,5167581.63508049
"Threonine","Sample_011902",8950.76763188828,3992058.80139033,36,FALSE,4339015.28355523
"Threonine","QC_S_4",8024.65164289522,3378061.07669025,37,TRUE,3781833.41534532
"Threonine","Sample_011823",9277.02553716446,4138616.16505829,39,FALSE,4467998.63635512
"Threonine","Sample_011863",9934.55152452009,4508666.00671973,40,FALSE,4782195.10465821
"Threonine","Sample_011868",9445.34151519857,4354505.57301247,41,FALSE,4539132.17512263
"Threonine","Sample_011873",8053.68660720878,3718020.47641691,42,FALSE,3810038.47090273
"Threonine","Sample_011833",8679.4038173092,4100096.48493669,43,FALSE,4131614.48141976
"Threonine","Sample_011838",8713.26962017457,4167387.69816042,44,FALSE,4130647.76468854
"Threonine","Sample_011843",6984.08842881857,3376292.19385594,45,FALSE,3292602.66546325
"Threonine","Sample_011893",8832.27764091626,4363828.04107957,46,FALSE,4188174.31020989
"Threonine","Sample_011898",7680.27933188435,3803708.67410626,47,FALSE,3593613.88630628
"Threonine","Sample_011903",8640.126863415,4387512.73836466,48,FALSE,4081459.06404204
"Threonine","QC_S_5",8024.65164289522,4127906.36659607,49,TRUE,3781833.41534532
"Threonine","Sample_011824",7483.96715289048,3706128.67256481,51,FALSE,3483971.30898435
"Threonine","Sample_011864",9233.3202181563,4478143.5127007,52,FALSE,4265330.48168231
"Threonine","Sample_011869",6821.17464191469,3248341.40787633,53,FALSE,3135398.69171916
"Threonine","Sample_011874",7517.72479613612,3567944.87771312,54,FALSE,3490627.72455594
"Threonine","Sample_011834",8331.715755655,3873149.20040513,55,FALSE,3841350.30082277
"Threonine","Sample_011839",7765.53714936611,3519075.13027781,56,FALSE,3538870.94814693
"Threonine","Sample_011844",7088.54338950949,3277465.24768932,57,FALSE,3342529.9279111
"Threonine","Sample_011894",7313.70458496204,3205697.09977609,58,FALSE,3316252.92783467
"Threonine","Sample_011899",8683.75788948925,3751863.67652878,59,FALSE,3937763.31604958
"Threonine","Sample_011904",8107.22071890188,3419030.7666963,60,FALSE,3641455.70755289
"Threonine","QC_S_6",8024.65164289522,3498372.89545031,61,TRUE,3781833.41534532
"Tryptophan","QC_S_1",14135.4686191237,413059.709815004,1,TRUE,3146528.26119262
"Tryptophan","Sample_011820",129497.514184461,9346243.91219594,3,FALSE,34963392.3289368
"Tryptophan","Sample_011860",100605.495507362,9241797.86357379,4,FALSE,27559869.5829108
"Tryptophan","Sample_011865",39244.4673962269,3827984.70104531,5,FALSE,9490349.14224935
"Tryptophan","Sample_011870",82070.1260064556,9748984.14287381,6,FALSE,20681982.3675566
"Tryptophan","Sample_011830",80974.2143446986,10777552.6922628,7,FALSE,19980783.3682238
"Tryptophan","Sample_011835",30828.3056488971,4376465.69781193,8,FALSE,7205053.88358424
"Tryptophan","Sample_011840",69995.5378665446,11241166.3168404,9,FALSE,16642822.6030799
"Tryptophan","Sample_011890",44037.2448721765,7571487.96067922,10,FALSE,10184171.0499098
"Tryptophan","Sample_011895",55109.8962662638,10290868.5696037,11,FALSE,12681656.6897551
"Tryptophan","Sample_011900",55010.6034599274,10962858.7450577,12,FALSE,12464920.7826045
"Tryptophan","QC_S_2",14135.4686191237,2981389.1971912,13,TRUE,3146528.26119262
"Tryptophan","Sample_011821",31298.5408497245,7404514.320588,15,FALSE,7024286.18097602
"Tryptophan","Sample_011861",33162.3890534953,8031696.61651303,16,FALSE,7252507.35150061
"Tryptophan","Sample_011866",43303.8309343801,10881966.6049824,17,FALSE,9374993.18840474
"Tryptophan","Sample_011871",35706.7321771249,9400668.9219703,18,FALSE,7743226.16766288
"Tryptophan","Sample_011831",29943.1098084468,8284765.73406771,19,FALSE,6537039.80973209
"Tryptophan","Sample_011836",36655.3739776968,10469903.7198339,20,FALSE,7927756.64252024
"Tryptophan","Sample_011841",38342.1026199632,11284501.0589011,21,FALSE,8213057.17612153
"Tryptophan","Sample_011891",10883.3274418845,3481245.64410721,22,FALSE,2439081.04308871
"Tryptophan","Sample_011896",22519.9060469774,7176321.28906266,23,FALSE,4846952.22288034
"Tryptophan","Sample_011901",14749.2952897656,4996525.13311105,24,FALSE,3257418.62317741
"Tryptophan","QC_S_3",14135.4686191237,4994162.51378198,25,TRUE,3146528.26119262
"Tryptophan","Sample_011822",28433.7954762104,8827109.30519951,27,FALSE,6162991.17412408
"Tryptophan","Sample_011862",34652.0646199853,10041020.2252218,28,FALSE,7411351.57274192
"Tryptophan","Sample_011867",39239.1644355056,10764820.4303976,29,FALSE,8427424.65710569
"Tryptophan","Sample_011872",44733.0761551523,11558806.2635436,30,FALSE,9633178.11490138
"Tryptophan","Sample_011832",26338.865713541,6510393.68820621,31,FALSE,5800241.40224337
"Tryptophan","Sample_011837",47935.9329745637,10985113.285265,32,FALSE,10512326.7443384
"Tryptophan","Sample_011842",53548.3815577126,11438700.4165987,33,FALSE,11822774.7474145
"Tryptophan","Sample_011892",52527.3390825848,10412540.2121791,34,FALSE,11698779.2874384
"Tryptophan","Sample_011897",40658.4428880046,7476035.03977869,35,FALSE,9200219.66507148
"Tryptophan","Sample_011902",68715.5677177304,11566366.8133526,36,FALSE,15733714.1502889
"Tryptophan","QC_S_4",14135.4686191237,2069384.09084997,37,TRUE,3146528.26119262
"Tryptophan","Sample_011823",26660.3879040647,4386385.50901461,39,FALSE,6064792.73489417
"Tryptophan","Sample_011863",62450.3474954245,10735114.5771866,40,FALSE,14199043.9302405
"Tryptophan","Sample_011868",58123.3475887436,10407288.8946424,41,FALSE,13193226.023179
"Tryptophan","Sample_011873",19605.2116277294,3599365.34223925,42,FALSE,4380779.44940389
"Tryptophan","Sample_011833",47048.8888136136,9038464.81749333,43,FALSE,10578509.6502165
"Tryptophan","Sample_011838",55849.6930345953,11095035.9856039,44,FALSE,12505556.416794
"Tryptophan","Sample_011843",52346.6341207663,10723859.7249519,45,FALSE,11656376.7852326
"Tryptophan","Sample_011893",31666.1377704449,6757556.48028774,46,FALSE,7092385.8139963
"Tryptophan","Sample_011898",48130.9391509734,10483743.0828427,47,FALSE,10637117.4023976
"Tryptophan","Sample_011903",31384.0178403481,7131084.57767545,48,FALSE,7002435.01725314
"Tryptophan","QC_S_5",14135.4686191237,3307514.15406599,49,TRUE,3146528.26119262
"Tryptophan","Sample_011824",41938.9345991982,10575599.8531669,51,FALSE,9221579.40714865
"Tryptophan","Sample_011864",38202.0977438124,9958037.41549833,52,FALSE,8335414.85970633
"Tryptophan","Sample_011869",38727.1903327837,10446994.4319935,53,FALSE,8408040.85778232
"Tryptophan","Sample_011874",30980.7756932883,8767121.47703108,54,FALSE,6794454.85552828
"Tryptophan","Sample_011834",31350.2230445877,9135794.75036119,55,FALSE,6827085.19761142
"Tryptophan","Sample_011839",36379.1048147934,10853124.314931,56,FALSE,7830517.2667617
"Tryptophan","Sample_011844",17829.5695918218,5693829.02705616,57,FALSE,3971041.0940371
"Tryptophan","Sample_011894",31512.9859264461,9999934.166049,58,FALSE,6749086.69888765
"Tryptophan","Sample_011899",31070.3133268538,10178507.4348409,59,FALSE,6654765.47454998
"Tryptophan","Sample_011904",32374.8274227228,10833811.7356825,60,FALSE,6868402.16729
"Tryptophan","QC_S_6",14135.4686191237,5113659.90145157,61,TRUE,3146528.26119262
"Tyrosine","QC_S_1",6.35912995635374,122154.213325515,1,TRUE,120137.182857114
"Tyrosine","Sample_011820",3.74071757677248,85818.0228638358,3,FALSE,85716.685499638
"Tyrosine","Sample_011860",1.63928863361817,37860.2976227942,4,FALSE,38112.6545682521
"Tyrosine","Sample_011865",4.24636093598117,85895.1588600956,5,FALSE,87152.3242933439
"Tyrosine","Sample_011870",4.34372190536591,90837.4152265624,6,FALSE,92902.4984380977
"Tyrosine","Sample_011830",3.84853797515136,78176.6818736911,7,FALSE,80597.1828420498
"Tyrosine","Sample_011835",4.97342756571902,94918.5181141459,8,FALSE,98651.0453143057
"Tyrosine","Sample_011840",5.85880771040957,112833.164010411,9,FALSE,118229.047492261
"Tyrosine","Sample_011890",7.21331038643839,134012.509116445,10,FALSE,141578.883251889
"Tyrosine","Sample_011895",6.03536220647142,110652.103166142,11,FALSE,117871.294974812
"Tyrosine","Sample_011900",6.20561630650033,111099.657350609,12,FALSE,119340.087159445
"Tyrosine","QC_S_2",6.35912995635374,110904.213637816,13,TRUE,120137.182857114
"Tyrosine","Sample_011821",5.87277085907112,104540.512453748,15,FALSE,111861.201445923
"Tyrosine","Sample_011861",0.546436358421635,9536.48471675258,16,FALSE,10142.3892351612
"Tyrosine","Sample_011866",7.84919541727705,136427.857016,17,FALSE,144220.866764457
"Tyrosine","Sample_011871",6.37699765346289,111694.679826088,18,FALSE,117367.110590719
"Tyrosine","Sample_011831",5.85031233924224,103777.495417493,19,FALSE,108398.081840481
"Tyrosine","Sample_011836",7.19281103640087,127154.374400162,20,FALSE,132029.088139746
"Tyrosine","Sample_011841",6.52035369657139,114837.817703063,21,FALSE,118538.2177069
"Tyrosine","Sample_011891",6.47006902048875,119924.551049749,22,FALSE,123064.209397509
"Tyrosine","Sample_011896",6.18791910017494,110794.029864812,23,FALSE,113032.962198703
"Tyrosine","Sample_011901",4.83542989604023,89356.7094637397,24,FALSE,90634.9528373502
"Tyrosine","QC_S_3",6.35912995635374,119128.195270893,25,TRUE,120137.182857114
"Tyrosine","Sample_011822",5.54210562116878,107251.719799288,27,FALSE,101950.609438727
"Tyrosine","Sample_011862",5.24637406195158,103060.258281084,28,FALSE,95232.6499854444
"Tyrosine","Sample_011867",4.74295557752918,96170.1926168665,29,FALSE,86453.4844900459
"Tyrosine","Sample_011872",4.93682023940331,103094.833177382,30,FALSE,90229.0650669449
"Tyrosine","Sample_011832",5.24347356200911,114933.290642525,31,FALSE,98000.0733828036
"Tyrosine","Sample_011837",4.26256135831609,95439.2537566367,32,FALSE,79335.3291151002
"Tyrosine","Sample_011842",4.28546773858826,99027.8250479684,33,FALSE,80302.6012118567
"Tyrosine","Sample_011892",4.62339946228474,110410.20829826,34,FALSE,87392.6446617203
"Tyrosine","Sample_011897",3.66545098372591,91059.668012955,35,FALSE,70393.6019557812
"Tyrosine","Sample_011902",3.79836870638216,97711.6210850592,36,FALSE,73812.7784670457
"Tyrosine","QC_S_4",6.35912995635374,162662.649932977,37,TRUE,120137.182857114
"Tyrosine","Sample_011823",3.09781114241863,73270.004656252,39,FALSE,59808.4784956563
"Tyrosine","Sample_011863",3.98426087594827,89232.618904856,40,FALSE,76883.0011447306
"Tyrosine","Sample_011868",5.38773946606681,113775.104929034,41,FALSE,103792.336174305
"Tyrosine","Sample_011873",5.62258781515189,110012.28763345,42,FALSE,106628.774785893
"Tyrosine","Sample_011833",5.51424288520927,101782.466145598,43,FALSE,105225.094542196
"Tyrosine","Sample_011838",5.75730654763051,98779.7995904103,44,FALSE,109410.726247443
"Tyrosine","Sample_011843",8.26497191369249,130953.958318452,45,FALSE,156197.656936738
"Tyrosine","Sample_011893",5.80175987163942,85353.4963790194,46,FALSE,110284.71438794
"Tyrosine","Sample_011898",10.3784049015029,138112.923976946,47,FALSE,194665.30039461
"Tyrosine","Sample_011903",8.84720956822695,108066.796374658,48,FALSE,167534.856260302
"Tyrosine","QC_S_5",6.35912995635374,69750.7073594377,49,TRUE,120137.182857114
"Tyrosine","Sample_011824",7.964833402065,100003.469913323,51,FALSE,148635.630709175
"Tyrosine","Sample_011864",6.81286806103521,90700.1062729726,52,FALSE,126161.924219124
"Tyrosine","Sample_011869",8.28361812948434,116770.710051773,53,FALSE,152636.082401307
"Tyrosine","Sample_011874",10.0521979774063,151766.227638237,54,FALSE,187103.400579296
"Tyrosine","Sample_011834",9.57970929151179,151778.385762642,55,FALSE,177053.833770331
"Tyrosine","Sample_011839",7.08957845475871,116996.978677284,56,FALSE,129514.136298608
"Tyrosine","Sample_011844",5.01632673248403,90029.5505007665,57,FALSE,94821.6821209161
"Tyrosine","Sample_011894",5.5152334955849,99804.3841021867,58,FALSE,100248.451435117
"Tyrosine","Sample_011899",6.49869381116473,123056.747162757,59,FALSE,118133.076624813
"Tyrosine","Sample_011904",4.29787737544596,84179.1889143452,60,FALSE,77385.6780513329
"Tyrosine","QC_S_6",6.35912995635374,136223.117616044,61,TRUE,120137.182857114
"UDP-Glucose","QC_S_1",0.0901023560711683,5767.20666694684,1,TRUE,14552.2817900229
"UDP-Glucose","Sample_011820",0.0667157146945334,9111.2340087992,3,FALSE,13069.3442279599
"UDP-Glucose","Sample_011860",0.00651399249631653,1097.35832036817,4,FALSE,1294.72111276221
"UDP-Glucose","Sample_011865",0.32539750088316,56978.8878946612,5,FALSE,57094.133491617
"UDP-Glucose","Sample_011870",0.192109827742969,40338.817172766,6,FALSE,35126.1189987086
"UDP-Glucose","Sample_011830",0.0849473007568423,19753.1793051244,7,FALSE,15208.5872682324
"UDP-Glucose","Sample_011835",0.181139576902099,44515.7213536473,8,FALSE,30716.6923718869
"UDP-Glucose","Sample_011840",0.135037688152787,37265.8534399084,9,FALSE,23296.2031855483
"UDP-Glucose","Sample_011890",0.10175749750984,29881.4236647549,10,FALSE,17074.4013292988
"UDP-Glucose","Sample_011895",0.126224248073376,40052.3679121763,11,FALSE,21074.7636666331
"UDP-Glucose","Sample_011900",0.0794542662443248,26790.4458505779,12,FALSE,13062.7272050573
"UDP-Glucose","QC_S_2",0.0901023560711683,32034.3098614753,13,TRUE,14552.2817900229
"UDP-Glucose","Sample_011821",0.0898833304451565,29394.3924038917,15,FALSE,14636.2825354114
"UDP-Glucose","Sample_011861",0.0120686614449504,3661.19287206427,16,FALSE,1915.02741015217
"UDP-Glucose","Sample_011866",0.0400408945921508,11417.6189972374,17,FALSE,6289.58421620807
"UDP-Glucose","Sample_011871",0.0931175190008709,25182.9936250927,18,FALSE,14651.3201062456
"UDP-Glucose","Sample_011831",0.0706846406367723,18164.3257788747,19,FALSE,11196.5133831844
"UDP-Glucose","Sample_011836",0.061897735656935,14820.5365044928,20,FALSE,9713.16887989716
"UDP-Glucose","Sample_011841",0.0239161926823491,5312.7983093664,21,FALSE,3717.01648390786
"UDP-Glucose","Sample_011891",0.0851852931439681,18461.7640288335,22,FALSE,13851.6873255047
"UDP-Glucose","Sample_011896",0.092617989269406,17881.3594393728,23,FALSE,14463.4212454294
"UDP-Glucose","Sample_011901",0.15054361544384,27496.1927264841,24,FALSE,24123.3805866707
"UDP-Glucose","QC_S_3",0.0901023560711683,15182.6010131105,25,TRUE,14552.2817900229
"UDP-Glucose","Sample_011822",0.0515429058167164,8019.58914569245,27,FALSE,8105.86062235956
"UDP-Glucose","Sample_011862",0.136008139820666,20311.9931736675,28,FALSE,21106.0383534905
"UDP-Glucose","Sample_011867",0.0473325028123273,6899.3049174327,29,FALSE,7375.78280250752
"UDP-Glucose","Sample_011872",0.0615683085357075,8738.94032281164,30,FALSE,9619.92244561447
"UDP-Glucose","Sample_011832",0.0664177458666012,9354.07026505983,31,FALSE,10612.2300359545
"UDP-Glucose","Sample_011837",0.041711023538475,5670.94893485124,32,FALSE,6636.8505184263
"UDP-Glucose","Sample_011842",0.0274420728388631,3637.67391119771,33,FALSE,4396.05888484384
"UDP-Glucose","Sample_011892",0.0754061322745839,9754.39364055557,34,FALSE,12185.2749888015
"UDP-Glucose","Sample_011897",0.0535623328714352,6802.3116080068,35,FALSE,8793.87850083142
"UDP-Glucose","Sample_011902",0.0193486955898344,2399.71629869167,36,FALSE,3214.41044847149
"UDP-Glucose","QC_S_4",0.0901023560711683,10471.3974244727,37,TRUE,14552.2817900229
"UDP-Glucose","Sample_011823",0.151468014836066,18466.1705841486,39,FALSE,25000.2271840163
"UDP-Glucose","Sample_011863",0.108883412142199,13438.8633347178,40,FALSE,17962.1983603514
"UDP-Glucose","Sample_011868",0.0212525311708217,2652.08378700155,41,FALSE,3500.13316405493
"UDP-Glucose","Sample_011873",0.0801914365857588,9975.04568784831,42,FALSE,13001.1380738136
"UDP-Glucose","Sample_011833",0.117570617608216,14898.5751442725,43,FALSE,19179.9485431501
"UDP-Glucose","Sample_011838",0.0266616709157912,3405.95378173894,44,FALSE,4331.54784013304
"UDP-Glucose","Sample_011843",0.0273584193397797,3517.78628198007,45,FALSE,4420.17373650035
"UDP-Glucose","Sample_011893",0.037385728101549,4893.04115774874,46,FALSE,6075.42439965591
"UDP-Glucose","Sample_011898",0.0208439667420117,2723.748617464,47,FALSE,3342.36219659275
"UDP-Glucose","Sample_011903",0.0734632071377144,9805.03780097576,48,FALSE,11892.7955177238
"UDP-Glucose","QC_S_5",0.0901023560711683,12136.4071044623,49,TRUE,14552.2817900229
"UDP-Glucose","Sample_011824",0.0540901203810493,7155.80382720345,51,FALSE,8629.37589175362
"UDP-Glucose","Sample_011864",0.00829629149049243,1086.0035398047,52,FALSE,1313.40157696849
"UDP-Glucose","Sample_011869",0.091318364747051,11860.2888560303,53,FALSE,14385.0200564481
"UDP-Glucose","Sample_011874",0.0804676055900457,10526.6264282792,54,FALSE,12804.3321369033
"UDP-Glucose","Sample_011834",0.0308966667078253,4001.80553358992,55,FALSE,4881.79836924617
"UDP-Glucose","Sample_011839",0.0416640646678842,5318.50979822244,56,FALSE,6506.89205940577
"UDP-Glucose","Sample_011844",0.0715577609776681,9424.24792424467,57,FALSE,11563.619358872
"UDP-Glucose","Sample_011894",0.112982748971672,14266.810539142,58,FALSE,17556.6281679834
"UDP-Glucose","Sample_011899",0.0420841134779391,5298.99816944632,59,FALSE,6540.01624756708
"UDP-Glucose","Sample_011904",0.0250981840021593,3121.07674659258,60,FALSE,3863.35018698985
"UDP-Glucose","QC_S_6",0.0901023560711683,11721.7686696699,61,TRUE,14552.2817900229
"UMP","QC_S_1",3.94412965477001,39419.4344507985,1,TRUE,90226.5988258747
"UMP","Sample_011820",3.84579123906157,66087.7421080688,3,FALSE,106708.696533052
"UMP","Sample_011860",3.55660448944067,71145.1303410183,4,FALSE,100127.414884122
"UMP","Sample_011865",4.05014742736438,80701.7168942478,5,FALSE,100655.27974276
"UMP","Sample_011870",3.86716871514872,89434.3339132918,6,FALSE,100152.58439313
"UMP","Sample_011830",4.00668858093546,99999.0564362041,7,FALSE,101604.591496922
"UMP","Sample_011835",6.00923520352461,155219.076915844,8,FALSE,144334.036427749
"UMP","Sample_011840",4.18253114931836,119231.788669787,9,FALSE,102201.622499591
"UMP","Sample_011890",6.02371218449972,180078.035042055,10,FALSE,143163.311442995
"UMP","Sample_011895",3.92429140178593,125199.73810898,11,FALSE,92804.6259968373
"UMP","Sample_011900",3.73660894776507,125323.137972014,12,FALSE,87012.7191634357
"UMP","QC_S_2",3.94412965477001,138182.27852511,13,TRUE,90226.5988258747
"UMP","Sample_011821",2.73577882048737,91168.1045044637,15,FALSE,63098.7951606767
"UMP","Sample_011861",2.62257928034981,82609.8828649925,16,FALSE,58943.0997208387
"UMP","Sample_011866",3.69412920081196,111629.671071613,17,FALSE,82189.9470253324
"UMP","Sample_011871",4.58632268819838,134393.751951002,18,FALSE,102211.185122554
"UMP","Sample_011831",3.89437479119783,111099.595126291,19,FALSE,87374.3483330361
"UMP","Sample_011836",3.15179465222815,86040.7891050632,20,FALSE,70053.9369679644
"UMP","Sample_011841",3.1626097271378,82491.8111124183,21,FALSE,69620.3978727064
"UMP","Sample_011891",5.94069715705412,156192.311281677,22,FALSE,136824.517769693
"UMP","Sample_011896",4.61354492139608,112070.1398329,23,FALSE,102046.683715196
"UMP","Sample_011901",4.85676439875939,116284.309543959,24,FALSE,110232.921678629
"UMP","QC_S_3",3.94412965477001,91270.3878563077,25,TRUE,90226.5988258747
"UMP","Sample_011822",2.40699675052154,58537.8438132189,27,FALSE,53615.9730356795
"UMP","Sample_011862",3.71198798643163,92352.8124642507,28,FALSE,81589.9823774338
"UMP","Sample_011867",4.20152647803169,108688.210689113,29,FALSE,92735.1139616893
"UMP","Sample_011872",3.99972241870792,107296.79724791,30,FALSE,88518.2166778328
"UMP","Sample_011832",3.58605869605504,101630.119192603,31,FALSE,81157.4461371138
"UMP","Sample_011837",2.40333296000318,70000.5921222084,32,FALSE,54164.3563673212
"UMP","Sample_011842",2.88847564710275,87330.7748733861,33,FALSE,65539.5950820349
"UMP","Sample_011892",4.21036548170601,132276.324806986,34,FALSE,96368.9041761725
"UMP","Sample_011897",3.21383769793341,105581.811522386,35,FALSE,74736.6062098898
"UMP","Sample_011902",2.0917065577252,71508.0290852698,36,FALSE,49219.6875267289
"UMP","QC_S_4",3.94412965477001,134703.70150882,37,TRUE,90226.5988258747
"UMP","Sample_011823",2.90011483116801,93001.3224789871,39,FALSE,67799.5281150886
"UMP","Sample_011863",2.67517874698759,81954.3379850535,40,FALSE,62508.4926938537
"UMP","Sample_011868",2.40435178294162,70134.9279733775,41,FALSE,56086.7623719396
"UMP","Sample_011873",2.90270162851095,79311.7391364482,42,FALSE,66656.7643957212
"UMP","Sample_011833",2.95112301150802,77003.0982655803,43,FALSE,68190.5833655111
"UMP","Sample_011838",3.05381400247524,75094.4440895549,44,FALSE,70272.7240757462
"UMP","Sample_011843",6.05689545237162,139715.735949954,45,FALSE,138607.544667509
"UMP","Sample_011893",3.17048853651492,69136.5619672171,46,FALSE,72976.9015785567
"UMP","Sample_011898",3.5665266700565,71830.9431489008,47,FALSE,81004.1128852722
"UMP","Sample_011903",6.04333566622119,114480.518850117,48,FALSE,138573.198020674
"UMP","QC_S_5",3.94412965477001,69070.1133687308,49,TRUE,90226.5988258747
"UMP","Sample_011824",3.45854772656551,59775.8223770331,51,FALSE,78152.6425730923
"UMP","Sample_011864",3.79409942708151,65043.7572563606,52,FALSE,85076.7113124104
"UMP","Sample_011869",5.52276722205947,94168.4495924856,53,FALSE,123224.634776094
"UMP","Sample_011874",5.10479715101319,87886.7794997156,54,FALSE,115054.284717881
"UMP","Sample_011834",3.73688056374921,63855.6645348968,55,FALSE,83630.7290003598
"UMP","Sample_011839",4.49192617484019,75836.6760029979,56,FALSE,99364.9071251651
"UMP","Sample_011844",5.47778602815031,95650.9863377867,57,FALSE,125380.663419988
"UMP","Sample_011894",5.21662547073611,87554.5108745488,58,FALSE,114817.235690867
"UMP","Sample_011899",4.13577624342645,69388.9063214233,59,FALSE,91034.525664815
"UMP","Sample_011904",4.04354426247909,67168.9764661516,60,FALSE,88160.1729593291
"UMP","QC_S_6",3.94412965477001,68713.6772454819,61,TRUE,90226.5988258747
"Uracil","QC_S_1",62396.7924694906,10578653.6963854,1,TRUE,11331789.5691457
"Uracil","Sample_011820",44254.9356774201,9332998.24157973,3,FALSE,9748294.8251622
"Uracil","Sample_011860",71944.9939308382,15586251.1334353,4,FALSE,16079437.2013543
"Uracil","Sample_011865",51470.4484299852,9964599.41469231,5,FALSE,10154920.1427168
"Uracil","Sample_011870",51976.084909257,10613462.1112827,6,FALSE,10686252.6169654
"Uracil","Sample_011830",56573.5164280478,11447509.894779,7,FALSE,11389213.9684626
"Uracil","Sample_011835",58386.1882299195,11322810.3928872,8,FALSE,11133007.7104522
"Uracil","Sample_011840",76890.3939329201,15347934.5273319,9,FALSE,14915696.0480999
"Uracil","Sample_011890",47484.7928176515,9325832.6941289,10,FALSE,8959316.98057505
"Uracil","Sample_011895",76481.9756355734,15117580.0070332,11,FALSE,14358871.4104572
"Uracil","Sample_011900",81529.7752425583,16048321.7464244,12,FALSE,15072113.9426286
"Uracil","QC_S_2",62396.7924694906,12200929.4385971,13,TRUE,11331789.5691457
"Uracil","Sample_011821",33148.2260144454,6278181.24596032,15,FALSE,6069504.07475474
"Uracil","Sample_011861",77366.0439164375,13986604.2670222,16,FALSE,13804083.1774238
"Uracil","Sample_011866",86527.0440552721,15161797.1693977,17,FALSE,15283095.2493247
"Uracil","Sample_011871",57173.2074064122,9820997.6500932,18,FALSE,10115310.1889476
"Uracil","Sample_011831",49098.2772043287,8305626.92498577,19,FALSE,8745110.27480564
"Uracil","Sample_011836",67931.6542136629,11130685.2541522,20,FALSE,11986700.5396804
"Uracil","Sample_011841",94764.8513106899,15028056.8906467,21,FALSE,16561170.0464138
"Uracil","Sample_011891",73444.4450834532,11901548.9191273,22,FALSE,13428833.7956732
"Uracil","Sample_011896",45589.6263762696,6925545.04026711,23,FALSE,8005399.45751575
"Uracil","Sample_011901",60430.8199178329,9189511.82743914,24,FALSE,10888689.1829287
"Uracil","QC_S_3",62396.7924694906,9323697.14614002,25,TRUE,11331789.5691457
"Uracil","Sample_011822",47963.0693380492,7603692.32452142,27,FALSE,8481613.69110702
"Uracil","Sample_011862",76446.9222480383,12450407.5431983,28,FALSE,13339609.4618136
"Uracil","Sample_011867",84299.2059134267,14330810.9414303,29,FALSE,14771119.8250437
"Uracil","Sample_011872",94096.9669308991,16648630.433102,30,FALSE,16532223.2300682
"Uracil","Sample_011832",29690.6270869498,5568502.64251888,31,FALSE,5334370.55739472
"Uracil","Sample_011837",72969.6581031381,14109658.6655691,32,FALSE,13055538.446026
"Uracil","Sample_011842",78208.2426839622,15744301.1362321,33,FALSE,14087710.0156713
"Uracil","Sample_011892",79401.8977485946,16656074.956732,34,FALSE,14427824.0997684
"Uracil","Sample_011897",34881.5041139235,7671413.83159373,35,FALSE,6439578.89067408
"Uracil","Sample_011902",74502.1344710603,17092593.0006262,36,FALSE,13917449.1115093
"Uracil","QC_S_4",62396.7924694906,14334614.3570916,37,TRUE,11331789.5691457
"Uracil","Sample_011823",34042.87799274,7818510.82493661,39,FALSE,6318159.38695369
"Uracil","Sample_011863",72997.9953596582,16570149.8659825,40,FALSE,13540976.5920117
"Uracil","Sample_011868",57218.9579664811,12820933.1943058,41,FALSE,10596321.7710716
"Uracil","Sample_011873",50823.639773248,11082986.069124,42,FALSE,9265320.11199882
"Uracil","Sample_011833",46954.6551355176,10184490.4945393,43,FALSE,8613280.30390846
"Uracil","Sample_011838",45419.068251382,9696645.44411084,44,FALSE,8297270.71218059
"Uracil","Sample_011843",37321.4284016769,7830498.96306153,45,FALSE,6780283.95772101
"Uracil","Sample_011893",36987.8267573711,7712693.19692639,46,FALSE,6758819.99593535
"Uracil","Sample_011898",77646.2793694847,15783405.0266347,47,FALSE,14000226.979957
"Uracil","Sample_011903",39853.9606270096,8079010.84856805,48,FALSE,7254823.35730712
"Uracil","QC_S_5",62396.7924694906,12463190.6790953,49,TRUE,11331789.5691457
"Uracil","Sample_011824",45286.6224402916,8532085.7718013,51,FALSE,8124051.31650707
"Uracil","Sample_011864",61814.7060591609,11283582.3860682,52,FALSE,11003899.7909322
"Uracil","Sample_011869",85363.3535421618,15129654.6795327,53,FALSE,15120463.4107593
"Uracil","Sample_011874",52474.2318402437,9161859.44499385,54,FALSE,9389084.11139269
"Uracil","Sample_011834",54235.2857366027,9163628.91920484,55,FALSE,9635881.04624579
"Uracil","Sample_011839",81721.4198358264,13291843.8400297,56,FALSE,14351231.0609616
"Uracil","Sample_011844",56722.6370904906,9290500.51207836,57,FALSE,10307058.6021506
"Uracil","Sample_011894",95162.6902188234,14575401.0450792,58,FALSE,16627883.4764216
"Uracil","Sample_011899",49142.5847207313,7314331.22407986,59,FALSE,8587365.08239849
"Uracil","Sample_011904",103519.434514157,14817065.8424936,60,FALSE,17917811.1701002
"Uracil","QC_S_6",62396.7924694906,9089652.09756481,61,TRUE,11331789.5691457
"Urea","QC_S_1",1927332.78301085,31849019.681515,1,TRUE,45330306.1824985
"Urea","Sample_011820",4044608.0927142,86707472.9246391,3,FALSE,115382274.550551
"Urea","Sample_011860",6136162.52632488,137809802.713628,4,FALSE,177608123.44346
"Urea","Sample_011865",2587138.10092648,52907824.8757725,5,FALSE,66104934.6720582
"Urea","Sample_011870",4625804.4376122,101590815.664001,6,FALSE,123169973.960879
"Urea","Sample_011830",3923104.60155469,86863602.7210477,7,FALSE,102283639.764702
"Urea","Sample_011835",2307019.35140574,49774076.4121717,8,FALSE,56970408.3261098
"Urea","Sample_011840",4900192.29712548,110564668.696668,9,FALSE,123106297.56819
"Urea","Sample_011890",3899714.66369708,87911457.481737,10,FALSE,95290343.8837371
"Urea","Sample_011895",5334616.65907622,122832219.589107,11,FALSE,129706019.978703
"Urea","Sample_011900",5629525.170841,130931389.612,12,FALSE,134779982.874916
"Urea","QC_S_2",1927332.78301085,45143815.4682337,13,TRUE,45330306.1824985
"Urea","Sample_011821",3212238.58146863,76477189.6739721,15,FALSE,76172185.78328
"Urea","Sample_011861",3816377.01902203,88897987.5558841,16,FALSE,88186916.50082
"Urea","Sample_011866",5028175.50247034,116412224.516097,17,FALSE,115017940.797628
"Urea","Sample_011871",3806192.94971568,88622582.1908262,18,FALSE,87211379.626224
"Urea","Sample_011831",3094633.37305951,72829362.0723316,19,FALSE,71384504.5183332
"Urea","Sample_011836",3976502.02269525,93078928.7625097,20,FALSE,90870806.1792126
"Urea","Sample_011841",4256174.08001286,99061166.0197369,21,FALSE,96329392.5050127
"Urea","Sample_011891",2062912.46724676,50432595.5545384,22,FALSE,48849019.7782933
"Urea","Sample_011896",3429270.24766185,80830264.4649481,23,FALSE,77985595.7116572
"Urea","Sample_011901",2254262.74690899,54736174.3996153,24,FALSE,52603828.8898274
"Urea","QC_S_3",1927332.78301085,47351812.3739953,25,TRUE,45330306.1824985
"Urea","Sample_011822",3474386.83728135,84195902.7688265,27,FALSE,79569274.7253758
"Urea","Sample_011862",4334225.70278548,104305660.364261,28,FALSE,97946820.0997117
"Urea","Sample_011867",4712383.36386972,114603582.193503,29,FALSE,106936572.391541
"Urea","Sample_011872",5072573.40192995,124476868.79352,30,FALSE,115419631.682763
"Urea","Sample_011832",2267167.61749345,57249541.929167,31,FALSE,52752512.4436547
"Urea","Sample_011837",4024412.88239179,101831596.101148,32,FALSE,93250402.5225652
"Urea","Sample_011842",4202945.47464904,107734654.950609,33,FALSE,98047684.0446308
"Urea","Sample_011892",5085529.54268255,132309085.454804,34,FALSE,119674561.808853
"Urea","Sample_011897",2994395.21537417,79635798.4680919,35,FALSE,71592428.1756553
"Urea","Sample_011902",5055488.90447709,136876330.603801,36,FALSE,122306572.621178
"Urea","QC_S_4",1927332.78301085,51037407.1813314,37,TRUE,45330306.1824985
"Urea","Sample_011823",1867642.93169618,49878348.8751032,39,FALSE,44890440.367551
"Urea","Sample_011863",4962921.0978743,131592379.86527,40,FALSE,119226318.016299
"Urea","Sample_011868",4081570.90019362,107319285.386044,41,FALSE,97889981.4511218
"Urea","Sample_011873",1936710.63088803,49791567.4658661,42,FALSE,45725146.8434166
"Urea","Sample_011833",3158604.91074044,81156399.3253486,43,FALSE,75037946.3769819
"Urea","Sample_011838",3797003.67110778,96493139.9282422,44,FALSE,89832557.5427597
"Urea","Sample_011843",3868234.9490722,97087008.2926032,45,FALSE,91011899.323279
"Urea","Sample_011893",3311451.95113508,83017294.3134153,46,FALSE,78365738.6160212
"Urea","Sample_011898",5359640.23507964,131657730.179716,47,FALSE,125154299.366755
"Urea","Sample_011903",3746917.91936628,92270447.0684119,48,FALSE,88333460.1273999
"Urea","QC_S_5",1927332.78301085,47015500.9194602,49,TRUE,45330306.1824985
"Urea","Sample_011824",3837246.50922791,93305533.6965801,51,FALSE,89149340.4031548
"Urea","Sample_011864",4099091.86500459,99353362.1605617,52,FALSE,94501385.9166124
"Urea","Sample_011869",4925347.91965081,119321033.757554,53,FALSE,112986421.840434
"Urea","Sample_011874",3554154.08754015,87365009.749528,54,FALSE,82358627.4530922
"Urea","Sample_011834",3106619.2784739,76164174.3233442,55,FALSE,71481431.050818
"Urea","Sample_011839",3969983.65306574,96630832.1284614,56,FALSE,90289589.7688564
"Urea","Sample_011844",2005174.44631219,50724330.6608276,57,FALSE,47187416.5836679
"Urea","Sample_011894",5119105.14030172,125070200.285083,58,FALSE,115840392.146104
"Urea","Sample_011899",4334022.87094094,106359933.972952,59,FALSE,98081892.8521926
"Urea","Sample_011904",5017129.09869973,122487121.096993,60,FALSE,112464135.360356
"Urea","QC_S_6",1927332.78301085,49584281.4704553,61,TRUE,45330306.1824985
"Uridine","QC_S_1",1130.42957002043,685435.227585124,1,TRUE,1244981.77471332
"Uridine","Sample_011820",2814.62667195326,2490055.22358639,3,FALSE,3759854.06842801
"Uridine","Sample_011860",572.492708865818,557221.687073546,4,FALSE,775931.65924766
"Uridine","Sample_011865",1721.19101487638,1593919.80499119,5,FALSE,2059353.39169527
"Uridine","Sample_011870",2659.99885383383,2752233.91596964,6,FALSE,3316550.16969321
"Uridine","Sample_011830",2704.92990898623,2924890.64031086,7,FALSE,3302325.23120173
"Uridine","Sample_011835",1900.32139902337,2069010.66111732,8,FALSE,2197418.08369405
"Uridine","Sample_011840",2482.40806224683,2912775.27852066,9,FALSE,2920302.63578043
"Uridine","Sample_011890",809.562257840708,975658.559717541,10,FALSE,926304.675775487
"Uridine","Sample_011895",993.111463455838,1254088.51815359,11,FALSE,1130687.1380249
"Uridine","Sample_011900",2439.9537247108,3186745.2107722,12,FALSE,2735412.08875197
"Uridine","QC_S_2",1130.42957002043,1519941.46021704,13,TRUE,1244981.77471332
"Uridine","Sample_011821",1766.33831620644,2400063.09102153,15,FALSE,1961327.21478661
"Uridine","Sample_011861",718.823878440206,952881.764843418,16,FALSE,777791.01435914
"Uridine","Sample_011866",1745.85597358555,2293665.67925094,17,FALSE,1870040.93810813
"Uridine","Sample_011871",1878.658859542,2475136.47361121,18,FALSE,2015662.52648878
"Uridine","Sample_011831",1858.27114496893,2467598.18608934,19,FALSE,2007203.32876395
"Uridine","Sample_011836",2215.05512853827,2917289.26421333,20,FALSE,2370255.99317554
"Uridine","Sample_011841",2059.93169630916,2690076.49057672,21,FALSE,2183131.01550448
"Uridine","Sample_011891",713.651859236521,976188.837070066,22,FALSE,791314.265454263
"Uridine","Sample_011896",948.346825164919,1247244.78659633,23,FALSE,1009874.52678272
"Uridine","Sample_011901",1394.5102523739,1884105.50293017,24,FALSE,1523779.31715901
"Uridine","QC_S_3",1130.42957002043,1541148.29085336,25,TRUE,1244981.77471332
"Uridine","Sample_011822",2012.62016568445,2579567.68870581,27,FALSE,2158323.74595687
"Uridine","Sample_011862",918.210408810494,1140532.60109213,28,FALSE,971647.124789352
"Uridine","Sample_011867",1747.43774958901,2139927.29448693,29,FALSE,1856841.7806839
"Uridine","Sample_011872",2377.28689760045,2864972.08195863,30,FALSE,2532914.2149225
"Uridine","Sample_011832",1748.10905299437,2113666.23608687,31,FALSE,1904651.75534306
"Uridine","Sample_011837",2474.32892228277,2921958.22357833,32,FALSE,2684683.89048887
"Uridine","Sample_011842",2228.12764382658,2597076.70501237,33,FALSE,2433947.41613936
"Uridine","Sample_011892",533.063302337207,614220.452708666,34,FALSE,587397.360215017
"Uridine","Sample_011897",506.246170033778,580546.510301912,35,FALSE,566770.534033468
"Uridine","Sample_011902",2595.21075903933,2948663.21239702,36,FALSE,2939996.46488694
"Uridine","QC_S_4",1130.42957002043,1222061.24009953,37,TRUE,1244981.77471332
"Uridine","Sample_011823",1402.31644127695,1546333.7239929,39,FALSE,1578314.63560464
"Uridine","Sample_011863",774.420180667017,852703.134978504,40,FALSE,871162.081276408
"Uridine","Sample_011868",1896.07220463584,2082289.32521435,41,FALSE,2129380.70081622
"Uridine","Sample_011873",1274.94943231548,1377041.74365075,42,FALSE,1409518.8002419
"Uridine","Sample_011833",2757.05098448552,2993520.85179031,43,FALSE,3067029.62920932
"Uridine","Sample_011838",2850.52223224558,3079333.51469714,44,FALSE,3157946.15253219
"Uridine","Sample_011843",2679.53490129149,2875885.56472436,45,FALSE,2952108.34250594
"Uridine","Sample_011893",601.349636027837,648557.645264824,46,FALSE,666380.632641539
"Uridine","Sample_011898",839.86243025455,892932.357321386,47,FALSE,918344.923236847
"Uridine","Sample_011903",2153.6086611704,2309427.0311916,48,FALSE,2377417.15888403
"Uridine","QC_S_5",1130.42957002043,1208224.31515545,49,TRUE,1244981.77471332
"Uridine","Sample_011824",2453.4658080453,2620623.25020943,51,FALSE,2669107.00529329
"Uridine","Sample_011864",626.988762828817,668407.872376326,52,FALSE,676858.401841937
"Uridine","Sample_011869",2385.25005946934,2544750.9751105,53,FALSE,2562186.84629944
"Uridine","Sample_011874",2420.3534393063,2623313.6975777,54,FALSE,2626268.82390125
"Uridine","Sample_011834",2419.4001659201,2618629.25133023,55,FALSE,2606756.42209342
"Uridine","Sample_011839",2869.26009730384,3086943.01967075,56,FALSE,3055669.79008646
"Uridine","Sample_011844",1604.70448285346,1796444.23454393,57,FALSE,1768302.84760801
"Uridine","Sample_011894",857.111894658203,927832.225376576,58,FALSE,908219.939147279
"Uridine","Sample_011899",764.963444165944,832745.287016686,59,FALSE,810635.954126632
"Uridine","Sample_011904",2566.35101825697,2782552.17551869,60,FALSE,2693781.5291167
"Uridine","QC_S_6",1130.42957002043,1293080.1143694,61,TRUE,1244981.77471332
"Valine","QC_S_1",543667.489114663,21102663.841824,1,TRUE,33426699.9133915
"Valine","Sample_011820",507029.092275575,26080336.1224029,3,FALSE,37811484.1065307
"Valine","Sample_011860",424543.925252246,23095312.549921,4,FALSE,32123051.7891117
"Valine","Sample_011865",831760.462789724,41566892.0167912,5,FALSE,55557249.4541318
"Valine","Sample_011870",489612.881539102,26493686.6288312,6,FALSE,34079923.5558335
"Valine","Sample_011830",526867.842574185,28964967.0084717,7,FALSE,35909236.6954093
"Valine","Sample_011835",815050.854601333,43977521.9321511,8,FALSE,52615172.3355981
"Valine","Sample_011840",526836.797232899,29930439.4152995,9,FALSE,34599629.0783674
"Valine","Sample_011890",828944.571539404,47351918.3150454,10,FALSE,52950461.5313937
"Valine","Sample_011895",504249.093469657,29597866.5906168,11,FALSE,32050162.6481479
"Valine","Sample_011900",519650.308331665,30984935.3162864,12,FALSE,32523181.0054653
"Valine","QC_S_2",543667.489114663,32822362.1009996,13,TRUE,33426699.9133915
"Valine","Sample_011821",699426.187930928,45077014.3805634,15,FALSE,43356948.4854136
"Valine","Sample_011861",331576.274640985,21402208.4005532,16,FALSE,20029242.682376
"Valine","Sample_011866",463559.872476847,30420308.1170493,17,FALSE,27719742.4125543
"Valine","Sample_011871",557917.39269035,37638685.2085137,18,FALSE,33417999.8007997
"Valine","Sample_011831",689291.880915551,48014688.4021297,19,FALSE,41564839.0390683
"Valine","Sample_011836",399245.493541252,28239823.0042017,20,FALSE,23850165.1906359
"Valine","Sample_011841",405695.994907249,29114084.0122038,21,FALSE,24003156.377911
"Valine","Sample_011891",464860.957901975,35733790.2382043,22,FALSE,28775728.0866285
"Valine","Sample_011896",710485.58198377,53670050.6605443,23,FALSE,42237299.8570337
"Valine","Sample_011901",562584.163352676,44598796.633955,24,FALSE,34318517.6184614
"Valine","QC_S_3",543667.489114663,44405055.0024045,25,TRUE,33426699.9133915
"Valine","Sample_011822",383122.440891755,28496854.9324651,27,FALSE,22936809.8763139
"Valine","Sample_011862",358558.066507322,25405563.8140254,28,FALSE,21181977.8862607
"Valine","Sample_011867",430632.593981153,29540823.7255367,29,FALSE,25545872.409303
"Valine","Sample_011872",416844.210546919,27605362.7635233,30,FALSE,24794383.4473844
"Valine","Sample_011832",791842.047633052,51553251.4618712,31,FALSE,48164413.2106061
"Valine","Sample_011837",464154.979852172,28883975.1906784,32,FALSE,28115084.5719849
"Valine","Sample_011842",496039.407120722,29776345.5464989,33,FALSE,30250179.7041363
"Valine","Sample_011892",471830.718313893,27322432.2124798,34,FALSE,29025524.1954584
"Valine","Sample_011897",887388.556489033,49822720.8069148,35,FALSE,55462570.2122626
"Valine","Sample_011902",536146.82766865,29001295.2034803,36,FALSE,33907718.6228045
"Valine","QC_S_4",543667.489114663,27152136.3471668,37,TRUE,33426699.9133915
"Valine","Sample_011823",755046.37456119,40273333.5030281,39,FALSE,47441874.370994
"Valine","Sample_011863",458154.731024203,24951463.3950693,40,FALSE,28772336.5981997
"Valine","Sample_011868",465763.759169263,25858140.4863336,41,FALSE,29201475.0780224
"Valine","Sample_011873",630506.44209617,35171151.6586803,42,FALSE,38914199.0454065
"Valine","Sample_011833",733244.696037441,41990308.9771113,43,FALSE,45536826.3026698
"Valine","Sample_011838",464254.087761519,27002230.3907473,44,FALSE,28712874.9122626
"Valine","Sample_011843",402579.199865479,23738862.1778949,45,FALSE,24760810.7609756
"Valine","Sample_011893",803331.195332129,48555605.3489359,46,FALSE,49697048.951081
"Valine","Sample_011898",459088.665546743,27893623.9048372,47,FALSE,28024308.1975654
"Valine","Sample_011903",886059.699238346,55351149.2566201,48,FALSE,54606236.0857407
"Valine","QC_S_5",543667.489114663,34494560.2460121,49,TRUE,33426699.9133915
"Valine","Sample_011824",340424.990086159,21963297.0079571,51,FALSE,20675121.1655801
"Valine","Sample_011864",400371.8243809,25998815.1955715,52,FALSE,24129161.4110281
"Valine","Sample_011869",456000.510748861,29879260.6828047,53,FALSE,27345310.9225794
"Valine","Sample_011874",663929.189844886,44555530.1597833,54,FALSE,40218216.3636602
"Valine","Sample_011834",520216.901372061,35140420.36705,55,FALSE,31290885.8818072
"Valine","Sample_011839",393708.779424209,26642334.7066149,56,FALSE,23407350.3761643
"Valine","Sample_011844",609395.771631047,43238973.4579963,57,FALSE,37488811.4462191
"Valine","Sample_011894",400889.101694662,27712172.0004651,58,FALSE,23714742.5792373
"Valine","Sample_011899",313686.261492051,21967399.2564916,59,FALSE,18557579.6580181
"Valine","Sample_011904",397910.436896523,27955247.7657245,60,FALSE,23316979.8964415
"Valine","QC_S_6",543667.489114663,40583421.9419421,61,TRUE,33426699.9133915
"Xanthurenic Acid","QC_S_1",7.67125165596449,121136.547149714,1,TRUE,120712.365801746
"Xanthurenic Acid","Sample_011820",4.61446788395539,87686.388860694,3,FALSE,88072.0012566214
"Xanthurenic Acid","Sample_011860",3.31008245629563,63566.4459733956,4,FALSE,64100.0505051124
"Xanthurenic Acid","Sample_011865",9.07656792883221,153259.5121375,5,FALSE,155163.482510706
"Xanthurenic Acid","Sample_011870",7.54088636388936,132157.834846242,6,FALSE,134336.356525388
"Xanthurenic Acid","Sample_011830",8.85595026092941,151362.688776852,7,FALSE,154477.432455999
"Xanthurenic Acid","Sample_011835",10.6945825798738,172431.540992088,8,FALSE,176691.444301268
"Xanthurenic Acid","Sample_011840",6.39104538250736,104408.082690613,9,FALSE,107421.852094305
"Xanthurenic Acid","Sample_011890",8.56231860797786,135498.864604398,10,FALSE,139978.403035994
"Xanthurenic Acid","Sample_011895",9.29782741661917,145811.751128284,11,FALSE,151248.816389726
"Xanthurenic Acid","Sample_011900",6.67545099846766,102661.360400608,12,FALSE,106927.110623852
"Xanthurenic Acid","QC_S_2",7.67125165596449,115420.313821827,13,TRUE,120712.365801746
"Xanthurenic Acid","Sample_011821",7.87276057339688,119507.433087308,15,FALSE,124901.960574495
"Xanthurenic Acid","Sample_011861",3.99143204025012,59062.0322902276,16,FALSE,61707.1107566576
"Xanthurenic Acid","Sample_011866",10.116864815101,148243.387517543,17,FALSE,154829.850599122
"Xanthurenic Acid","Sample_011871",9.16078979300329,134504.529293209,18,FALSE,140432.899175761
"Xanthurenic Acid","Sample_011831",12.448658605371,184071.392556521,19,FALSE,192119.252967775
"Xanthurenic Acid","Sample_011836",10.8325260704325,158733.730847231,20,FALSE,165617.606479049
"Xanthurenic Acid","Sample_011841",11.4220054972497,165823.23099983,21,FALSE,172955.903915744
"Xanthurenic Acid","Sample_011891",8.77703566836593,133362.490413453,22,FALSE,139051.764371568
"Xanthurenic Acid","Sample_011896",10.0830035090227,147183.980232067,23,FALSE,153410.889628278
"Xanthurenic Acid","Sample_011901",7.62322376953356,114223.784346753,24,FALSE,119015.92547837
"Xanthurenic Acid","QC_S_3",7.67125165596449,115891.154744486,25,TRUE,120712.365801746
"Xanthurenic Acid","Sample_011822",6.59568002868533,101077.168912625,27,FALSE,101060.256223572
"Xanthurenic Acid","Sample_011862",9.73215714916619,150119.018876986,28,FALSE,147143.64782525
"Xanthurenic Acid","Sample_011867",9.3161605022122,147137.743882441,29,FALSE,141441.285665139
"Xanthurenic Acid","Sample_011872",10.0046740923941,161490.900312875,30,FALSE,152302.796414091
"Xanthurenic Acid","Sample_011832",8.97697346485271,150980.249592554,31,FALSE,139747.178396157
"Xanthurenic Acid","Sample_011837",9.338154292822,159304.178923822,32,FALSE,144764.747679267
"Xanthurenic Acid","Sample_011842",6.48788977819029,113461.363327685,33,FALSE,101260.632241574
"Xanthurenic Acid","Sample_011892",7.47797717135288,134281.020338267,34,FALSE,117734.403314703
"Xanthurenic Acid","Sample_011897",7.10100317302133,131829.351348353,35,FALSE,113587.689785996
"Xanthurenic Acid","Sample_011902",5.79582801019297,110758.351872357,36,FALSE,93811.4204032346
"Xanthurenic Acid","QC_S_4",7.67125165596449,144939.630203319,37,TRUE,120712.365801746
"Xanthurenic Acid","Sample_011823",6.17844783284142,113059.851767322,39,FALSE,99355.7461040141
"Xanthurenic Acid","Sample_011863",6.74098206570194,119889.164417528,40,FALSE,108345.660334641
"Xanthurenic Acid","Sample_011868",9.4064165385063,162278.338125642,41,FALSE,150934.560804093
"Xanthurenic Acid","Sample_011873",5.95439245055243,98171.7322208231,42,FALSE,94054.8977031601
"Xanthurenic Acid","Sample_011833",8.03800209854443,129339.948609634,43,FALSE,127757.774086161
"Xanthurenic Acid","Sample_011838",9.02565342746332,140149.973886124,44,FALSE,142864.71794279
"Xanthurenic Acid","Sample_011843",11.5182931094128,172176.144160707,45,FALSE,181312.208090385
"Xanthurenic Acid","Sample_011893",7.56690301194925,110009.113451841,46,FALSE,119806.264851652
"Xanthurenic Acid","Sample_011898",10.1999443922656,141320.820565985,47,FALSE,159353.470535235
"Xanthurenic Acid","Sample_011903",9.03925449129702,121964.394070274,48,FALSE,142572.992266211
"Xanthurenic Acid","QC_S_5",7.67125165596449,99474.9473207958,49,TRUE,120712.365801746
"Xanthurenic Acid","Sample_011824",5.34699883206556,71695.2897135608,51,FALSE,83111.6896389396
"Xanthurenic Acid","Sample_011864",12.081738428463,164348.072914297,52,FALSE,186351.778930525
"Xanthurenic Acid","Sample_011869",9.56799313879503,132339.559093798,53,FALSE,146846.562349979
"Xanthurenic Acid","Sample_011874",8.25187820302446,117760.877549623,54,FALSE,127932.016311798
"Xanthurenic Acid","Sample_011834",10.9880407139216,158966.658368611,55,FALSE,169152.746243065
"Xanthurenic Acid","Sample_011839",10.9406340708347,159659.328576753,56,FALSE,166473.473587043
"Xanthurenic Acid","Sample_011844",8.46810724075675,130439.716347531,57,FALSE,133325.732022401
"Xanthurenic Acid","Sample_011894",8.5925218644582,129781.828511436,58,FALSE,130088.88851939
"Xanthurenic Acid","Sample_011899",7.42025495882112,114250.793970034,59,FALSE,112349.218358773
"Xanthurenic Acid","Sample_011904",6.9760934099286,108410.930965491,60,FALSE,104622.392507236
"Xanthurenic Acid","QC_S_6",7.67125165596449,127411.601570334,61,TRUE,120712.365801746
